experiment_id,experiment_type,evaluation_type,is_primary,model,feature_set,split,region,region_display,support,positives,predicted_positives,positive_rate,predicted_positive_rate,threshold,precision,recall,f1,average_precision,roc_auc,brier_score,precision_error,recall_error,f1_error,average_precision_error,roc_auc_error,brier_score_error
logistic_regression_full,main_model_comparison,legacy_sampled_case_control,False,Logistic Regression (linear SGD),full features,validation,global,Global,147424,28826,95531,0.19553125678315605,0.6480016822227046,1.0,0.2878542043943851,0.9539651703323389,0.4422589801941185,0.2855645206259492,0.6937312888484787,0.4774267097256931,0.0002918084008790446,0.0005423984514343758,0.00028547140765407925,0.0006783960449608075,0.0013560017473154757,0.0006631598249872197
logistic_regression_full,main_model_comparison,legacy_sampled_case_control,False,Logistic Regression (linear SGD),full features,test,global,Global,321173,49514,196806,0.15416613476226207,0.6127725556008755,1.0,0.2436765139274209,0.9685543482651371,0.389387788242936,0.24198571085052614,0.7124738799518786,0.4763168711036003,0.0015242936338833479,0.0025229239679052827,0.002149298913700736,0.0016162553760759812,0.0026018166072043192,0.003139090697010607
logistic_regression_full,main_model_comparison,legacy_sampled_case_control,False,Logistic Regression (linear SGD),full features,test,eastern_siberia,Eastern Siberia,128260,31267,94518,0.24377826290347732,0.7369249961016685,1.0,0.3268160562009353,0.9879425592477692,0.4911555431887745,0.3262099307667461,0.6664937603668432,0.507244254145458,0.0006367941552184178,0.0037704627380742645,0.0011840344692367912,0.000797098195230996,0.0013757513598697442,0.0011664070953591307
logistic_regression_full,main_model_comparison,legacy_sampled_case_control,False,Logistic Regression (linear SGD),full features,test,far_east,Far East,10457,1230,7345,0.11762455771253706,0.7024003060151095,1.0,0.16432947583390062,0.9813008130081301,0.2815160349854227,0.16372479738420723,0.6585084776825876,0.6003274377991046,0.002074898276039191,0.0028744178097013895,0.003161194430363295,0.002093518118718469,0.005195571716722729,0.009354149440024334
logistic_regression_full,main_model_comparison,legacy_sampled_case_control,False,Logistic Regression (linear SGD),full features,test,central_asia,Central Asia,45961,2503,28362,0.05445921542177063,0.6170884010356606,1.0,0.08384458077709611,0.9500599280862965,0.1540903936497651,0.08299014271466568,0.6796518392113273,0.5719970795464392,4.863805975056587e-05,0.0006493175217506866,7.360839419168693e-05,0.00016413543675993701,0.001257604191696105,0.0004984457238611222
logistic_regression_full,main_model_comparison,legacy_sampled_case_control,False,Logistic Regression (linear SGD),full features,test,europe,Europe,52062,2848,20006,0.05470400676116938,0.3842725980561638,1.0,0.12616215135459363,0.8862359550561798,0.22088037105101951,0.11991789968584869,0.7718643929481562,0.3488342461432599,0.0008572394142894228,0.001939049674186173,0.0013745555383131215,0.0009793769166250054,0.002304138560794133,0.0017357992805395964
logistic_regression_full,main_model_comparison,legacy_sampled_case_control,False,Logistic Regression (linear SGD),full features,test_2021,global,Global,87238,24772,62094,0.28395882528256033,0.711776977922465,1.0,0.395207266402551,0.9906345874374294,0.5650081735086224,0.39451160092777665,0.6951594023034207,0.4391143729323302,0.001113698827472505,0.0008715878620013719,0.0009941530709407002,0.0010508071335688977,0.0012730693298124108,0.0014008642971770687
logistic_regression_full,main_model_comparison,legacy_sampled_case_control,False,Logistic Regression (linear SGD),full features,test_2021,eastern_siberia,Eastern Siberia,44639,19789,38354,0.4433119021483456,0.8592038352113622,1.0,0.5144443865046671,0.997069078781141,0.6787059491254321,0.5143133933916334,0.6239127249219709,0.4232649218955606,0.0024422356143180683,0.0011165683438542904,0.002383537971220247,0.0024977894651108477,0.003782457999572073,0.0041143930155373085
logistic_regression_full,main_model_comparison,legacy_sampled_case_control,False,Logistic Regression (linear SGD),full features,test_2021,far_east,Far East,2141,270,1474,0.12610929472209248,0.6884633348902383,1.0,0.17978290366350066,0.9814814814814815,0.3038990825688073,0.17914631519009308,0.6683571866896293,0.5798887154058457,0.003362065822030309,0.007856742013183912,0.004436117704624914,0.003293354073845206,0.007280049030922723,0.01623143631606416
logistic_regression_full,main_model_comparison,legacy_sampled_case_control,False,Logistic Regression (linear SGD),full features,test_2021,central_asia,Central Asia,10197,903,6593,0.08855545748749633,0.6465627145238796,1.0,0.13119975731836797,0.9579180509413068,0.2307897545357524,0.1299024393956667,0.6725251242719377,0.5690573297384234,0.000982639679301063,0.0039153199401248204,0.0016339408545126724,0.0010540991460083352,0.003200839348511818,0.0030334510432193105
logistic_regression_full,main_model_comparison,legacy_sampled_case_control,False,Logistic Regression (linear SGD),full features,test_2021,europe,Europe,11926,847,4930,0.07102129800436022,0.4133825255743753,1.0,0.16105476673427993,0.9374262101534829,0.27488315734810453,0.1566862158711149,0.7852782735730819,0.35808375309869533,0.002593757088754688,0.017531573087269794,0.004533518676873894,0.003805504450968626,0.008239445254389188,0.0022007761388693273
logistic_regression_full,main_model_comparison,legacy_sampled_case_control,False,Logistic Regression (linear SGD),full features,test_2022,global,Global,58312,4923,31509,0.08442516120181094,0.5403519001234738,1.0,0.1461487194135009,0.935405240706886,0.25279973649538867,0.14431867842393373,0.7231097137883358,0.4749430372252962,0.0020335270973553974,0.010885006696773423,0.0034401033160471016,0.002301642918042883,0.005693190526599825,0.002900119548063182
logistic_regression_full,main_model_comparison,legacy_sampled_case_control,False,Logistic Regression (linear SGD),full features,test_2022,eastern_siberia,Eastern Siberia,18946,1456,10738,0.07684999472184102,0.5667687110735775,1.0,0.13317191283292978,0.9821428571428571,0.2345415778251599,0.1322640025888726,0.7247282591622213,0.5025646412445098,0.0004167858469021761,0.0038852020944316443,0.0005366754618082891,0.00019202621267380306,7.438862500712154e-05,0.0025233472171459236
logistic_regression_full,main_model_comparison,legacy_sampled_case_control,False,Logistic Regression (linear SGD),full features,test_2022,far_east,Far East,2076,192,1434,0.09248554913294797,0.6907514450867052,1.0,0.13389121338912133,1.0,0.23616236162361623,0.13389121338912133,0.6703821656050956,0.6114850290575019,0.0018539573472752498,0.0,0.0028829325686216905,0.0018539573472752498,0.005254508989708951,0.012475557052679883
logistic_regression_full,main_model_comparison,legacy_sampled_case_control,False,Logistic Regression (linear SGD),full features,test_2022,central_asia,Central Asia,9862,698,6147,0.07077671871831272,0.6233015615493814,1.0,0.10834553440702782,0.9541547277936963,0.1945945945945946,0.10747271996620998,0.6821035095596448,0.5616432588368282,0.0017497093515635794,0.0,0.0028196530595376804,0.0014968955770723862,0.004353371451718474,0.009025175677187976
logistic_regression_full,main_model_comparison,legacy_sampled_case_control,False,Logistic Regression (linear SGD),full features,test_2022,europe,Europe,10330,382,3710,0.036979670861568247,0.3591481122942885,1.0,0.09029649595687332,0.8769633507853403,0.16373411534701857,0.08613163164780815,0.781746495388586,0.33611736678577053,0.0018073713734496487,0.020361713594376985,0.003325720937695048,0.001830228261355579,0.00515574039800603,0.0017388472304183816
logistic_regression_full,main_model_comparison,legacy_sampled_case_control,False,Logistic Regression (linear SGD),full features,test_2023,global,Global,60888,6898,35674,0.11328997503613192,0.585895414531599,1.0,0.18786791500812916,0.9715859669469411,0.31485483416329985,0.1865094302420485,0.7192341507246249,0.48711603897926103,0.0003534944079586229,0.004056658497539761,0.0007093987696913629,0.00021765342117989237,0.00014610108138681216,0.001734863677976313
logistic_regression_full,main_model_comparison,legacy_sampled_case_control,False,Logistic Regression (linear SGD),full features,test_2023,eastern_siberia,Eastern Siberia,18853,1391,12233,0.07378136105659577,0.6488622500397815,1.0,0.10872230850976866,0.9561466570812365,0.19524368761009983,0.1076770100295802,0.6672982664791849,0.5921912674549034,0.0010365618487520362,0.0,0.0016721013133475494,0.000909581003391835,0.0028056891000618886,0.006412614449998204
logistic_regression_full,main_model_comparison,legacy_sampled_case_control,False,Logistic Regression (linear SGD),full features,test_2023,far_east,Far East,2267,333,1677,0.14689016321129245,0.7397441552712837,1.0,0.19320214669051877,0.972972972972973,0.32238805970149254,0.19243631938237682,0.6375768219098106,0.610544552125325,0.0007292811040150702,0.021234437873469965,0.0021719954989635895,0.0011487691575149711,0.0032241430618120655,0.01093889251188456
logistic_regression_full,main_model_comparison,legacy_sampled_case_control,False,Logistic Regression (linear SGD),full features,test_2023,central_asia,Central Asia,9281,411,5522,0.044284021118413966,0.594978989333046,1.0,0.06990220934444041,0.9391727493917275,0.13011966964436203,0.06919541907096088,0.6861787045647183,0.5606076466736389,5.095394226027129e-05,0.0034409089108834385,5.569644266951338e-05,9.316745818895086e-05,0.0006633544800011832,0.0028725090599850942
logistic_regression_full,main_model_comparison,legacy_sampled_case_control,False,Logistic Regression (linear SGD),full features,test_2023,europe,Europe,10456,494,3628,0.04724560061208875,0.3469778117827085,1.0,0.1221058434399118,0.8967611336032388,0.21494420184376517,0.11610996627340145,0.7945345145561231,0.316220464691077,0.0008876696018678846,0.01574529269848583,0.0018283754020237152,0.0009291314546183903,0.001488648728830145,0.0008610017027633575
logistic_regression_full,main_model_comparison,legacy_sampled_case_control,False,Logistic Regression (linear SGD),full features,test_2024,global,Global,65063,9134,39005,0.1403870095138558,0.5994958732305612,1.0,0.21771567747724652,0.9297131596233852,0.352811649598039,0.2145016794943452,0.6970638532009423,0.4861679155513057,0.0013382228645239704,0.001259093271343537,0.0018473745341335412,0.0012042402563842347,0.0019513895065318624,0.004192321107367292
logistic_regression_full,main_model_comparison,legacy_sampled_case_control,False,Logistic Regression (linear SGD),full features,test_2024,eastern_siberia,Eastern Siberia,26660,6189,20303,0.23214553638409602,0.7615528882220555,1.0,0.29542432152883813,0.9691387946356439,0.45281594443605616,0.29443749633421434,0.6368662133433991,0.5506430218400409,5.411029361625978e-06,0.00015229523609443991,2.295022063030036e-05,9.190873239808547e-05,0.0002192150936946022,6.9053494032038e-05
logistic_regression_full,main_model_comparison,legacy_sampled_case_control,False,Logistic Regression (linear SGD),full features,test_2024,far_east,Far East,2229,298,1703,0.13369223867205024,0.7640197397936295,1.0,0.17439812096300647,0.9966442953020134,0.29685157421289354,0.17438926124525156,0.6346643773960009,0.6402948811969966,0.0010540129945023555,0.004745683095211722,0.0017369298579140997,0.0010633844885258063,0.0027070791969838947,0.004145107279567635
logistic_regression_full,main_model_comparison,legacy_sampled_case_control,False,Logistic Regression (linear SGD),full features,test_2024,central_asia,Central Asia,9003,187,5238,0.020770854159724537,0.5818060646451183,1.0,0.03340969835815197,0.9358288770053476,0.06451612903225806,0.03306026865971832,0.6875379111387172,0.5686735719112878,0.00010773183327173712,0.003781319685489574,0.00020985948968887155,0.00030292565061549285,0.0040768425148116,0.00025778722285917457
logistic_regression_full,main_model_comparison,legacy_sampled_case_control,False,Logistic Regression (linear SGD),full features,test_2024,europe,Europe,10472,493,3801,0.04707792207792208,0.3629679144385027,1.0,0.10313075506445672,0.795131845841785,0.18258034466697717,0.09360329689615846,0.734097791975725,0.3423744647704843,0.001329081072321426,0.014342936738063786,0.002457185489244796,0.001426299183376001,0.004072120575152478,0.000576932974891425
logistic_regression_full,main_model_comparison,legacy_sampled_case_control,False,Logistic Regression (linear SGD),full features,test_2025,global,Global,49672,3787,28524,0.07624013528748591,0.5742470607183121,1.0,0.12684055532183425,0.9553736466860312,0.223948500510662,0.12521403665031305,0.707784932877883,0.5171266693412921,0.0008241947932382917,0.010200884712199373,0.001564031197295851,0.0012772072004492688,0.004517351804940718,0.0009526511967383395
logistic_regression_full,main_model_comparison,legacy_sampled_case_control,False,Logistic Regression (linear SGD),full features,test_2025,eastern_siberia,Eastern Siberia,19162,2442,12890,0.12743972445464982,0.6726855234317921,1.0,0.18626842513576417,0.9832104832104832,0.3132011479259066,0.18559295788762462,0.6783447268495116,0.5635481978707475,8.428382086579041e-05,0.0043434077468460916,0.00010114717640279801,7.271766236255181e-05,0.0004469311153223308,0.0025196851380128384
logistic_regression_full,main_model_comparison,legacy_sampled_case_control,False,Logistic Regression (linear SGD),full features,test_2025,far_east,Far East,1744,137,1057,0.07855504587155963,0.6060779816513762,1.0,0.12204351939451277,0.9416058394160584,0.21608040201005024,0.11978168796528603,0.681075949654568,0.5477738344046614,0.0028221692711449566,0.041290906930601265,0.005514919121308615,0.003904410736477091,0.015602926716619501,0.004535557517846799
logistic_regression_full,main_model_comparison,legacy_sampled_case_control,False,Logistic Regression (linear SGD),full features,test_2025,central_asia,Central Asia,7618,304,4862,0.039905487004463114,0.6382252559726962,1.0,0.058823529411764705,0.9407894736842105,0.11072396438250097,0.05806990410034289,0.6604425722838679,0.6071392263516703,0.00038419544479342945,0.0023260091486399467,0.0006634958886034261,0.00046536767983867776,0.0030350380516878717,0.005335399063517096
logistic_regression_full,main_model_comparison,legacy_sampled_case_control,False,Logistic Regression (linear SGD),full features,test_2025,europe,Europe,8878,632,3937,0.07118720432529849,0.44345573327325977,1.0,0.14224028448056897,0.8860759493670886,0.2451302254322609,0.13613537456393682,0.7440230898295145,0.3972361692354063,0.0020521479937294952,0.004475359374598426,0.003219308377043734,0.0026134552701197124,0.006669756269013234,0.005668212240252541
logistic_regression_full,main_model_comparison,legacy_sampled_case_control,False,Logistic Regression (linear SGD),full features,test_2021-2023,global,Global,206438,36593,129277,0.17725903176740718,0.6262267605770255,1.0,0.27728830341050614,0.9796135872981171,0.4322300596852957,0.27611618570464386,0.7163131355431501,0.4633926865883284,0.0011179718870367567,0.0035903870412857712,0.0017073537156331255,0.0013817365377693737,0.002234145883469188,0.0018407900536133244
logistic_regression_full,main_model_comparison,legacy_sampled_case_control,False,Logistic Regression (linear SGD),full features,test_2021-2023,eastern_siberia,Eastern Siberia,82438,22636,61325,0.2745821101919018,0.7438923797277954,1.0,0.3667509172441908,0.993594274606821,0.5357487404866546,0.36633886343110406,0.6722886204069354,0.4801219644683484,0.00025875202461329714,0.0012875214515414685,8.849109999456035e-05,0.00022615562014282296,0.0002927540504786908,0.0007479308933905456
logistic_regression_full,main_model_comparison,legacy_sampled_case_control,False,Logistic Regression (linear SGD),full features,test_2021-2023,far_east,Far East,6484,795,4585,0.12260950030845158,0.7071252313386799,1.0,0.1703380588876772,0.9823899371069182,0.2903345724907063,0.1698142156586915,0.6575308633786265,0.6007231893392043,0.0026406989773888417,0.005336654952351301,0.0040683163126593236,0.002751183085814507,0.006795346893097744,0.007133773918834091
logistic_regression_full,main_model_comparison,legacy_sampled_case_control,False,Logistic Regression (linear SGD),full features,test_2021-2023,central_asia,Central Asia,29340,2012,18262,0.06857532379004772,0.6224267211997273,1.0,0.10497207315737597,0.9527833001988072,0.1891092039064812,0.10397174608895256,0.6807461819393941,0.5638923987310683,0.0004719546528205136,0.0030923037078128377,0.0008267710182149479,0.00046295063336415117,0.0015211407366648737,0.0006216251689467635
logistic_regression_full,main_model_comparison,legacy_sampled_case_control,False,Logistic Regression (linear SGD),full features,test_2021-2023,europe,Europe,32712,1723,12268,0.052671802396674,0.37503056982147226,1.0,0.12813824584284317,0.9123621590249564,0.2247158887856479,0.12328690946953086,0.7897587440787173,0.3377659701993749,0.0003852454167906888,0.0013430328227664236,0.000632597570953774,0.00013333852071840778,0.0016430833816290808,0.00017594212841408934
logistic_regression_full,main_model_comparison,legacy_sampled_case_control,False,Logistic Regression (linear SGD),full features,test_2021-2025,global,Global,321173,49514,196806,0.15416613476226207,0.6127725556008755,1.0,0.2436765139274209,0.9685543482651371,0.389387788242936,0.24198571085052614,0.7124738799518786,0.4763168711036003,0.00026442111515779355,0.0036697075896804042,3.842592306433508e-05,0.0002737937194192733,0.0004116408857875208,0.0019977122148166263
logistic_regression_full,main_model_comparison,legacy_sampled_case_control,False,Logistic Regression (linear SGD),full features,test_2021-2025,eastern_siberia,Eastern Siberia,128260,31267,94518,0.24377826290347732,0.7369249961016685,1.0,0.3268160562009353,0.9879425592477692,0.4911555431887745,0.3262099307667461,0.6664937603668432,0.507244254145458,6.263601497007413e-05,0.0,7.075068747817992e-05,2.0109455088344115e-05,0.00010156231898790306,0.0009347724744924196
logistic_regression_full,main_model_comparison,legacy_sampled_case_control,False,Logistic Regression (linear SGD),full features,test_2021-2025,far_east,Far East,10457,1230,7345,0.11762455771253706,0.7024003060151095,1.0,0.16432947583390062,0.9813008130081301,0.2815160349854227,0.16372479738420723,0.6585084776825876,0.6003274377991046,0.0009962400547881486,0.0017246506858208492,0.0015334662161871836,0.0010337951802805037,0.002664732036675641,0.003898104970940795
logistic_regression_full,main_model_comparison,legacy_sampled_case_control,False,Logistic Regression (linear SGD),full features,test_2021-2025,central_asia,Central Asia,45961,2503,28362,0.05445921542177063,0.6170884010356606,1.0,0.08384458077709611,0.9500599280862965,0.1540903936497651,0.08299014271466568,0.6796518392113273,0.5719970795464392,0.0007781195705011778,0.0006493175217506866,0.0013212938770847595,0.0008333761822090393,0.0036123973954773876,0.004764078331525692
logistic_regression_full,main_model_comparison,legacy_sampled_case_control,False,Logistic Regression (linear SGD),full features,test_2021-2025,europe,Europe,52062,2848,20006,0.05470400676116938,0.3842725980561638,1.0,0.12616215135459363,0.8862359550561798,0.22088037105101951,0.11991789968584869,0.7718643929481562,0.3488342461432599,0.0005928439862698171,0.01034159826232615,0.0012291276917647267,0.0010624624353485223,0.0033022441928308743,0.002051038356036652
poisson_point_process_full,main_model_comparison,legacy_sampled_case_control,False,Poisson Point-Process GLM,full features,validation,global,Global,147424,28826,68425,0.19553125678315605,0.46413745387453875,0.3036547601222992,0.337274388016076,0.8005966835495733,0.4746069449157335,0.3795113053913839,0.7702414371263732,0.143989571233604,0.00038121430482520945,0.0010847969028686731,0.0005680886573675947,0.0025759824463879965,0.0007811270383004368,0.00013448379415262297
poisson_point_process_full,main_model_comparison,legacy_sampled_case_control,False,Poisson Point-Process GLM,full features,test,global,Global,321173,49514,146177,0.15416613476226207,0.4551347716028433,0.3036547601222992,0.29631200530863266,0.8747828896877651,0.4426774864454676,0.45125413572215334,0.8367300038097026,0.12369724625549353,0.0003485196926100175,0.00045871344871007997,0.0003309861995186175,0.006390832576562919,0.0009050757727591939,0.0005087498583637866
poisson_point_process_full,main_model_comparison,legacy_sampled_case_control,False,Poisson Point-Process GLM,full features,test,eastern_siberia,Eastern Siberia,128260,31267,78246,0.24377826290347732,0.6100576953064089,0.3036547601222992,0.3776934284180661,0.9451818210893274,0.539716745957101,0.5361317396161538,0.820812220865241,0.15746261803905684,0.0022812569190991607,0.002030249166655379,0.002658255740352763,0.010435481955806828,0.005546211614833867,0.0015765528678837223
poisson_point_process_full,main_model_comparison,legacy_sampled_case_control,False,Poisson Point-Process GLM,full features,test,far_east,Far East,10457,1230,4884,0.11762455771253706,0.4670555608683179,0.3036547601222992,0.21334971334971334,0.8471544715447155,0.3408570493948315,0.3076848461899862,0.7836978080412644,0.13006481032697786,0.0005391434305401657,0.0034493013716416984,0.0004096742499200051,0.008906325525981036,0.0032129181231317283,0.0007892154960016004
poisson_point_process_full,main_model_comparison,legacy_sampled_case_control,False,Poisson Point-Process GLM,full features,test,central_asia,Central Asia,45961,2503,19525,0.05445921542177063,0.42481669241313286,0.3036547601222992,0.09382842509603073,0.7319216939672393,0.166333757036499,0.11655124141466192,0.7345275916955247,0.1023880421746297,6.123759681537727e-05,0.00584385769575665,0.00024862871227352524,0.009588659262004706,0.004436344969347188,0.0006685907937891214
poisson_point_process_full,main_model_comparison,legacy_sampled_case_control,False,Poisson Point-Process GLM,full features,test,europe,Europe,52062,2848,11718,0.05470400676116938,0.22507779186354732,0.3036547601222992,0.1443079023724185,0.59375,0.2321845393381848,0.16164913677103,0.8124624789899465,0.06978635302050616,0.0005903591933157079,0.0025853995655815377,0.0005723236677605632,0.014161789652147564,0.0009867553641882576,0.0004172127344512053
poisson_point_process_full,main_model_comparison,legacy_sampled_case_control,False,Poisson Point-Process GLM,full features,test_2021,global,Global,87238,24772,51881,0.28395882528256033,0.5947064352690341,0.3036547601222992,0.452092288120892,0.9468351364443727,0.611978657064955,0.6022181036456066,0.8368585127780851,0.15378669212954207,0.0013374764912030205,0.002116713379146234,0.0016670272757168523,0.0031881421242548154,0.0031662669852327843,0.0008484196263993349
poisson_point_process_full,main_model_comparison,legacy_sampled_case_control,False,Poisson Point-Process GLM,full features,test_2021,eastern_siberia,Eastern Siberia,44639,19789,35173,0.4433119021483456,0.787943278299245,0.3036547601222992,0.5552554516248258,0.9869119207640609,0.7106728284996907,0.6699563432805133,0.779351816594651,0.1919228655256146,0.00025205209069725977,0.001993872042596874,0.00031127203817311747,0.0051584395939133516,0.003368827149104226,0.000659982373248871
poisson_point_process_full,main_model_comparison,legacy_sampled_case_control,False,Poisson Point-Process GLM,full features,test_2021,far_east,Far East,2141,270,984,0.12610929472209248,0.459598318542737,0.3036547601222992,0.2306910569105691,0.8407407407407408,0.3620414673046252,0.44649096471518646,0.8368727359106836,0.12598346896082008,0.01222459531213441,0.013094570021973083,0.016397849919138632,0.0281041162141869,0.0144047268942946,0.006892959231913468
poisson_point_process_full,main_model_comparison,legacy_sampled_case_control,False,Poisson Point-Process GLM,full features,test_2021,central_asia,Central Asia,10197,903,4971,0.08855545748749633,0.48749632244777874,0.3036547601222992,0.14142023737678536,0.778516057585825,0.2393598910452843,0.1397637570794848,0.6974153176616882,0.12520543841523077,0.0007620799659432319,0.007047575892224694,0.0014261560707371729,0.00040780365993120933,0.0006343542894168835,0.0003942821980860744
poisson_point_process_full,main_model_comparison,legacy_sampled_case_control,False,Poisson Point-Process GLM,full features,test_2021,europe,Europe,11926,847,3014,0.07102129800436022,0.25272513835317795,0.3036547601222992,0.19741207697412078,0.7024793388429752,0.3082103082103082,0.2514276982424479,0.8386063468405984,0.07614019980990971,0.0020945528640226333,0.008348368136795148,0.0033585487596328165,0.0005161832963023541,0.00022892266810708626,0.00029915346377229485
poisson_point_process_full,main_model_comparison,legacy_sampled_case_control,False,Poisson Point-Process GLM,full features,test_2022,global,Global,58312,4923,21511,0.08442516120181094,0.36889491013856496,0.3036547601222992,0.17642136581283993,0.7708714198659354,0.2871302110917757,0.24208656385119084,0.7993871813722824,0.10370834861671287,0.004050290072774762,0.01716481825260417,0.006554906788587145,0.0025951256739011985,0.004266346189808769,0.000229494398779481
poisson_point_process_full,main_model_comparison,legacy_sampled_case_control,False,Poisson Point-Process GLM,full features,test_2022,eastern_siberia,Eastern Siberia,18946,1456,7772,0.07684999472184102,0.4102185157816953,0.3036547601222992,0.16598044261451364,0.885989010989011,0.2795838751625488,0.2209678745309035,0.8069652046067141,0.11457586347045841,0.001047277809010115,0.011655606283294775,0.002061838897345374,0.00989853644211671,0.005512394260925103,0.001173407401183635
poisson_point_process_full,main_model_comparison,legacy_sampled_case_control,False,Poisson Point-Process GLM,full features,test_2022,far_east,Far East,2076,192,958,0.09248554913294797,0.4614643545279383,0.3036547601222992,0.1837160751565762,0.9166666666666666,0.3060869565217391,0.2657282215051342,0.8037060996107571,0.12116602368196724,0.0020815509717378145,0.003682847818679961,0.003101437566677878,0.023853941916572308,0.009115243831478048,0.0038561817400989797
poisson_point_process_full,main_model_comparison,legacy_sampled_case_control,False,Poisson Point-Process GLM,full features,test_2022,central_asia,Central Asia,9862,698,4295,0.07077671871831272,0.435510038531738,0.3036547601222992,0.12479627473806752,0.7679083094555874,0.2147005808131384,0.20848615767725748,0.7571136870449834,0.10374707756066648,4.131649098645661e-05,0.012156563573407749,0.0004226169020159544,0.025340836841459564,0.004920750712417254,0.0009948623630104954
poisson_point_process_full,main_model_comparison,legacy_sampled_case_control,False,Poisson Point-Process GLM,full features,test_2022,europe,Europe,10330,382,2242,0.036979670861568247,0.2170377541142304,0.3036547601222992,0.10570918822479929,0.6204188481675392,0.18064024390243902,0.11679655399815067,0.8355490435079167,0.06027662238376707,0.008976887676127426,0.04812768667761843,0.015150636252622727,0.009296173140046616,0.010251378870627352,0.0010537138957206985
poisson_point_process_full,main_model_comparison,legacy_sampled_case_control,False,Poisson Point-Process GLM,full features,test_2023,global,Global,60888,6898,25777,0.11328997503613192,0.4233510708185521,0.3036547601222992,0.22361019513519803,0.8356045230501594,0.3528079571537873,0.3475100615379024,0.8120816900630901,0.11609249101366302,0.0009403792886248583,0.006865114380451915,0.0017802928178867932,0.004439919878133878,0.0019804236490980455,4.809498949812225e-06
poisson_point_process_full,main_model_comparison,legacy_sampled_case_control,False,Poisson Point-Process GLM,full features,test_2023,eastern_siberia,Eastern Siberia,18853,1391,9324,0.07378136105659577,0.49456319949079725,0.3036547601222992,0.12280137280137281,0.8231488138030194,0.21371908539430703,0.20341208790639229,0.743029909621558,0.12874208770734352,0.0004634395466162205,0.01677535857595692,0.00014548273404065408,0.0008922962683302839,0.004071789875609627,0.0010765880749570497
poisson_point_process_full,main_model_comparison,legacy_sampled_case_control,False,Poisson Point-Process GLM,full features,test_2023,far_east,Far East,2267,333,1157,0.14689016321129245,0.5103661226290251,0.3036547601222992,0.25237683664649957,0.8768768768768769,0.3919463087248322,0.2542741505849101,0.7182937849949225,0.14688230703605373,0.0019642121692227685,0.016987550298775928,0.004073248238323705,0.004704487752270745,0.010989425474434282,0.0005461501253664934
poisson_point_process_full,main_model_comparison,legacy_sampled_case_control,False,Poisson Point-Process GLM,full features,test_2023,central_asia,Central Asia,9281,411,3718,0.044284021118413966,0.40060338325611466,0.3036547601222992,0.06993006993006994,0.6326034063260341,0.12593848389440543,0.08999634800334094,0.715873786540925,0.10319934184562965,0.0019230336689002976,0.018924999009858914,0.0034930833256016968,0.0012447654088149664,0.0013967297106691834,2.9692394092096643e-05
poisson_point_process_full,main_model_comparison,legacy_sampled_case_control,False,Poisson Point-Process GLM,full features,test_2023,europe,Europe,10456,494,1850,0.04724560061208875,0.1769319051262433,0.3036547601222992,0.11405405405405405,0.4271255060728745,0.18003412969283278,0.1081963399312952,0.7975177130586105,0.06230787101471249,0.007960333210287758,0.022902243925070346,0.011956077122896251,0.00588913434085969,0.0023887635844602947,0.0006013290989521627
poisson_point_process_full,main_model_comparison,legacy_sampled_case_control,False,Poisson Point-Process GLM,full features,test_2024,global,Global,65063,9134,28549,0.1403870095138558,0.43879009575334676,0.3036547601222992,0.25521034011699184,0.7976790015327349,0.3866995727516387,0.344774290014245,0.7920727281765942,0.12636736839242535,0.004332348163310351,0.00705092231952398,0.005794904419575841,0.007736574462121912,0.003069838133954452,0.000989733266554467
poisson_point_process_full,main_model_comparison,legacy_sampled_case_control,False,Poisson Point-Process GLM,full features,test_2024,eastern_siberia,Eastern Siberia,26660,6189,16627,0.23214553638409602,0.6236684171042761,0.3036547601222992,0.32537439105070065,0.8741315236710292,0.4742286115007013,0.4088512930970399,0.7371584631910431,0.17341690628463718,1.5564411651717348e-05,0.0003045904721889584,2.8442156928389557e-05,0.0018870943744232693,0.00011086204625256051,0.00014996229185809922
poisson_point_process_full,main_model_comparison,legacy_sampled_case_control,False,Poisson Point-Process GLM,full features,test_2024,far_east,Far East,2229,298,1274,0.13369223867205024,0.5715567519066846,0.3036547601222992,0.2150706436420722,0.9194630872483222,0.3486005089058524,0.302869678787086,0.7806088579482063,0.14820950930272464,0.0004165749286783854,0.004745683095211722,0.0008990783360793307,0.0272491781362412,0.003636063251872493,0.0015433516093711437
poisson_point_process_full,main_model_comparison,legacy_sampled_case_control,False,Poisson Point-Process GLM,full features,test_2024,central_asia,Central Asia,9003,187,3364,0.020770854159724537,0.37365322670221035,0.3036547601222992,0.04221165279429251,0.7593582887700535,0.07997747113489158,0.09815993344037602,0.8167072265302756,0.07923553302773964,0.0022697753118304503,0.03403187716940601,0.004262874662445441,0.010396188363468948,0.015222213661300403,0.0007353853262865285
poisson_point_process_full,main_model_comparison,legacy_sampled_case_control,False,Poisson Point-Process GLM,full features,test_2024,europe,Europe,10472,493,2355,0.04707792207792208,0.2248854087089381,0.3036547601222992,0.11804670912951168,0.563894523326572,0.1952247191011236,0.13280118395487328,0.7961447233917394,0.06872988070633812,0.006756244301687207,0.028685873476127728,0.010971498891118588,0.008513782038505701,0.011174238638781826,0.0008219342171232407
poisson_point_process_full,main_model_comparison,legacy_sampled_case_control,False,Poisson Point-Process GLM,full features,test_2025,global,Global,49672,3787,18459,0.07624013528748591,0.37161781285231116,0.3036547601222992,0.163280784441194,0.7958806443094798,0.270970062033624,0.2507274179523893,0.8103134611767361,0.10014195757216508,0.00045373317745479186,0.0069551486674086565,0.0010261937882594643,0.004680036942898544,0.005031223411490988,3.949140912410021e-05
poisson_point_process_full,main_model_comparison,legacy_sampled_case_control,False,Poisson Point-Process GLM,full features,test_2025,eastern_siberia,Eastern Siberia,19162,2442,9350,0.12743972445464982,0.48794489092996557,0.3036547601222992,0.23294117647058823,0.8918918918918919,0.3694029850746269,0.3531891267416798,0.824909319661114,0.125649044206515,0.0013704519860388493,0.0002895605164563904,0.0017466438160567042,0.00065815659875211,0.0004669336509987258,6.065373516259328e-05
poisson_point_process_full,main_model_comparison,legacy_sampled_case_control,False,Poisson Point-Process GLM,full features,test_2025,far_east,Far East,1744,137,511,0.07855504587155963,0.2930045871559633,0.3036547601222992,0.14285714285714285,0.5328467153284672,0.22530864197530864,0.24129733863159875,0.74800939321127,0.10061654993911749,0.00497122315232386,0.046452270296926425,0.010218125163797574,0.053577669585470306,0.035320169844105735,0.0026020437590337847
poisson_point_process_full,main_model_comparison,legacy_sampled_case_control,False,Poisson Point-Process GLM,full features,test_2025,central_asia,Central Asia,7618,304,3177,0.039905487004463114,0.4170385928065109,0.3036547601222992,0.06011960969468052,0.6282894736842105,0.10973858086756678,0.05630363275564827,0.6603717366118332,0.09646005204078843,0.0016657806722533218,0.013956054891839757,0.002987108235283008,0.0028890131623562428,0.005832832074816107,0.00025505028101043627
poisson_point_process_full,main_model_comparison,legacy_sampled_case_control,False,Poisson Point-Process GLM,full features,test_2025,europe,Europe,8878,632,2257,0.07118720432529849,0.2542239243072764,0.3036547601222992,0.16393442622950818,0.5854430379746836,0.25614399446175146,0.1826885260689715,0.7769952520132508,0.08237003477243611,0.007049002822736885,0.020139117185692758,0.01052427233189864,0.002247815131963069,0.00521971486601995,0.0007194478740253964
poisson_point_process_full,main_model_comparison,legacy_sampled_case_control,False,Poisson Point-Process GLM,full features,test_2021-2023,global,Global,206438,36593,99169,0.17725903176740718,0.4803815189064029,0.3036547601222992,0.3329064526212829,0.902194408766704,0.486351114450288,0.49574161314550214,0.8450847913059683,0.1285234514254869,0.002566096675984829,0.01156902491080949,0.004420435319345154,0.012117908480598403,0.006931723483440046,0.0017184660396901044
poisson_point_process_full,main_model_comparison,legacy_sampled_case_control,False,Poisson Point-Process GLM,full features,test_2021-2023,eastern_siberia,Eastern Siberia,82438,22636,52269,0.2745821101919018,0.63404012712584,0.3036547601222992,0.4202299642235359,0.9703569535253579,0.5864762031907083,0.5799937548257478,0.8327886395724965,0.1596978782000505,0.0002529544266627601,0.000257504290308278,0.00029327157652542056,0.005600939337851502,0.00046577251077138215,0.0003599586339588569
poisson_point_process_full,main_model_comparison,legacy_sampled_case_control,False,Poisson Point-Process GLM,full features,test_2021-2023,far_east,Far East,6484,795,3099,0.12260950030845158,0.4779457125231339,0.3036547601222992,0.22426589222329785,0.8742138364779874,0.3569594247560349,0.321634133071296,0.7827383972821875,0.13174791213134077,0.003935084907609506,0.0,0.004979762340831308,0.015482318563955995,0.00017948320985825293,0.001428961670470208
poisson_point_process_full,main_model_comparison,legacy_sampled_case_control,False,Poisson Point-Process GLM,full features,test_2021-2023,central_asia,Central Asia,29340,2012,12984,0.06857532379004772,0.4425357873210634,0.3036547601222992,0.11544978434996919,0.7450298210735586,0.19991997866097627,0.1362213046342958,0.726859559490248,0.11103158234808076,0.0006611174913637465,0.007215375318230085,0.0012513138582809953,0.0031336789369012592,0.005278604593996243,0.0003373065199264847
poisson_point_process_full,main_model_comparison,legacy_sampled_case_control,False,Poisson Point-Process GLM,full features,test_2021-2023,europe,Europe,32712,1723,7106,0.052671802396674,0.21722915138175594,0.3036547601222992,0.14677737123557558,0.6053395240858966,0.236266847887643,0.16732659658810467,0.8276736636951305,0.06670936144189078,0.004035266348963174,0.015444877461814383,0.006402775155131717,0.0038714851883124243,0.005426304132930027,0.0006699003513527759
poisson_point_process_full,main_model_comparison,legacy_sampled_case_control,False,Poisson Point-Process GLM,full features,test_2021-2025,global,Global,321173,49514,146177,0.15416613476226207,0.4551347716028433,0.3036547601222992,0.29631200530863266,0.8747828896877651,0.4426774864454676,0.45125413572215334,0.8367300038097026,0.12369724625549353,0.0031387086388708534,0.0009174268974200814,0.0033911145695729324,0.008993465935193543,0.004912595434461501,0.0011280439224708207
poisson_point_process_full,main_model_comparison,legacy_sampled_case_control,False,Poisson Point-Process GLM,full features,test_2021-2025,eastern_siberia,Eastern Siberia,128260,31267,78246,0.24377826290347732,0.6100576953064089,0.3036547601222992,0.3776934284180661,0.9451818210893274,0.539716745957101,0.5361317396161538,0.820812220865241,0.15746261803905684,0.0014345849866807666,0.00014501779761824697,0.0014393943999930555,0.003909964414217387,0.0010249672684146502,7.719839856531804e-06
poisson_point_process_full,main_model_comparison,legacy_sampled_case_control,False,Poisson Point-Process GLM,full features,test_2021-2025,far_east,Far East,10457,1230,4884,0.11762455771253706,0.4670555608683179,0.3036547601222992,0.21334971334971334,0.8471544715447155,0.3408570493948315,0.3076848461899862,0.7836978080412644,0.13006481032697786,0.0007104481199428619,0.0034493013716416984,0.0011856954051553414,0.0008439751973056784,0.0007681521009170621,0.00012429031791921322
poisson_point_process_full,main_model_comparison,legacy_sampled_case_control,False,Poisson Point-Process GLM,full features,test_2021-2025,central_asia,Central Asia,45961,2503,19525,0.05445921542177063,0.42481669241313286,0.3036547601222992,0.09382842509603073,0.7319216939672393,0.166333757036499,0.11655124141466192,0.7345275916955247,0.1023880421746297,0.0024274732444250417,0.015583620522017576,0.004216631238349118,0.006969658602170318,0.00848322303323099,0.00048718058097152206
poisson_point_process_full,main_model_comparison,legacy_sampled_case_control,False,Poisson Point-Process GLM,full features,test_2021-2025,europe,Europe,52062,2848,11718,0.05470400676116938,0.22507779186354732,0.3036547601222992,0.1443079023724185,0.59375,0.2321845393381848,0.16164913677103,0.8124624789899465,0.06978635302050616,0.003097582880897257,0.02132954641604759,0.005642137253823338,0.0008605951467500353,0.007407554023495339,0.0002510631362470261
catboost_full,main_model_comparison,legacy_sampled_case_control,False,CatBoost,all features,validation,global,Global,147424,28826,47276,0.19553125678315605,0.32068048621662687,0.4920829446562272,0.40976393941957867,0.6720321931589537,0.5091061995742556,0.4520724582229606,0.7998343976028908,0.16051164081886823,0.001201535296913158,0.003977588643851749,0.0002007820379324023,0.011713373290272298,0.0033653437637003666,0.0004183030203273122
catboost_full,main_model_comparison,legacy_sampled_case_control,False,CatBoost,all features,test,global,Global,321173,49514,105148,0.15416613476226207,0.32738742048677816,0.4920829446562272,0.3866930421881538,0.8211818879508825,0.5257917264745057,0.54627891056253,0.8694764922273414,0.14869584247424097,0.003961303216370146,0.0018348537948401629,0.004048385807888288,0.003915456891489145,0.001692490474861017,0.00011689840442403589
catboost_full,main_model_comparison,legacy_sampled_case_control,False,CatBoost,all features,test,eastern_siberia,Eastern Siberia,128260,31267,65599,0.24377826290347732,0.511453297988461,0.4920829446562272,0.43778106373572767,0.9184763488662168,0.5929428282369459,0.6302041747524663,0.8549782337727195,0.18610827615782555,0.0007167871503937428,0.003915480535692511,0.0014751799720204705,0.003880753966746449,0.002419823888913524,0.0007929777288713092
catboost_full,main_model_comparison,legacy_sampled_case_control,False,CatBoost,all features,test,far_east,Far East,10457,1230,2778,0.11762455771253706,0.2656593669312422,0.4920829446562272,0.30345572354211664,0.6853658536585366,0.42065868263473055,0.3490091183495905,0.8195531671367434,0.15084377717728992,0.0017474582440167373,0.008623253429104246,0.0033251134286332884,0.007318459658032298,0.0027668179493490663,0.0004473403557209436
catboost_full,main_model_comparison,legacy_sampled_case_control,False,CatBoost,all features,test,central_asia,Central Asia,45961,2503,11178,0.05445921542177063,0.2432061965579513,0.4920829446562272,0.1343710860619073,0.600079904115062,0.2195745925005482,0.15673435638012506,0.7897245841692071,0.14616752925301987,0.00464147219907865,0.01688225556551903,0.007330577037581582,0.015828456774160428,0.009084694118169343,0.0006365233100845666
catboost_full,main_model_comparison,legacy_sampled_case_control,False,CatBoost,all features,test,europe,Europe,52062,2848,4413,0.05470400676116938,0.08476431946525297,0.4920829446562272,0.22818944029005211,0.3535814606741573,0.2773722627737226,0.20493888954481776,0.8420446276420386,0.0844342892116714,0.006532897632214964,0.009048898479535343,0.0076026807475035535,0.0033182762815813617,0.001991954913630537,0.00016627684021783262
catboost_full,main_model_comparison,legacy_sampled_case_control,False,CatBoost,all features,test_2021,global,Global,87238,24772,44149,0.28395882528256033,0.5060753341433779,0.4920829446562272,0.5139414256268545,0.9159534958824479,0.6584350198052843,0.6679063511686755,0.8607756971479874,0.1719389296662025,0.0005820374141297249,0.0016186631722882733,5.4580028934063156e-05,0.005448920825391068,0.0010259961199564373,0.0006373053741249812
catboost_full,main_model_comparison,legacy_sampled_case_control,False,CatBoost,all features,test_2021,eastern_siberia,Eastern Siberia,44639,19789,33185,0.4433119021483456,0.7434082304711127,0.4920829446562272,0.5833057104113304,0.978169690231947,0.7308113414127685,0.7214348812099487,0.8014260722249511,0.201773365885387,0.0013416575046354237,0.0008773036987425838,0.000805919923666427,0.0010711574085830113,0.0014552185742182791,0.0006167369811697394
catboost_full,main_model_comparison,legacy_sampled_case_control,False,CatBoost,all features,test_2021,far_east,Far East,2141,270,619,0.12610929472209248,0.28911723493694536,0.4920829446562272,0.3344103392568659,0.7666666666666667,0.46569178852643417,0.4292843739908073,0.8436239285784983,0.14993392981915613,0.022269133382777806,0.013094570021973083,0.024322386397368036,0.05383706638897778,0.017950968813126057,0.00886361729255996
catboost_full,main_model_comparison,legacy_sampled_case_control,False,CatBoost,all features,test_2021,central_asia,Central Asia,10197,903,3490,0.08855545748749633,0.34225752672354615,0.4920829446562272,0.17363896848137536,0.6710963455149501,0.27589346687912586,0.2057136311987202,0.7680995324148446,0.169651442718587,0.0038082020579929756,0.01644434374852439,0.006196976915192281,0.011267742399519031,0.00020789868629773499,0.00027040253672587175
catboost_full,main_model_comparison,legacy_sampled_case_control,False,CatBoost,all features,test_2021,europe,Europe,11926,847,1077,0.07102129800436022,0.09030689250377327,0.4920829446562272,0.3008356545961003,0.3825265643447462,0.3367983367983368,0.2642483106035508,0.8596956834531606,0.09165718306192562,0.007616190505184971,0.01419222583255172,0.010281125767476066,0.0017405755040546646,0.0015233002623827026,4.037102184444509e-05
catboost_full,main_model_comparison,legacy_sampled_case_control,False,CatBoost,all features,test_2022,global,Global,58312,4923,12327,0.08442516120181094,0.21139731101660036,0.4920829446562272,0.2345258375922771,0.5872435506804794,0.33518840579710146,0.25704638502424976,0.816282511527131,0.13228728807885237,0.002785408044940985,0.0050238492446646925,0.0036630577702844967,0.006321963098996343,0.0004414033163922527,0.00023400277349865057
catboost_full,main_model_comparison,legacy_sampled_case_control,False,CatBoost,all features,test_2022,eastern_siberia,Eastern Siberia,18946,1456,5188,0.07684999472184102,0.2738308877863401,0.4920829446562272,0.17444101773323054,0.6215659340659341,0.2724262492474413,0.22425660948293474,0.8014568175535157,0.15734187216657625,0.007358099196562726,0.015055158115922396,0.010422147965353415,0.004984649634407018,0.007476098464171288,0.001537881235660479
catboost_full,main_model_comparison,legacy_sampled_case_control,False,CatBoost,all features,test_2022,far_east,Far East,2076,192,444,0.09248554913294797,0.2138728323699422,0.4920829446562272,0.25675675675675674,0.59375,0.3584905660377358,0.2930376814497801,0.8037060996107571,0.14032563435199427,0.017709526404635235,0.029462782549439452,0.02261784628516681,0.03729098701912285,0.0211841941672158,0.003955248336038063
catboost_full,main_model_comparison,legacy_sampled_case_control,False,CatBoost,all features,test_2022,central_asia,Central Asia,9862,698,2250,0.07077671871831272,0.22814844859054959,0.4920829446562272,0.15866666666666668,0.5114613180515759,0.24219810040705564,0.17143645048304942,0.767395135943689,0.14603804452453298,0.009546691006287671,0.03950883161357497,0.015597034701530446,0.018295589205205236,0.005964363749071198,0.0007031340634166646
catboost_full,main_model_comparison,legacy_sampled_case_control,False,CatBoost,all features,test_2022,europe,Europe,10330,382,719,0.036979670861568247,0.06960309777347531,0.4920829446562272,0.15855354659248957,0.29842931937172773,0.20708446866485014,0.15283663828008123,0.8578437719071107,0.07495452020796645,0.022246917274921202,0.0444255569331862,0.029657167123177872,0.02478026023681261,0.012941916920467323,0.0009094344395743614
catboost_full,main_model_comparison,legacy_sampled_case_control,False,CatBoost,all features,test_2023,global,Global,60888,6898,18558,0.11328997503613192,0.3047891210090658,0.4920829446562272,0.29749973057441537,0.8003769208466223,0.43376807039597737,0.40775340155630646,0.8455419941549263,0.14795164423564963,9.488689283621204e-05,0.006241013073138112,0.001030880314837669,0.0008587653067532271,0.0005998713676450456,0.0005413295313633167
catboost_full,main_model_comparison,legacy_sampled_case_control,False,CatBoost,all features,test_2023,eastern_siberia,Eastern Siberia,18853,1391,7111,0.07378136105659577,0.37718135044820456,0.4920829446562272,0.16270566727605118,0.8317757009345794,0.27217125382262997,0.3260535506094973,0.8199918714322756,0.18147425734648617,0.0018162083551039154,0.003050065195628524,0.0023896759758783638,0.0037188400611114143,0.0017873559044019414,0.0020277247830849054
catboost_full,main_model_comparison,legacy_sampled_case_control,False,CatBoost,all features,test_2023,far_east,Far East,2267,333,704,0.14689016321129245,0.3105425672695192,0.4920829446562272,0.36363636363636365,0.7687687687687688,0.49373191899710706,0.3577736217978907,0.8239881556841225,0.15678176830637702,0.012000381579284984,0.019110994086122948,0.015000193047532173,0.008942983345946393,0.0037561019630372914,0.00014591494854118556
catboost_full,main_model_comparison,legacy_sampled_case_control,False,CatBoost,all features,test_2023,central_asia,Central Asia,9281,411,2552,0.044284021118413966,0.27497036957224436,0.4920829446562272,0.12931034482758622,0.8029197080291971,0.22274721565980427,0.1538442477870802,0.8354910206085744,0.14675733944677555,0.0007142461049914891,0.017204544554417195,0.0017061148401272103,0.009275292871067585,0.012533908332654286,0.00055624180713034
catboost_full,main_model_comparison,legacy_sampled_case_control,False,CatBoost,all features,test_2023,europe,Europe,10456,494,763,0.04724560061208875,0.07297245600612089,0.4920829446562272,0.22280471821756226,0.3441295546558704,0.27048528241845665,0.1898181375148025,0.8551243713967327,0.07707081890203239,0.0009903456319139481,0.004294170735950694,0.0020596520952877646,0.011469159712964125,0.008918385980382882,0.00026179667552917043
catboost_full,main_model_comparison,legacy_sampled_case_control,False,CatBoost,all features,test_2024,global,Global,65063,9134,20383,0.1403870095138558,0.31328097382536924,0.4920829446562272,0.3396457832507482,0.7579373768338078,0.46908561168140395,0.43550132415093157,0.842139741648972,0.1493989143033993,0.00015282597834780895,0.002770005196955812,0.00039273328768826664,0.0061111822087264595,0.0013458280410767564,0.0005797844874190229
catboost_full,main_model_comparison,legacy_sampled_case_control,False,CatBoost,all features,test_2024,eastern_siberia,Eastern Siberia,26660,6189,13989,0.23214553638409602,0.5247186796699175,0.4920829446562272,0.3724354850239474,0.8418161253837454,0.5164040043611855,0.4783162209157108,0.7759368661525675,0.20151197385784828,0.0006728870643492425,0.003959676138455831,0.0013958383933730797,0.0027070885800716876,0.0001610370639655616,0.00012796836764744854
catboost_full,main_model_comparison,legacy_sampled_case_control,False,CatBoost,all features,test_2024,far_east,Far East,2229,298,774,0.13369223867205024,0.3472409152086137,0.4920829446562272,0.24935400516795866,0.6476510067114094,0.36007462686567165,0.3028753947257701,0.7575759682189914,0.18110218831846436,0.014761997717136993,0.026101257023664507,0.019354617066643792,0.0034032973627291666,0.016222199736260406,0.003952534879043978
catboost_full,main_model_comparison,legacy_sampled_case_control,False,CatBoost,all features,test_2024,central_asia,Central Asia,9003,187,1318,0.020770854159724537,0.1463956458958125,0.4920829446562272,0.05993930197268589,0.42245989304812837,0.10498338870431893,0.08589636840555895,0.7879396478934753,0.12199758996256732,0.007616943372051586,0.037813196854895585,0.012853799689821567,0.008462097927686704,0.01809251667120239,0.0010040362480667935
catboost_full,main_model_comparison,legacy_sampled_case_control,False,CatBoost,all features,test_2024,europe,Europe,10472,493,940,0.04707792207792208,0.08976317799847211,0.4920829446562272,0.17659574468085107,0.3367139959432049,0.2316817864619679,0.17105911448338812,0.8092946506121272,0.08359621565696185,0.005976549394136171,0.008605762042838326,0.003350593242009848,0.0037560758487391903,0.010588030927726724,0.00010726169534394653
catboost_full,main_model_comparison,legacy_sampled_case_control,False,CatBoost,all features,test_2025,global,Global,49672,3787,9731,0.07624013528748591,0.19590513770333387,0.4920829446562272,0.27078409207686777,0.695801425930816,0.3898505696108892,0.4239983954821372,0.8524118990833072,0.12712843957889522,0.007017252497470949,0.0032457360447907166,0.007790984558438626,0.00014880250504560732,0.005074453879978506,0.00019159633579905017
catboost_full,main_model_comparison,legacy_sampled_case_control,False,CatBoost,all features,test_2025,eastern_siberia,Eastern Siberia,19162,2442,6126,0.12743972445464982,0.31969523014299134,0.4920829446562272,0.34100555011426703,0.8554463554463555,0.4876283846872082,0.5351379700958673,0.8746555983996175,0.1611858737800555,0.002857976922605167,0.00202692361519489,0.0032378923391597043,0.0012777232696251249,0.004003243412860586,0.0008421777360849391
catboost_full,main_model_comparison,legacy_sampled_case_control,False,CatBoost,all features,test_2025,far_east,Far East,1744,137,237,0.07855504587155963,0.13589449541284404,0.4920829446562272,0.3080168776371308,0.5328467153284672,0.39037433155080214,0.41169742651371566,0.8393751788480143,0.11808931810375788,0.021414640858508804,0.06193636039590193,0.03315665319165386,0.10080250089735217,0.04264628673183918,0.003041230891124955
catboost_full,main_model_comparison,legacy_sampled_case_control,False,CatBoost,all features,test_2025,central_asia,Central Asia,7618,304,1568,0.039905487004463114,0.20582830139144132,0.4920829446562272,0.08290816326530612,0.4276315789473684,0.1388888888888889,0.08285661358255467,0.7261094890117006,0.14274661140156897,0.0003685080210651549,0.006978027445919879,0.0008872896353423732,0.002885099334428085,0.01055433806678823,0.0008633096986048593
catboost_full,main_model_comparison,legacy_sampled_case_control,False,CatBoost,all features,test_2025,europe,Europe,8878,632,914,0.07118720432529849,0.10295111511601712,0.4920829446562272,0.2549234135667396,0.3686708860759494,0.3014230271668823,0.23419692575444856,0.8141360061034579,0.0954226349621382,0.006405654256367734,0.008950718749196772,0.0074692207322378254,0.01619405565971892,0.0011917693144187292,0.0003806597925838624
catboost_full,main_model_comparison,legacy_sampled_case_control,False,CatBoost,all features,test_2021-2023,global,Global,206438,36593,75034,0.17725903176740718,0.3634699037967816,0.4920829446562272,0.4145054242076925,0.8499439783565162,0.557248694312308,0.581543694087822,0.87165885735908,0.15366368790094095,0.001106401048009551,0.0021941254141190124,0.000523603158742155,0.0016999180811163672,0.0039963253958505245,0.001376520870841176
catboost_full,main_model_comparison,legacy_sampled_case_control,False,CatBoost,all features,test_2021-2023,eastern_siberia,Eastern Siberia,82438,22636,45484,0.2745821101919018,0.5517358499721002,0.4920829446562272,0.47091284847418874,0.946236084113801,0.6288608338226659,0.6706191195797011,0.8633809856085192,0.18691980110603176,0.002310979521905848,0.00012875214515409975,0.002028394378345299,0.0024539614637184835,0.0009065586922978659,0.0003118365579261538
catboost_full,main_model_comparison,legacy_sampled_case_control,False,CatBoost,all features,test_2021-2023,far_east,Far East,6484,795,1767,0.12260950030845158,0.27251696483652066,0.4920829446562272,0.3265421618562535,0.7257861635220125,0.45042935206869633,0.3653166566982729,0.8293859605483825,0.14925182439977022,0.0074679480721984645,0.003557769968234201,0.007862174531228632,0.005738093259950799,0.004081210548900726,0.0017375203167488856
catboost_full,main_model_comparison,legacy_sampled_case_control,False,CatBoost,all features,test_2021-2023,central_asia,Central Asia,29340,2012,8292,0.06857532379004772,0.28261758691206545,0.4920829446562272,0.15593342981186686,0.6426441351888668,0.2509704968944099,0.1792498449743032,0.7861623711332706,0.15447231846993525,0.0010444387223867483,0.004638455561719335,0.000992754652150165,0.006896064768342445,0.002073349684702148,0.0007381665184595581
catboost_full,main_model_comparison,legacy_sampled_case_control,False,CatBoost,all features,test_2021-2023,europe,Europe,32712,1723,2559,0.052671802396674,0.07822817314746881,0.4920829446562272,0.23759280969128566,0.3528728961114335,0.28397944885567494,0.208970251855453,0.8601312239920679,0.08172035465225207,0.00994312746633284,0.018802459518730597,0.013229531367940953,6.835651715402428e-05,0.005352461073705954,0.00010667949779480111
catboost_full,main_model_comparison,legacy_sampled_case_control,False,CatBoost,all features,test_2021-2025,global,Global,321173,49514,105148,0.15416613476226207,0.32738742048677816,0.4920829446562272,0.3866930421881538,0.8211818879508825,0.5257917264745057,0.54627891056253,0.8694764922273414,0.14869584247424097,0.004740898953927283,0.005275204660165606,0.00546004789362184,0.0008530944872809891,0.002112632079816754,0.0009146946332881712
catboost_full,main_model_comparison,legacy_sampled_case_control,False,CatBoost,all features,test_2021-2025,eastern_siberia,Eastern Siberia,128260,31267,65599,0.24377826290347732,0.511453297988461,0.4920829446562272,0.43778106373572767,0.9184763488662168,0.5929428282369459,0.6302041747524663,0.8549782337727195,0.18610827615782555,0.0016626310804551177,0.0010151245833276506,0.0013170202350700204,0.0016470548257556238,0.0004640588700959452,0.0001419283839673884
catboost_full,main_model_comparison,legacy_sampled_case_control,False,CatBoost,all features,test_2021-2025,far_east,Far East,10457,1230,2778,0.11762455771253706,0.2656593669312422,0.4920829446562272,0.30345572354211664,0.6853658536585366,0.42065868263473055,0.3490091183495905,0.8195531671367434,0.15084377717728992,0.00016765372355478076,0.002299534247761158,0.00027546897180051106,0.0022660438096129055,0.0017033737012753212,0.0007087337761141368
catboost_full,main_model_comparison,legacy_sampled_case_control,False,CatBoost,all features,test_2021-2025,central_asia,Central Asia,45961,2503,11178,0.05445921542177063,0.2432061965579513,0.4920829446562272,0.1343710860619073,0.600079904115062,0.2195745925005482,0.15673435638012506,0.7897245841692071,0.14616752925301987,0.0014396754161258764,0.014934303000266812,0.002939219676848661,0.000332972651043077,0.0006612147520023058,0.00023148618199192103
catboost_full,main_model_comparison,legacy_sampled_case_control,False,CatBoost,all features,test_2021-2025,europe,Europe,52062,2848,4413,0.05470400676116938,0.08476431946525297,0.4920829446562272,0.22818944029005211,0.3535814606741573,0.2773722627737226,0.20493888954481776,0.8420446276420386,0.0844342892116714,0.00026046646842745286,0.006463498913953806,0.002112029409610323,0.0021147151063970857,0.001305229521244061,0.0006745000523422985
catboost_deployment_weighted,main_model_comparison,legacy_sampled_case_control,False,CatBoost deployment-weighted,all features,validation,global,Global,147424,28826,100317,0.19553125678315605,0.6804658671586716,0.4627082306595781,0.2458606218288027,0.8556164573648789,0.38196417924316456,0.23646753475960516,0.6061414985726641,0.22795695333748017,0.0024710704121470315,0.0050623855467203435,0.0034858486205107658,0.003722131522676965,0.007287565445233665,2.4875499361672653e-05
catboost_deployment_weighted,main_model_comparison,legacy_sampled_case_control,False,CatBoost deployment-weighted,all features,test,global,Global,321173,49514,215919,0.15416613476226207,0.6722825393168168,0.4627082306595781,0.1954436617435242,0.8522842024477926,0.3179710134007452,0.1951066095880184,0.6183467230152369,0.22482611970163213,0.001855232855629389,0.006192631557585765,0.0028867655494939936,0.0016384206796568855,0.002699663003117898,1.6262496664169726e-05
catboost_deployment_weighted,main_model_comparison,legacy_sampled_case_control,False,CatBoost deployment-weighted,all features,test,eastern_siberia,Eastern Siberia,128260,31267,112445,0.24377826290347732,0.8766957742086388,0.4627082306595781,0.25845524478633997,0.9294783637701091,0.4044477844578045,0.2627204159631155,0.5438399487440042,0.23218971435802646,6.380177228431109e-06,0.0027553381547466144,0.00025352041633054694,0.0018810035788384902,0.00414121985732881,5.4209932567649906e-06
catboost_deployment_weighted,main_model_comparison,legacy_sampled_case_control,False,CatBoost deployment-weighted,all features,test,far_east,Far East,10457,1230,7737,0.11762455771253706,0.7398871569283734,0.4627082306595781,0.10624272974020939,0.6682926829268293,0.1833389093342255,0.10511821025843529,0.4441673913867133,0.2225633902919959,0.0034355695401806037,0.01839627398208903,0.005807755542625949,0.002058470227118829,0.008641259427738775,1.5520981944325714e-05
catboost_deployment_weighted,main_model_comparison,legacy_sampled_case_control,False,CatBoost deployment-weighted,all features,test,central_asia,Central Asia,45961,2503,23079,0.05445921542177063,0.5021431213420073,0.4627082306595781,0.07028034143593744,0.6480223731522173,0.1268079118129935,0.07057901074079463,0.6192805505775598,0.2167657183397155,5.576269000505787e-05,0.0019479525652521383,0.00012799706092765864,0.0005386921341079945,0.0022653665481100105,1.4044702558309011e-05
catboost_deployment_weighted,main_model_comparison,legacy_sampled_case_control,False,CatBoost deployment-weighted,all features,test,europe,Europe,52062,2848,6466,0.05470400676116938,0.12419807153009872,0.4627082306595781,0.0567584287039901,0.1288623595505618,0.07880609834657505,0.0737604983688098,0.6317943314693498,0.215549894317955,0.0010125736042963462,0.006463498913953806,0.0021883354093330054,0.0003659380159034491,0.0006200425687766344,1.5352414519954475e-05
catboost_deployment_weighted,main_model_comparison,legacy_sampled_case_control,False,CatBoost deployment-weighted,all features,test_2021,global,Global,87238,24772,63280,0.28395882528256033,0.7253719709300993,0.4627082306595781,0.3535240202275601,0.9030760536089133,0.5081315586244491,0.3643498595442376,0.6429426589172211,0.23462658417807025,0.0049570218431153725,0.008591366068299328,0.006479369222598816,0.0028157296281228956,0.006249893665735042,3.702813783058073e-05
catboost_deployment_weighted,main_model_comparison,legacy_sampled_case_control,False,CatBoost deployment-weighted,all features,test_2021,eastern_siberia,Eastern Siberia,44639,19789,40609,0.4433119021483456,0.9097201998252649,0.4627082306595781,0.46258218621487845,0.949264743039062,0.6220404649160568,0.4773260602457369,0.5551443412102307,0.2470432702145921,0.0021632030222189643,0.0021533818060046526,0.0024185778463392846,0.0037744544446670874,0.005424889948208484,1.726393921824946e-05
catboost_deployment_weighted,main_model_comparison,legacy_sampled_case_control,False,CatBoost deployment-weighted,all features,test_2021,far_east,Far East,2141,270,1514,0.12610929472209248,0.7071461933675852,0.4627082306595781,0.07661822985468957,0.42962962962962964,0.13004484304932734,0.09276596655577903,0.33489815309697724,0.2232613526716111,0.005593504227749196,0.0366647960615247,0.009734884641360492,0.0015559873548259137,0.010062732644357489,2.01288353020669e-05
catboost_deployment_weighted,main_model_comparison,legacy_sampled_case_control,False,CatBoost deployment-weighted,all features,test_2021,central_asia,Central Asia,10197,903,5368,0.08855545748749633,0.5264293419633226,0.4627082306595781,0.12313710879284649,0.7320044296788483,0.210811672779461,0.12237636961808357,0.6413969669520888,0.21938473094974167,0.0037441799131415748,0.019576599700624264,0.006299317351130487,0.002468519709150773,0.005541142432584917,1.8496346072728194e-05
catboost_deployment_weighted,main_model_comparison,legacy_sampled_case_control,False,CatBoost deployment-weighted,all features,test_2021,europe,Europe,11926,847,1388,0.07102129800436022,0.11638437028341439,0.4627082306595781,0.06556195965417867,0.10743801652892562,0.0814317673378076,0.09418380021970205,0.6296794311711968,0.21687634450324447,0.006059495401428872,0.008348368136795127,0.007082054484302296,0.0022124912435546704,0.00584385769575665,8.858547437604683e-06
catboost_deployment_weighted,main_model_comparison,legacy_sampled_case_control,False,CatBoost deployment-weighted,all features,test_2022,global,Global,58312,4923,37128,0.08442516120181094,0.6367128549869666,0.4627082306595781,0.10350678733031674,0.7806215722120659,0.18277805521866305,0.1023848715052629,0.5938658871694806,0.21951988583142584,4.2870973328656505e-05,0.00376788693349848,0.0001701458836966658,0.00043183971383204897,0.0005407910827009486,8.987623366450771e-06
catboost_deployment_weighted,main_model_comparison,legacy_sampled_case_control,False,CatBoost deployment-weighted,all features,test_2022,eastern_siberia,Eastern Siberia,18946,1456,16054,0.07684999472184102,0.8473556423519476,0.4627082306595781,0.0825339479257506,0.9100274725274725,0.1513420902341519,0.08270370140434508,0.5288067867666925,0.21971235698811234,0.0006924071697946183,0.012626906806902668,0.0013392658772702253,0.0020501224949541893,0.014369499916109712,2.6038326584651986e-06
catboost_deployment_weighted,main_model_comparison,legacy_sampled_case_control,False,CatBoost deployment-weighted,all features,test_2022,far_east,Far East,2076,192,1501,0.09248554913294797,0.7230250481695568,0.4627082306595781,0.08727514990006663,0.6822916666666666,0.15475487300649735,0.08748717554962207,0.4602906050955414,0.22059889894151058,0.00018914807229123247,0.011048543456039806,0.0005836227954280597,6.165234396623959e-05,0.008696916106850892,7.718929473295313e-06
catboost_deployment_weighted,main_model_comparison,legacy_sampled_case_control,False,CatBoost deployment-weighted,all features,test_2022,central_asia,Central Asia,9862,698,4966,0.07077671871831272,0.5035489758669641,0.4627082306595781,0.08759565042287555,0.6232091690544412,0.15360169491525424,0.09489548400282469,0.621978490642967,0.21800824925078643,0.0023067306806303116,0.01722179839566094,0.004069530919850885,0.003708457149479695,0.011961615044183757,2.376646158794961e-05
catboost_deployment_weighted,main_model_comparison,legacy_sampled_case_control,False,CatBoost deployment-weighted,all features,test_2022,europe,Europe,10330,382,1367,0.036979670861568247,0.13233301064859632,0.4627082306595781,0.048280907095830286,0.17277486910994763,0.07547169811320754,0.059025748254837904,0.6902052979156535,0.21413792304040496,0.0007454666766968125,0.0018510648722160948,0.0007376894893189435,0.0018370756219935256,0.007610243487008994,2.5885419025163805e-06
catboost_deployment_weighted,main_model_comparison,legacy_sampled_case_control,False,CatBoost deployment-weighted,all features,test_2023,global,Global,60888,6898,39065,0.11328997503613192,0.6415878333990277,0.4627082306595781,0.1407397926532702,0.7970426210495796,0.23923590714270174,0.13082964844973957,0.5795583366463223,0.2216927492048692,0.0004323107660183979,0.0021843545755982725,0.0007229918667775563,0.001186213255245603,0.0021139610580638633,5.835190060663558e-06
catboost_deployment_weighted,main_model_comparison,legacy_sampled_case_control,False,CatBoost deployment-weighted,all features,test_2023,eastern_siberia,Eastern Siberia,18853,1391,16030,0.07378136105659577,0.8502625576831273,0.4627082306595781,0.07248908296943231,0.8353702372393961,0.1334022157166638,0.06383844834609745,0.424001494134825,0.21953576387443507,0.00030576517864041474,0.0010166883985428675,0.0005307870592833647,0.0007239458018568587,0.007297979364308284,5.243123928154921e-06
catboost_deployment_weighted,main_model_comparison,legacy_sampled_case_control,False,CatBoost deployment-weighted,all features,test_2023,far_east,Far East,2267,333,1745,0.14689016321129245,0.7697397441552712,0.4627082306595781,0.15759312320916904,0.8258258258258259,0.2646775745909528,0.15048393248577488,0.5124793873501217,0.22474859970510386,0.0003388664238802172,0.004246887574693962,0.0002627526452210187,0.003838133600369366,0.01355589385753859,1.1691292295772103e-05
catboost_deployment_weighted,main_model_comparison,legacy_sampled_case_control,False,CatBoost deployment-weighted,all features,test_2023,central_asia,Central Asia,9281,411,4446,0.044284021118413966,0.47904320655101823,0.4627082306595781,0.04948268106162843,0.5352798053527981,0.09059089973234506,0.051715632660319304,0.5831292500212587,0.2159420337070564,0.0019780919422983895,0.020645453465300632,0.003610844019676238,0.0002718922234765338,0.0003213002035444264,1.120384078091121e-05
catboost_deployment_weighted,main_model_comparison,legacy_sampled_case_control,False,CatBoost deployment-weighted,all features,test_2023,europe,Europe,10456,494,1244,0.04724560061208875,0.11897475133894414,0.4627082306595781,0.05064308681672026,0.12753036437246965,0.07249712313003452,0.06433570615857909,0.6195030996328559,0.21487836821643982,0.008812198396881575,0.02003946343443657,0.012268981474570418,0.0015264382684388714,0.005282939253632793,3.2166975245586846e-05
catboost_deployment_weighted,main_model_comparison,legacy_sampled_case_control,False,CatBoost deployment-weighted,all features,test_2024,global,Global,65063,9134,43131,0.1403870095138558,0.6629113320935094,0.4627082306595781,0.17639284969047786,0.832931902780819,0.29113173251698077,0.1714935801986016,0.6062656944825293,0.22377735434574103,0.0012281938027195714,0.012842751367704422,0.0024603203643893566,2.497172455631485e-05,0.0001937415856218282,1.6153522137692108e-05
catboost_deployment_weighted,main_model_comparison,legacy_sampled_case_control,False,CatBoost deployment-weighted,all features,test_2024,eastern_siberia,Eastern Siberia,26660,6189,22838,0.23214553638409602,0.8566391597899475,0.4627082306595781,0.2408266923548472,0.888673452900307,0.3789575223068178,0.23752123770455266,0.5210558396143419,0.23132530044322205,0.000452642483766422,0.003350495194077992,0.0008660355128925876,0.0040013328248988825,0.008334219692863735,7.689393372546363e-06
catboost_deployment_weighted,main_model_comparison,legacy_sampled_case_control,False,CatBoost deployment-weighted,all features,test_2024,far_east,Far East,2229,298,1635,0.13369223867205024,0.7335127860026918,0.4627082306595781,0.12966360856269113,0.7114093959731543,0.21934816347646147,0.12310536811934412,0.4588122438907406,0.22373192738125797,0.002511232145511735,0.016609890833241065,0.004382160821485753,0.00041649347930204216,0.001029746875657015,1.628356338411075e-05
catboost_deployment_weighted,main_model_comparison,legacy_sampled_case_control,False,CatBoost deployment-weighted,all features,test_2024,central_asia,Central Asia,9003,187,4406,0.020770854159724537,0.48939242474730643,0.4627082306595781,0.030186109850204267,0.7112299465240641,0.05791421728717614,0.027512423770065225,0.6318992206683036,0.21414435128865894,0.00018048552551076016,0.0,0.00033202454632870313,0.0008975848475111217,0.012850953919781657,1.2311677759952685e-05
catboost_deployment_weighted,main_model_comparison,legacy_sampled_case_control,False,CatBoost deployment-weighted,all features,test_2024,europe,Europe,10472,493,1217,0.04707792207792208,0.11621466768525592,0.4627082306595781,0.03944124897288414,0.0973630831643002,0.056140350877192984,0.06138507916606286,0.6160060874286306,0.2148752208999445,0.004112755114220309,0.005737174695225537,0.005133129897185169,0.0026890339147416717,0.014186772786105603,2.5912176521866204e-05
catboost_deployment_weighted,main_model_comparison,legacy_sampled_case_control,False,CatBoost deployment-weighted,all features,test_2025,global,Global,49672,3787,33315,0.07624013528748591,0.6706997906265099,0.4627082306595781,0.0864475461503827,0.7604964351729602,0.1552476955420193,0.08674258500744705,0.5636295075181208,0.21905757147730465,9.284001338138103e-05,0.002318382889136271,0.00019789476321812645,0.001392527820190151,0.004158231471943334,5.487731308064461e-06
catboost_deployment_weighted,main_model_comparison,legacy_sampled_case_control,False,CatBoost deployment-weighted,all features,test_2025,eastern_siberia,Eastern Siberia,19162,2442,16914,0.12743972445464982,0.8826844796994051,0.4627082306595781,0.13539080052027905,0.9377559377559378,0.23661913618516223,0.13778741490432936,0.5447576110255536,0.2235767478767088,0.0003194343692301889,0.006080770845584592,0.0006809473246178865,0.0007091706016468141,0.002209717350314377,5.037508861959256e-06
catboost_deployment_weighted,main_model_comparison,legacy_sampled_case_control,False,CatBoost deployment-weighted,all features,test_2025,far_east,Far East,1744,137,1342,0.07855504587155963,0.7694954128440367,0.4627082306595781,0.06557377049180328,0.6423357664233577,0.11899932386747802,0.07211950200652752,0.4399547599689316,0.21971098643727707,0.0016412686689659627,0.020645453465300632,0.0030607020576348893,0.00029199868325705783,0.00032599774840193815,5.472991407926742e-06
catboost_deployment_weighted,main_model_comparison,legacy_sampled_case_control,False,CatBoost deployment-weighted,all features,test_2025,central_asia,Central Asia,7618,304,3893,0.039905487004463114,0.5110265161459701,0.4627082306595781,0.044438736193167225,0.569078947368421,0.08243983797950917,0.0453721453313501,0.5737309395823439,0.21575296869505184,0.0010830971792121996,0.013956054891839757,0.0020102166214603363,0.00012494547244855625,0.00041279188883427314,8.204344869352063e-06
catboost_deployment_weighted,main_model_comparison,legacy_sampled_case_control,False,CatBoost deployment-weighted,all features,test_2025,europe,Europe,8878,632,1250,0.07118720432529849,0.1407974769092138,0.4627082306595781,0.0792,0.15664556962025317,0.10520722635494155,0.09260375113442784,0.6120107716207629,0.21699763878046655,0.00031079018630791145,0.0011188398436495868,8.264455133082766e-06,0.0002816494986105196,0.0015035004011012365,1.1975987414603025e-05
catboost_deployment_weighted,main_model_comparison,legacy_sampled_case_control,False,CatBoost deployment-weighted,all features,test_2021-2023,global,Global,206438,36593,139473,0.17725903176740718,0.675616892238832,0.4627082306595781,0.22737017200461737,0.8666138332467959,0.36022855065713993,0.2288500670323192,0.6288642737372101,0.22654465576451366,0.0005640289050427253,0.0003989318934762055,0.0006724934808091978,0.004109355259225578,0.0055701850531394695,6.620874366336735e-06
catboost_deployment_weighted,main_model_comparison,legacy_sampled_case_control,False,CatBoost deployment-weighted,all features,test_2021-2023,eastern_siberia,Eastern Siberia,82438,22636,72693,0.2745821101919018,0.8817899512360804,0.4627082306595781,0.2926279008982983,0.9397420038876126,0.4462860199939158,0.3002151079971737,0.5508144251006233,0.23447127066317333,0.00031693792655645655,0.0015450257418497463,0.0005430507393173853,0.001412135893010704,0.0035346448523139065,1.7252322025073877e-06
catboost_deployment_weighted,main_model_comparison,legacy_sampled_case_control,False,CatBoost deployment-weighted,all features,test_2021-2023,far_east,Far East,6484,795,4760,0.12260950030845158,0.7341147439851943,0.4627082306595781,0.10966386554621849,0.6566037735849056,0.18793879387938794,0.1087972962919779,0.44204616434009797,0.22292889355397372,0.001539138903376497,0.007115539936468402,0.0025523626786352776,0.0009016012852237561,0.0033692969634571864,1.409944073801383e-05
catboost_deployment_weighted,main_model_comparison,legacy_sampled_case_control,False,CatBoost deployment-weighted,all features,test_2021-2023,central_asia,Central Asia,29340,2012,14780,0.06857532379004772,0.5037491479209271,0.4627082306595781,0.08903924221921515,0.6540755467196819,0.15674130538351597,0.09084337703357803,0.6246897093725702,0.217833042618983,0.0027149157314332543,0.018038438295575172,0.004724325573350534,0.0025580796836795405,0.00645657564846348,1.7309316426778273e-05
catboost_deployment_weighted,main_model_comparison,legacy_sampled_case_control,False,CatBoost deployment-weighted,all features,test_2021-2023,europe,Europe,32712,1723,3999,0.052671802396674,0.12224871606749817,0.4627082306595781,0.05501375343835959,0.1276842716192687,0.07689619014330654,0.07275085567769385,0.6413746461286218,0.21537295939178808,0.0026222325310200074,0.0033575820569161766,0.0031573945344795366,0.004537439054639593,0.024041613052077165,3.9758767111235165e-05
catboost_deployment_weighted,main_model_comparison,legacy_sampled_case_control,False,CatBoost deployment-weighted,all features,test_2021-2025,global,Global,321173,49514,215919,0.15416613476226207,0.6722825393168168,0.4627082306595781,0.1954436617435242,0.8522842024477926,0.3179710134007452,0.1951066095880184,0.6183467230152369,0.22482611970163213,0.0003629529983372922,0.002752280692260323,0.0006713722397918647,0.0013035370085705494,0.002690267471405519,9.29075911355947e-06
catboost_deployment_weighted,main_model_comparison,legacy_sampled_case_control,False,CatBoost deployment-weighted,all features,test_2021-2025,eastern_siberia,Eastern Siberia,128260,31267,112445,0.24377826290347732,0.8766957742086388,0.4627082306595781,0.25845524478633997,0.9294783637701091,0.4044477844578045,0.2627204159631155,0.5438399487440042,0.23218971435802646,0.0011688532686787722,0.005365658511874903,0.001939255855114947,0.0009944627140194347,0.002925080125279218,1.3563165238969169e-08
catboost_deployment_weighted,main_model_comparison,legacy_sampled_case_control,False,CatBoost deployment-weighted,all features,test_2021-2025,far_east,Far East,10457,1230,7737,0.11762455771253706,0.7398871569283734,0.4627082306595781,0.10624272974020939,0.6682926829268293,0.1833389093342255,0.10511821025843529,0.4441673913867133,0.2225633902919959,0.0002161211689130875,0.004024184933582008,0.0001684206516026322,0.00010905482575389867,0.000746438984916559,1.4812536898619147e-05
catboost_deployment_weighted,main_model_comparison,legacy_sampled_case_control,False,CatBoost deployment-weighted,all features,test_2021-2025,central_asia,Central Asia,45961,2503,23079,0.05445921542177063,0.5021431213420073,0.4627082306595781,0.07028034143593744,0.6480223731522173,0.1268079118129935,0.07057901074079463,0.6192805505775598,0.2167657183397155,0.00013499999179091221,0.0012986350435014516,0.0001950238505206952,0.0010073584203047284,0.0038494664467665753,3.125753416262528e-06
catboost_deployment_weighted,main_model_comparison,legacy_sampled_case_control,False,CatBoost deployment-weighted,all features,test_2021-2025,europe,Europe,52062,2848,6466,0.05470400676116938,0.12419807153009872,0.4627082306595781,0.0567584287039901,0.1288623595505618,0.07880609834657505,0.0737604983688098,0.6317943314693498,0.215549894317955,0.00031590965348243067,0.0006463498913953844,0.00019088124084293658,0.00031263167906128415,4.3862631474806826e-05,1.1813070714758837e-05
catboost_weather_only,main_model_comparison,legacy_sampled_case_control,False,Weather-only CatBoost,meteorology/history features only,validation,global,Global,147424,28826,90689,0.19553125678315605,0.6151576405469937,0.4820661726878472,0.26900726659242025,0.8463192950808298,0.4082500104589382,0.3291330341259771,0.6932195058736885,0.23666136930453324,0.0014258491915336243,0.004881586062908911,0.002209804007665169,0.004496378313344241,0.000946609864990007,7.635667545418742e-06
catboost_weather_only,main_model_comparison,legacy_sampled_case_control,False,Weather-only CatBoost,meteorology/history features only,test,global,Global,321173,49514,207868,0.15416613476226207,0.6472150523238255,0.4820661726878472,0.22527276925741335,0.9457325200953266,0.3638715994125463,0.35079560274721466,0.7879567300655438,0.23573152424892674,0.0009235424412259623,0.0034403508653253643,0.0009490343827047262,0.0034177045441915305,0.001846059288289425,9.757906060827459e-05
catboost_weather_only,main_model_comparison,legacy_sampled_case_control,False,Weather-only CatBoost,meteorology/history features only,test,eastern_siberia,Eastern Siberia,128260,31267,98800,0.24377826290347732,0.7703103071885233,0.4820661726878472,0.31074898785425104,0.9819298301723862,0.47209515096065874,0.4434523379588713,0.7611062988165829,0.24087008571737634,0.0019219166371407654,0.0015951957738006384,0.002401295120987749,0.005188672163429214,0.0031720773454424734,3.878332281541486e-05
catboost_weather_only,main_model_comparison,legacy_sampled_case_control,False,Weather-only CatBoost,meteorology/history features only,test,far_east,Far East,10457,1230,7954,0.11762455771253706,0.760638806541073,0.4820661726878472,0.1370379683178275,0.8861788617886179,0.23736933797909407,0.18818695059731258,0.6439976879447997,0.24093701981166138,0.001437125244081612,0.010347904114925095,0.0025276058193480387,0.00968653314383702,0.017805315860814144,0.00023180228213547687
catboost_weather_only,main_model_comparison,legacy_sampled_case_control,False,Weather-only CatBoost,meteorology/history features only,test,central_asia,Central Asia,45961,2503,29203,0.05445921542177063,0.6353865233567589,0.4820661726878472,0.06906824641303975,0.8058330003995205,0.12723143884438276,0.0692916337287443,0.6047241768159768,0.23614048068935156,0.0005882981465230393,0.0032465876087536686,0.0010389658462157181,0.0007148839438799239,0.0064009673911278086,0.00016734310625811022
catboost_weather_only,main_model_comparison,legacy_sampled_case_control,False,Weather-only CatBoost,meteorology/history features only,test,europe,Europe,52062,2848,25032,0.05470400676116938,0.4808113403249971,0.4820661726878472,0.09076382230744647,0.797752808988764,0.1629842180774749,0.14581395180129472,0.7480498421135303,0.22803061456277068,1.1139631544312597e-05,0.0038780993483722675,6.362434965858494e-05,0.00510590636243975,0.00589114798267311,1.5705143564757324e-05
catboost_weather_only,main_model_comparison,legacy_sampled_case_control,False,Weather-only CatBoost,meteorology/history features only,test_2021,global,Global,87238,24772,65661,0.28395882528256033,0.7526651229968592,0.4820661726878472,0.37111831985501287,0.983691264330696,0.5389183152167903,0.49212934565155625,0.7695141971862113,0.23924922982726385,0.0030250360535641874,0.00037353765514349,0.003250054653110092,0.00018294110889222577,0.0034556123846310243,0.000310410634593772
catboost_weather_only,main_model_comparison,legacy_sampled_case_control,False,Weather-only CatBoost,meteorology/history features only,test_2021,eastern_siberia,Eastern Siberia,44639,19789,39286,0.4433119021483456,0.8800824391227402,0.4820661726878472,0.5015272616199155,0.9956541512961746,0.6670503597122303,0.5823578226057171,0.6891852392845119,0.2440704347063415,0.0020731442743013905,0.00119632322555814,0.002102292849607167,0.00511690507366874,0.003792916247038228,5.038856545698741e-06
catboost_weather_only,main_model_comparison,legacy_sampled_case_control,False,Weather-only CatBoost,meteorology/history features only,test_2021,far_east,Far East,2141,270,1712,0.12610929472209248,0.7996263428304531,0.4820661726878472,0.14369158878504673,0.9111111111111111,0.248234106962664,0.16947978084195195,0.6067106122691371,0.24273024805629795,0.0030445343042820217,0.002618914004394585,0.004637926746709514,0.009288778569903391,0.013384316253351854,0.0007761447123795684
catboost_weather_only,main_model_comparison,legacy_sampled_case_control,False,Weather-only CatBoost,meteorology/history features only,test_2021,central_asia,Central Asia,10197,903,7101,0.08855545748749633,0.6963812886142984,0.4820661726878472,0.11618081960287284,0.9136212624584718,0.20614692653673164,0.10796002701806688,0.6179310840344966,0.23915648747639084,0.0021886436150080207,0.021925791664699188,0.004003734240895274,0.001828647379137853,0.009203150356355475,7.218481692574375e-05
catboost_weather_only,main_model_comparison,legacy_sampled_case_control,False,Weather-only CatBoost,meteorology/history features only,test_2021,europe,Europe,11926,847,6045,0.07102129800436022,0.5068757336910951,0.4820661726878472,0.1227460711331679,0.8760330578512396,0.21532211259431225,0.25606227080945876,0.817442787459773,0.22892263933752185,0.0011958091517634104,0.01335738901887214,0.0022447296329785975,0.0013806748934287543,0.0073586430596876825,9.433975098936812e-05
catboost_weather_only,main_model_comparison,legacy_sampled_case_control,False,Weather-only CatBoost,meteorology/history features only,test_2022,global,Global,58312,4923,31238,0.08442516120181094,0.5357044862121004,0.4820661726878472,0.13128241244637942,0.8330286410725167,0.22681894859102347,0.1754793546417576,0.7106612409312405,0.2317919823102425,0.0006994645499872843,0.006698465659552845,0.0012916126139408334,0.009480961684881672,0.0030701948739642404,5.186618874601983e-05
catboost_weather_only,main_model_comparison,legacy_sampled_case_control,False,Weather-only CatBoost,meteorology/history features only,test_2022,eastern_siberia,Eastern Siberia,18946,1456,10970,0.07684999472184102,0.5790140399028819,0.4820661726878472,0.1227894257064722,0.9251373626373627,0.21680347658136165,0.15364043996126026,0.7190762068120559,0.2343620289506155,0.000332981429674104,0.0004856502618039458,0.0005063689503675202,0.004504855855606131,0.0002527658280847439,8.016305368861552e-05
catboost_weather_only,main_model_comparison,legacy_sampled_case_control,False,Weather-only CatBoost,meteorology/history features only,test_2022,far_east,Far East,2076,192,1507,0.09248554913294797,0.7259152215799615,0.4820661726878472,0.11678832116788321,0.9166666666666666,0.20718069452619187,0.16647771202763434,0.6424620156581741,0.23795878892022065,0.0010716300654319084,0.029462782549439532,0.002423372662829545,0.0029813352045394577,0.004801972222180027,0.00027345534375662617
catboost_weather_only,main_model_comparison,legacy_sampled_case_control,False,Weather-only CatBoost,meteorology/history features only,test_2022,central_asia,Central Asia,9862,698,5896,0.07077671871831272,0.5978503346177246,0.4820661726878472,0.0878561736770692,0.7421203438395415,0.15711252653927812,0.07812242943956692,0.5669451847831117,0.23482489008786048,0.0003505269006918967,0.006078281786703835,0.0006966417999908362,0.0013539087285684103,0.005823361849992498,0.00011781909746120269
catboost_weather_only,main_model_comparison,legacy_sampled_case_control,False,Weather-only CatBoost,meteorology/history features only,test_2022,europe,Europe,10330,382,4220,0.036979670861568247,0.4085188770571152,0.4820661726878472,0.06374407582938389,0.7041884816753927,0.11690569317687961,0.0758320567916108,0.688578382457891,0.22493987572856908,0.00013170701243031278,0.0037021297444321507,0.0002713469055341153,0.00017417522979256157,0.011006653530491173,2.343854576935385e-05
catboost_weather_only,main_model_comparison,legacy_sampled_case_control,False,Weather-only CatBoost,meteorology/history features only,test_2023,global,Global,60888,6898,39704,0.11328997503613192,0.6520825121534621,0.4820661726878472,0.16290550070521861,0.9376630907509423,0.2775846530191837,0.25246500079318884,0.7760673548052963,0.23587011132269178,0.0011105807474122047,0.0024964052292552916,0.0017202384368194832,0.0022565175519254424,0.0009233507401216178,0.00012786889017465095
catboost_weather_only,main_model_comparison,legacy_sampled_case_control,False,Weather-only CatBoost,meteorology/history features only,test_2023,eastern_siberia,Eastern Siberia,18853,1391,14066,0.07378136105659577,0.7460881557311834,0.4820661726878472,0.09426987060998152,0.9532710280373832,0.17157275021026072,0.16785969740628215,0.7578364061520544,0.2405903616791115,0.0017259337671809345,0.0076251629890713496,0.0029824296713547955,0.0020357204668014347,0.008246896299335912,0.0004083637082164802
catboost_weather_only,main_model_comparison,legacy_sampled_case_control,False,Weather-only CatBoost,meteorology/history features only,test_2023,far_east,Far East,2267,333,1716,0.14689016321129245,0.7569475077194531,0.4820661726878472,0.18356643356643357,0.9459459459459459,0.3074670571010249,0.31308236396623124,0.7344710273872631,0.24082394924165706,0.001656957893817342,0.008493775149387924,0.002772967769359,0.00031042992807105374,0.005545767616282136,0.00013875290600320122
catboost_weather_only,main_model_comparison,legacy_sampled_case_control,False,Weather-only CatBoost,meteorology/history features only,test_2023,central_asia,Central Asia,9281,411,5794,0.044284021118413966,0.6242861760586144,0.4820661726878472,0.05453917846047635,0.7688564476885644,0.10185334407735697,0.07492469390895469,0.6024613434936101,0.23637070279428773,0.0020286186601392096,0.02408636237618415,0.003749000713818701,0.00038444828571636806,0.014262024338376873,1.1127950299156283e-05
catboost_weather_only,main_model_comparison,legacy_sampled_case_control,False,Weather-only CatBoost,meteorology/history features only,test_2023,europe,Europe,10456,494,5032,0.04724560061208875,0.4812547819433818,0.4820661726878472,0.07054848966613672,0.7186234817813765,0.12848353239232718,0.11898222989889004,0.7087597851593138,0.22741760841289096,0.001800705188715827,0.025765024415704166,0.003397470628959941,0.001968290465275468,0.010645264485034705,0.0002564869830402549
catboost_weather_only,main_model_comparison,legacy_sampled_case_control,False,Weather-only CatBoost,meteorology/history features only,test_2024,global,Global,65063,9134,42173,0.1403870095138558,0.6481871416934356,0.4820661726878472,0.2045147369169848,0.9442741405736808,0.33621143313777846,0.3317673984684689,0.7894197763396438,0.23558566844872866,0.002344371693370408,0.004784554431105566,0.0034728179040800907,0.0010412494352100366,0.002416958138798678,0.0001709634667477796
catboost_weather_only,main_model_comparison,legacy_sampled_case_control,False,Weather-only CatBoost,meteorology/history features only,test_2024,eastern_siberia,Eastern Siberia,26660,6189,21575,0.23214553638409602,0.809264816204051,0.4820661726878472,0.2823638470451912,0.9843270318306673,0.4388416654660712,0.37579368376531697,0.7135980933867652,0.24242903174251837,8.038107534413764e-05,0.001827542833133436,0.00027806413601778385,0.0034821673989343044,0.00337643308494244,6.228113868260421e-05
catboost_weather_only,main_model_comparison,legacy_sampled_case_control,False,Weather-only CatBoost,meteorology/history features only,test_2024,far_east,Far East,2229,298,1741,0.13369223867205024,0.7810677433826828,0.4820661726878472,0.14531878230901782,0.8489932885906041,0.24816086316821973,0.15454412243977073,0.5407394019859655,0.24424646875227898,0.0026197877523943076,0.0,0.0037976619451802105,0.01026282841147665,0.030857999452863005,0.0007630904755628803
catboost_weather_only,main_model_comparison,legacy_sampled_case_control,False,Weather-only CatBoost,meteorology/history features only,test_2024,central_asia,Central Asia,9003,187,5324,0.020770854159724537,0.5913584360768632,0.4820661726878472,0.0236664162283997,0.6737967914438503,0.0457267283614589,0.044769359626567064,0.604920137911624,0.23310356066266602,0.00142471069650699,0.04159451654038516,0.002755179303096623,0.01227398330467737,0.03906563032604226,0.00012241622468646567
catboost_weather_only,main_model_comparison,legacy_sampled_case_control,False,Weather-only CatBoost,meteorology/history features only,test_2024,europe,Europe,10472,493,5347,0.04707792207792208,0.5105996944232238,0.4820661726878472,0.07574340751823452,0.821501014198783,0.1386986301369863,0.11294615262185617,0.7282934121086329,0.22872152957558148,0.0008050876205079181,0.0,0.0013523361893937472,0.01140749013614761,0.013791080784503335,0.00016816801500102617
catboost_weather_only,main_model_comparison,legacy_sampled_case_control,False,Weather-only CatBoost,meteorology/history features only,test_2025,global,Global,49672,3787,29092,0.07624013528748591,0.5856820744081173,0.4820661726878472,0.11223016636876117,0.862160021124901,0.198607013595304,0.18105574402722524,0.7310847870874071,0.23419940346591941,0.00021368549157878852,0.006027795511754132,0.0004935953272332168,0.0025819220884360523,0.0009263994501087358,1.201862705816197e-06
catboost_weather_only,main_model_comparison,legacy_sampled_case_control,False,Weather-only CatBoost,meteorology/history features only,test_2025,eastern_siberia,Eastern Siberia,19162,2442,12903,0.12743972445464982,0.6733639494833524,0.4820661726878472,0.17313802991552352,0.9148239148239148,0.29116976213750406,0.3074017078731733,0.7468595825055154,0.23795564052625617,0.0012371349923558602,0.004922528779758952,0.0019985185172714174,0.0005998636652458074,0.00014187945759971276,8.58298919813463e-05
catboost_weather_only,main_model_comparison,legacy_sampled_case_control,False,Weather-only CatBoost,meteorology/history features only,test_2025,far_east,Far East,1744,137,1278,0.07855504587155963,0.7327981651376146,0.4820661726878472,0.0782472613458529,0.7299270072992701,0.1413427561837456,0.1522823715735395,0.5551942005550534,0.2381979572843833,0.007716636789815048,0.08258181386120268,0.014140494879239997,0.023947849530779112,0.06321144518521825,0.00029464599568626457
catboost_weather_only,main_model_comparison,legacy_sampled_case_control,False,Weather-only CatBoost,meteorology/history features only,test_2025,central_asia,Central Asia,7618,304,5088,0.039905487004463114,0.66789183512733,0.4820661726878472,0.04559748427672956,0.7631578947368421,0.08605341246290801,0.051535669412810424,0.5664402623663342,0.23711512402734095,0.00010712745270414829,0.0,0.00019059337419851383,0.00017221057648424275,0.005172301448383986,3.566285378138544e-05
catboost_weather_only,main_model_comparison,legacy_sampled_case_control,False,Weather-only CatBoost,meteorology/history features only,test_2025,europe,Europe,8878,632,4388,0.07118720432529849,0.4942554629421041,0.4820661726878472,0.1141750227894257,0.7927215189873418,0.199601593625498,0.17096526573086762,0.7343304348560253,0.23033556781604933,0.0029669544927669383,0.010069558592846459,0.004858874039940838,0.002258647602429118,0.0017730341567901299,0.00024078985499896165
catboost_weather_only,main_model_comparison,legacy_sampled_case_control,False,Weather-only CatBoost,meteorology/history features only,test_2021-2023,global,Global,206438,36593,136603,0.17725903176740718,0.66171441304411,0.4820661726878472,0.25575573010841635,0.9547454431175362,0.40343887849603915,0.3791297531649369,0.7847490643484231,0.23614614422907493,0.002560983771717154,0.0053855805619285775,0.0036649366897362136,0.008209699268157126,0.0063407866757517785,0.0002514025369685868
catboost_weather_only,main_model_comparison,legacy_sampled_case_control,False,Weather-only CatBoost,meteorology/history features only,test_2021-2023,eastern_siberia,Eastern Siberia,82438,22636,64322,0.2745821101919018,0.7802469734831025,0.4820661726878472,0.34787475513821087,0.9885138717087825,0.5146392511327308,0.47883227888629915,0.758711861220132,0.2410433686417796,0.001939415688946511,0.0007725128709248339,0.0022240600332820866,0.0033753438874385673,0.0021766105685887575,6.740931679020895e-05
catboost_weather_only,main_model_comparison,legacy_sampled_case_control,False,Weather-only CatBoost,meteorology/history features only,test_2021-2023,far_east,Far East,6484,795,4935,0.12260950030845158,0.7611042566317088,0.4820661726878472,0.14934143870314084,0.9270440251572327,0.25724258289703317,0.21836560410902758,0.6795584770786832,0.2405360579607879,0.000634538969259147,0.003557769968234201,0.0010784233001184616,0.0021034192581521702,0.011014140390321765,2.9751466932003954e-05
catboost_weather_only,main_model_comparison,legacy_sampled_case_control,False,Weather-only CatBoost,meteorology/history features only,test_2021-2023,central_asia,Central Asia,29340,2012,18791,0.06857532379004772,0.6404567143830947,0.4820661726878472,0.08828694587834601,0.8245526838966203,0.15949622650579243,0.08317528686760234,0.5996269892355469,0.23681929998217524,0.00022950574260427074,0.0005153839513021657,0.00036505481238586097,0.0001311716669168685,0.00022749326495492283,0.00017585270884640366
catboost_weather_only,main_model_comparison,legacy_sampled_case_control,False,Weather-only CatBoost,meteorology/history features only,test_2021-2023,europe,Europe,32712,1723,15297,0.052671802396674,0.46762655906089506,0.4820661726878472,0.0892985552722756,0.7928032501450958,0.16051703877790835,0.1498561870697578,0.7562144521466971,0.2271838721747552,0.00020674353409161074,0.008729713347982107,0.000513529665194715,0.0014714604671563177,0.00011885418723668502,7.584662615489171e-05
catboost_weather_only,main_model_comparison,legacy_sampled_case_control,False,Weather-only CatBoost,meteorology/history features only,test_2021-2025,global,Global,321173,49514,207868,0.15416613476226207,0.6472150523238255,0.4820661726878472,0.22527276925741335,0.9457325200953266,0.3638715994125463,0.35079560274721466,0.7879567300655438,0.23573152424892674,0.000529714012175919,0.0009174268974200814,0.0007582179185458962,0.002056307852957289,0.0006896428738999567,9.480580462851185e-05
catboost_weather_only,main_model_comparison,legacy_sampled_case_control,False,Weather-only CatBoost,meteorology/history features only,test_2021-2025,eastern_siberia,Eastern Siberia,128260,31267,98800,0.24377826290347732,0.7703103071885233,0.4820661726878472,0.31074898785425104,0.9819298301723862,0.47209515096065874,0.4434523379588713,0.7611062988165829,0.24087008571737634,7.281855684789521e-05,0.00145017797618247,0.00025186323565225537,0.005182892891347424,0.001725303317828834,9.25000539734577e-05
catboost_weather_only,main_model_comparison,legacy_sampled_case_control,False,Weather-only CatBoost,meteorology/history features only,test_2021-2025,far_east,Far East,10457,1230,7954,0.11762455771253706,0.760638806541073,0.4820661726878472,0.1370379683178275,0.8861788617886179,0.23736933797909407,0.18818695059731258,0.6439976879447997,0.24093701981166138,0.00026037671570265306,0.0028744178097013895,0.0004937645470447233,0.002400183189328021,0.01071487758190548,3.5653010151540913e-06
catboost_weather_only,main_model_comparison,legacy_sampled_case_control,False,Weather-only CatBoost,meteorology/history features only,test_2021-2025,central_asia,Central Asia,45961,2503,29203,0.05445921542177063,0.6353865233567589,0.4820661726878472,0.06906824641303975,0.8058330003995205,0.12723143884438276,0.0692916337287443,0.6047241768159768,0.23614048068935156,0.0009562369526831889,0.014284985478516124,0.0018005791278351663,0.0017095613748732313,0.006191246518469023,0.00013144087145204228
catboost_weather_only,main_model_comparison,legacy_sampled_case_control,False,Weather-only CatBoost,meteorology/history features only,test_2021-2025,europe,Europe,52062,2848,25032,0.05470400676116938,0.4808113403249971,0.4820661726878472,0.09076382230744647,0.797752808988764,0.1629842180774749,0.14581395180129472,0.7480498421135303,0.22803061456277068,0.00011961995490124783,0.003878099348372346,0.00011380746981542752,0.000677967085955806,0.0007209300399238392,0.0001485971839928647
catboost_fwi_only,main_model_comparison,legacy_sampled_case_control,False,FWI-only CatBoost,fire-weather variables only,validation,global,Global,147424,28826,98726,0.19553125678315605,0.6696738658563056,0.4773367906247884,0.2581589449587748,0.8841670713938805,0.3996330908178625,0.28550377838855173,0.6516731448644614,0.22549367336275047,0.0009998961001516714,0.00018079948381143242,0.0011818756198747954,0.0039522180465893205,0.0033336035597083757,4.109232421831414e-05
catboost_fwi_only,main_model_comparison,legacy_sampled_case_control,False,FWI-only CatBoost,fire-weather variables only,test,global,Global,321173,49514,211712,0.15416613476226207,0.6591836798236465,0.4773367906247884,0.2130441354292624,0.9109342812133941,0.34532550358693237,0.31060983949734317,0.7287576125387063,0.22281875391847247,0.0010001482417101122,0.0022935672435503212,0.0011497029084153844,0.002969252548730986,0.0012931397037880088,0.00028578554528201777
catboost_fwi_only,main_model_comparison,legacy_sampled_case_control,False,FWI-only CatBoost,fire-weather variables only,test,eastern_siberia,Eastern Siberia,128260,31267,94098,0.24377826290347732,0.7336503976298144,0.4773367906247884,0.31001721609385957,0.9329964499312374,0.46539305228732103,0.3903543520588144,0.7203357369178477,0.22955395333868384,0.0020371506243119977,0.006815836488057373,0.0031431027699493036,0.010583236386694858,0.01039154063076526,0.00028312869272585227
catboost_fwi_only,main_model_comparison,legacy_sampled_case_control,False,FWI-only CatBoost,fire-weather variables only,test,far_east,Far East,10457,1230,5222,0.11762455771253706,0.49937840680883616,0.4773367906247884,0.19054002297970127,0.8089430894308943,0.30843149411035337,0.30662564310223717,0.7613265592935543,0.21712921807369487,0.003961571100804906,0.009198136991044477,0.005862129884104958,0.0009156033356464581,0.006113472667875256,0.0003663993789802397
catboost_fwi_only,main_model_comparison,legacy_sampled_case_control,False,FWI-only CatBoost,fire-weather variables only,test,central_asia,Central Asia,45961,2503,34982,0.05445921542177063,0.7611235612802159,0.4773367906247884,0.06623406323251958,0.9256891729924092,0.12362278244631186,0.07281831347675709,0.6264002640891863,0.23058805784184278,7.544928313333691e-05,0.0012986350435014516,0.00011984299639071956,0.001994293530513565,0.004305544107462104,0.00019980710173616518
catboost_fwi_only,main_model_comparison,legacy_sampled_case_control,False,FWI-only CatBoost,fire-weather variables only,test,europe,Europe,52062,2848,29874,0.05470400676116938,0.5738158349660021,0.4773367906247884,0.07943362120907813,0.8332162921348315,0.1450400342277367,0.11277836660792036,0.7294695328256826,0.21426350251006276,0.0012275705986883796,0.009695248370930708,0.0021930402280250704,0.0052109054283299705,0.009585249916706413,0.00029213632755339697
catboost_fwi_only,main_model_comparison,legacy_sampled_case_control,False,FWI-only CatBoost,fire-weather variables only,test_2021,global,Global,87238,24772,63001,0.28395882528256033,0.7221738233338683,0.4773367906247884,0.36770844907223693,0.9351687388987566,0.5278616431020929,0.499407157884928,0.7511172863117466,0.2282123943587337,0.0008587954040475901,0.0009961004137159209,0.0010439375917751428,0.00041689907234702305,0.0012989308328550107,0.0001156594651966445
catboost_fwi_only,main_model_comparison,legacy_sampled_case_control,False,FWI-only CatBoost,fire-weather variables only,test_2021,eastern_siberia,Eastern Siberia,44639,19789,36703,0.4433119021483456,0.8222182396559062,0.4773367906247884,0.5116747949758875,0.9490120774167466,0.664872902357856,0.5751614418646188,0.6907304110681575,0.2367847209126098,0.0001078893765930142,0.0001595097634076997,0.00013024647167339233,0.0015351627856385452,0.0014800819830914718,0.00010612898269136154
catboost_fwi_only,main_model_comparison,legacy_sampled_case_control,False,FWI-only CatBoost,fire-weather variables only,test_2021,far_east,Far East,2141,270,1082,0.12610929472209248,0.5053713218122373,0.4773367906247884,0.21256931608133087,0.8518518518518519,0.34023668639053256,0.35805331822385716,0.7967486192766791,0.2172407915301947,0.0015721594372671078,0.04190262407031391,0.005283296254715476,0.013696340335598528,0.005196535671467199,0.0005157977464303116
catboost_fwi_only,main_model_comparison,legacy_sampled_case_control,False,FWI-only CatBoost,fire-weather variables only,test_2021,central_asia,Central Asia,10197,903,7897,0.08855545748749633,0.7744434637638521,0.4773367906247884,0.11080157021653793,0.9689922480620154,0.19886363636363635,0.12577716037069125,0.6543413497937798,0.23122500606869062,0.0011408201125235648,0.00783063988024972,0.002002403288123467,0.0033208905144193742,0.005862995717957868,0.00027681558603522867
catboost_fwi_only,main_model_comparison,legacy_sampled_case_control,False,FWI-only CatBoost,fire-weather variables only,test_2021,europe,Europe,11926,847,7019,0.07102129800436022,0.588546033875566,0.4773367906247884,0.10642541672602934,0.8819362455726092,0.18993135011441648,0.15607040090791285,0.7570555588057988,0.21522325410010415,0.0007503095453168169,0.002504510441038497,0.0011330167204702168,0.011036403324260527,0.00961422458891194,0.0005309847315240462
catboost_fwi_only,main_model_comparison,legacy_sampled_case_control,False,FWI-only CatBoost,fire-weather variables only,test_2022,global,Global,58312,4923,36121,0.08442516120181094,0.6194436822609412,0.4773367906247884,0.1233908252816921,0.9053422709729839,0.21718156125134003,0.15630868228263722,0.6991836126162148,0.21836901171723255,0.001624586366113352,0.008791736178163173,0.0027703463434819308,0.0013404788579256817,0.003169982752053705,0.00035248650466961106
catboost_fwi_only,main_model_comparison,legacy_sampled_case_control,False,FWI-only CatBoost,fire-weather variables only,test_2022,eastern_siberia,Eastern Siberia,18946,1456,12470,0.07684999472184102,0.6581864245751082,0.4773367906247884,0.11010425020048116,0.9429945054945055,0.19718512135573746,0.15031055302131302,0.7338525075553377,0.2213441862524838,0.00036118557646059885,0.005827803141647349,0.0007062298939181159,0.004550625797737134,0.009138013652528032,0.00023770070046232598
catboost_fwi_only,main_model_comparison,legacy_sampled_case_control,False,FWI-only CatBoost,fire-weather variables only,test_2022,far_east,Far East,2076,192,1004,0.09248554913294797,0.4836223506743738,0.4773367906247884,0.1603585657370518,0.8385416666666666,0.2692307692307692,0.2846809739528567,0.7875682833510262,0.2154914608332214,0.0043126750499623305,0.014731391274719766,0.006842935805302479,0.03950381661419322,0.020068979368618598,0.0010296435240453317
catboost_fwi_only,main_model_comparison,legacy_sampled_case_control,False,FWI-only CatBoost,fire-weather variables only,test_2022,central_asia,Central Asia,9862,698,7423,0.07077671871831272,0.7526870817278443,0.4773367906247884,0.0868920921460326,0.9240687679083095,0.1588474325821943,0.0952107492440504,0.6281784708820737,0.23003626106031552,3.318516436571504e-05,0.0030391408933519173,1.0443458775275912e-05,0.004059808434185664,0.003672626885253355,5.2025427225391875e-05
catboost_fwi_only,main_model_comparison,legacy_sampled_case_control,False,FWI-only CatBoost,fire-weather variables only,test_2022,europe,Europe,10330,382,5631,0.036979670861568247,0.5451113262342692,0.4773367906247884,0.05736103711596519,0.8455497382198953,0.10743389323133211,0.10078160420430637,0.7201561996728538,0.21145248944729345,0.0027862592751967557,0.03517023257210575,0.005171867661306775,0.005661791599961141,0.00433496766465805,0.00042858938812359414
catboost_fwi_only,main_model_comparison,legacy_sampled_case_control,False,FWI-only CatBoost,fire-weather variables only,test_2023,global,Global,60888,6898,37952,0.11328997503613192,0.6233083694652477,0.4773367906247884,0.15506429173693087,0.8531458393737316,0.2624303232998885,0.18342691279747217,0.6644920969171024,0.2201704519549705,0.00046651314662058926,0.0034325571902259575,0.0005060490681574397,0.005257984439310319,0.0040263314815491055,0.00035904507705772137
catboost_fwi_only,main_model_comparison,legacy_sampled_case_control,False,FWI-only CatBoost,fire-weather variables only,test_2023,eastern_siberia,Eastern Siberia,18853,1391,11895,0.07378136105659577,0.6309340688484592,0.4773367906247884,0.09079445145018916,0.7764198418404026,0.16257714887851873,0.14103820748870535,0.6558882794567331,0.2210892725744182,0.000393008612581198,0.0055917861919856145,0.000508371074632249,0.0037484690055963965,0.00015969087762592404,0.0006153343220754842
catboost_fwi_only,main_model_comparison,legacy_sampled_case_control,False,FWI-only CatBoost,fire-weather variables only,test_2023,far_east,Far East,2267,333,1137,0.14689016321129245,0.5015438906043229,0.4773367906247884,0.21108179419525067,0.7207207207207207,0.32653061224489793,0.326300069084378,0.7090006242022788,0.21850706702241313,0.0009719554222156376,0.014864106511428906,0.002707333776189029,0.05939470144318699,0.016870069179207182,9.852716114599645e-05
catboost_fwi_only,main_model_comparison,legacy_sampled_case_control,False,FWI-only CatBoost,fire-weather variables only,test_2023,central_asia,Central Asia,9281,411,6913,0.044284021118413966,0.7448550802715225,0.4773367906247884,0.05265441921018371,0.8856447688564477,0.099399235390497,0.061106008155763294,0.6291440021724998,0.2294207606055925,0.00029155646503046737,0.006881817821766877,0.0005629714997415482,0.0015049743920047894,0.002377796073197225,3.527466768086829e-05
catboost_fwi_only,main_model_comparison,legacy_sampled_case_control,False,FWI-only CatBoost,fire-weather variables only,test_2023,europe,Europe,10456,494,5777,0.04724560061208875,0.5525057383320582,0.4773367906247884,0.0694131902371473,0.8117408906882592,0.12789028863020252,0.09741004162815387,0.7257207957038365,0.21212670889582103,0.0005247501902588741,0.01574529269848591,0.001087660629986586,0.00760555203203403,0.014525837868933012,0.000630036103705832
catboost_fwi_only,main_model_comparison,legacy_sampled_case_control,False,FWI-only CatBoost,fire-weather variables only,test_2024,global,Global,65063,9134,41887,0.1403870095138558,0.6437914021794261,0.4773367906247884,0.19225535368968893,0.881650974381432,0.3156739381823171,0.2463427876415789,0.662543905812142,0.22222230991430875,0.0009574626198321519,0.002266367888418492,0.0014359505868251758,0.004020246068860598,0.004675789923353694,0.000259785152955525
catboost_fwi_only,main_model_comparison,legacy_sampled_case_control,False,FWI-only CatBoost,fire-weather variables only,test_2024,eastern_siberia,Eastern Siberia,26660,6189,19217,0.23214553638409602,0.7208177044261065,0.4773367906247884,0.2900556798667846,0.900630150266602,0.43879398567267575,0.33740362241179916,0.6579776234139085,0.23017493075007997,0.000324754750567912,0.00030459047218887983,0.0004077346079398984,0.001215638594691221,0.0004065272262304012,5.3426332626012786e-05
catboost_fwi_only,main_model_comparison,legacy_sampled_case_control,False,FWI-only CatBoost,fire-weather variables only,test_2024,far_east,Far East,2229,298,1148,0.13369223867205024,0.5150291610587707,0.4773367906247884,0.21080139372822299,0.8120805369127517,0.334716459197787,0.2649064478496568,0.7262615607589349,0.21902401393111623,0.0005883716791151079,0.004745683095211722,0.0003131713862812798,0.016772618569068098,0.005992315798498188,0.00046209957164387654
catboost_fwi_only,main_model_comparison,legacy_sampled_case_control,False,FWI-only CatBoost,fire-weather variables only,test_2024,central_asia,Central Asia,9003,187,6711,0.020770854159724537,0.7454181939353549,0.4773367906247884,0.024139472507822977,0.8663101604278075,0.04697013627138301,0.020241371243524882,0.5083895833535527,0.22922477642071656,9.401943216695361e-05,0.0,0.0001779507741289508,0.0018685896018565706,0.03937509291146432,0.00019915179099657673
catboost_fwi_only,main_model_comparison,legacy_sampled_case_control,False,FWI-only CatBoost,fire-weather variables only,test_2024,europe,Europe,10472,493,5808,0.04707792207792208,0.5546218487394958,0.4773367906247884,0.06508264462809918,0.7667342799188641,0.11998095540390415,0.09051448908925437,0.700928135697541,0.2124794746855364,0.0015227018156658127,0.017211524085676572,0.002798459045536834,0.0009965674495811395,0.013887165093646616,0.000312455859646497
catboost_fwi_only,main_model_comparison,legacy_sampled_case_control,False,FWI-only CatBoost,fire-weather variables only,test_2025,global,Global,49672,3787,32751,0.07624013528748591,0.659345305202126,0.4773367906247884,0.10817990290372813,0.9355690520200687,0.1939350812852373,0.18658520204657097,0.7777890237125402,0.22259728525821706,7.829173751112627e-05,0.002318382889136271,0.00017532742096658762,0.0005593197281674017,0.003429487496187858,9.245302824323134e-05
catboost_fwi_only,main_model_comparison,legacy_sampled_case_control,False,FWI-only CatBoost,fire-weather variables only,test_2025,eastern_siberia,Eastern Siberia,19162,2442,13813,0.12743972445464982,0.720853773092579,0.4773367906247884,0.17121552161007747,0.9684684684684685,0.29098738849584743,0.23094940159233035,0.7469226852450537,0.2282909005333162,0.0006987947079625833,0.0043434077468460916,0.00120530470332955,0.00571807298017543,0.00018749562986932538,0.00021544224244958777
catboost_fwi_only,main_model_comparison,legacy_sampled_case_control,False,FWI-only CatBoost,fire-weather variables only,test_2025,far_east,Far East,1744,137,851,0.07855504587155963,0.48795871559633025,0.4773367906247884,0.14336075205640422,0.8905109489051095,0.24696356275303644,0.40509031903269144,0.8512938376355271,0.2147290011745665,0.0006725453169451291,0.03612954356427619,0.0023791735299234116,0.019911038672881028,0.03387646552975401,0.00043123834148852807
catboost_fwi_only,main_model_comparison,legacy_sampled_case_control,False,FWI-only CatBoost,fire-weather variables only,test_2025,central_asia,Central Asia,7618,304,6038,0.039905487004463114,0.7925964820162772,0.4773367906247884,0.04488241139450149,0.8914473684210527,0.08546199936928414,0.06184662697792908,0.6119068693061611,0.23348306533387375,0.0006820883452353826,0.011630045743199811,0.0012898522106192442,0.013410988188843287,0.005222707853915735,0.000426829912817841
catboost_fwi_only,main_model_comparison,legacy_sampled_case_control,False,FWI-only CatBoost,fire-weather variables only,test_2025,europe,Europe,8878,632,5639,0.07118720432529849,0.6351655778328452,0.4773367906247884,0.0929242773541408,0.8291139240506329,0.16711848190081327,0.1388423149068652,0.7113279127279202,0.22086593784285447,0.0021595682239770727,0.01006955859284638,0.003695218500562517,0.010461279464242466,0.012725955204412265,0.0008599192375536442
catboost_fwi_only,main_model_comparison,legacy_sampled_case_control,False,FWI-only CatBoost,fire-weather variables only,test_2021-2023,global,Global,206438,36593,137074,0.17725903176740718,0.6639959697342543,0.4773367906247884,0.24445190189240848,0.9156942584647337,0.38588793495597895,0.35732619711224756,0.741205986254447,0.22306002358556426,0.0006912055298281042,0.004188784881499962,0.0012337866745870246,0.0029429236119126734,0.002372790171881016,5.278636094491343e-05
catboost_fwi_only,main_model_comparison,legacy_sampled_case_control,False,FWI-only CatBoost,fire-weather variables only,test_2021-2023,eastern_siberia,Eastern Siberia,82438,22636,61068,0.2745821101919018,0.7407748853683981,0.4773367906247884,0.3476943734852951,0.93801908464393,0.507335372264169,0.43966938739515565,0.7334012318255236,0.22964671832653696,0.0011716201580339045,0.0006437607257707343,0.0011549433827489856,0.006667395958903631,0.00542924402769635,3.906012107707442e-05
catboost_fwi_only,main_model_comparison,legacy_sampled_case_control,False,FWI-only CatBoost,fire-weather variables only,test_2021-2023,far_east,Far East,6484,795,3223,0.12260950030845158,0.4970697100555213,0.4773367906247884,0.19578032888613092,0.7937106918238994,0.31408661025385765,0.3188335200302738,0.7579496346806316,0.2171234312609076,0.0014252747394149269,0.011562752396761153,0.0027430897911907,0.01071411699073464,0.0015175555544324072,0.00019818188939201015
catboost_fwi_only,main_model_comparison,legacy_sampled_case_control,False,FWI-only CatBoost,fire-weather variables only,test_2021-2023,central_asia,Central Asia,29340,2012,22233,0.06857532379004772,0.7577709611451943,0.4773367906247884,0.08473890163270814,0.9363817097415507,0.15541348731697258,0.09462304794787062,0.6416159439731633,0.2302547059522759,0.001056519696704201,0.007215375318230085,0.0018762864572020425,0.00010126654192052366,0.0010960485786348834,7.26255192616948e-05
catboost_fwi_only,main_model_comparison,legacy_sampled_case_control,False,FWI-only CatBoost,fire-weather variables only,test_2021-2023,europe,Europe,32712,1723,18427,0.052671802396674,0.5633101002690144,0.4773367906247884,0.07982851250881857,0.8537434706906558,0.14600496277915634,0.11443299472043955,0.7423582632723082,0.21304272476776379,0.001528314632318254,0.01410184463904796,0.0027621768555257296,0.003903576102019275,0.005000346462047585,0.00025630217405551195
catboost_fwi_only,main_model_comparison,legacy_sampled_case_control,False,FWI-only CatBoost,fire-weather variables only,test_2021-2025,global,Global,321173,49514,211712,0.15416613476226207,0.6591836798236465,0.4773367906247884,0.2130441354292624,0.9109342812133941,0.34532550358693237,0.31060983949734317,0.7287576125387063,0.22281875391847247,0.002828229743267361,0.008715555525491048,0.0043421949970232155,0.004054287853973917,0.007648010266043243,0.0004683959054275208
catboost_fwi_only,main_model_comparison,legacy_sampled_case_control,False,FWI-only CatBoost,fire-weather variables only,test_2021-2025,eastern_siberia,Eastern Siberia,128260,31267,94098,0.24377826290347732,0.7336503976298144,0.4773367906247884,0.31001721609385957,0.9329964499312374,0.46539305228732103,0.3903543520588144,0.7203357369178477,0.22955395333868384,0.00023325102004312378,0.001015124583327729,0.0003892233946612668,0.005823503047697783,0.004598106463961412,0.0003593848975746181
catboost_fwi_only,main_model_comparison,legacy_sampled_case_control,False,FWI-only CatBoost,fire-weather variables only,test_2021-2025,far_east,Far East,10457,1230,5222,0.11762455771253706,0.49937840680883616,0.4773367906247884,0.19054002297970127,0.8089430894308943,0.30843149411035337,0.30662564310223717,0.7613265592935543,0.21712921807369487,0.00013744952807208247,0.010922787676865404,0.0009761505165765465,0.021535917398225655,0.0017652420633655183,0.0005746388413975558
catboost_fwi_only,main_model_comparison,legacy_sampled_case_control,False,FWI-only CatBoost,fire-weather variables only,test_2021-2025,central_asia,Central Asia,45961,2503,34982,0.05445921542177063,0.7611235612802159,0.4773367906247884,0.06623406323251958,0.9256891729924092,0.12362278244631186,0.07281831347675709,0.6264002640891863,0.23058805784184278,0.0003774429660728502,0.0019479525652522168,0.0006747387022308281,0.00010031469530207986,0.0029800759169432214,0.00030827777593492745
catboost_fwi_only,main_model_comparison,legacy_sampled_case_control,False,FWI-only CatBoost,fire-weather variables only,test_2021-2025,europe,Europe,52062,2848,29874,0.05470400676116938,0.5738158349660021,0.4773367906247884,0.07943362120907813,0.8332162921348315,0.1450400342277367,0.11277836660792036,0.7294695328256826,0.21426350251006276,0.0001834192268775843,0.01034159826232615,0.00046057129075227404,0.004751367307987352,0.004701677518461965,0.00032787405482928274
random_forest_full,main_model_comparison,legacy_sampled_case_control,False,Random Forest,full features,validation,global,Global,147424,28826,47142,0.19553125678315605,0.3197715433036683,0.3723723590373993,0.4068770947350558,0.6654062304863665,0.5049757792754844,0.42495474744585393,0.7954452277742372,0.13685427357260121,0.002945662998864739,0.0012655963866801054,0.002633466948571476,0.008900942421800607,0.0024194980459474585,0.0004626019859919267
random_forest_full,main_model_comparison,legacy_sampled_case_control,False,Random Forest,full features,test,global,Global,321173,49514,100994,0.15416613476226207,0.3144535810918103,0.3723723590373993,0.38924094500663403,0.7939370683039141,0.5223775480373136,0.5367527497528798,0.8661485406002367,0.11333696055430674,0.0012387857770685756,0.013532046736946574,0.00404289371919934,0.010407908233234037,0.004922736643293834,0.0007557679654984318
random_forest_full,main_model_comparison,legacy_sampled_case_control,False,Random Forest,full features,test,eastern_siberia,Eastern Siberia,128260,31267,62199,0.24377826290347732,0.4849446436924996,0.3723723590373993,0.4451196964581424,0.88547030415454,0.5924293325915306,0.6182630013816124,0.8491261561603841,0.14872198024170702,0.003114590582215084,0.005220640714256735,0.003926509712097143,0.00499766265659673,0.003212052166804071,0.0008455261079745673
random_forest_full,main_model_comparison,legacy_sampled_case_control,False,Random Forest,full features,test,far_east,Far East,10457,1230,2787,0.11762455771253706,0.2665200344266998,0.3723723590373993,0.31216361679224974,0.7073170731707317,0.43315907393577296,0.38741914223857615,0.8346482706725843,0.11401259447972158,0.0026936679974770335,0.007473486305223706,0.0012298184890286435,0.0031308396077931663,0.0019686039302964633,0.00010095460251004081
random_forest_full,main_model_comparison,legacy_sampled_case_control,False,Random Forest,full features,test,central_asia,Central Asia,45961,2503,12060,0.05445921542177063,0.2623963795391745,0.3723723590373993,0.14966832504145938,0.7211346384338794,0.24788848451555312,0.17634217026687407,0.8231209345232864,0.09526616856319856,0.005942851931773849,0.017531573087269794,0.009191970727775618,0.016787529310956454,0.00550060629366565,0.0008361809650889121
random_forest_full,main_model_comparison,legacy_sampled_case_control,False,Random Forest,full features,test,europe,Europe,52062,2848,3640,0.05470400676116938,0.06991663785486535,0.3723723590373993,0.22939560439560439,0.293188202247191,0.2573982737361282,0.19815271013964433,0.85888067014593,0.057850391652490035,0.003112837568779479,0.004524449239767672,0.0037043006346236047,0.008169613183627822,0.00216285849487913,0.00045050077448109417
random_forest_full,main_model_comparison,legacy_sampled_case_control,False,Random Forest,full features,test_2021,global,Global,87238,24772,43366,0.28395882528256033,0.49709988766363283,0.3723723590373993,0.5201309781856754,0.9105441627644114,0.6620681558014617,0.6866468458672796,0.8676261236023587,0.1423943617822458,0.0018694224084392244,0.0011206129654303914,0.0018095069327025255,0.0018465009752079242,0.00022921925238464025,8.481309942778442e-05
random_forest_full,main_model_comparison,legacy_sampled_case_control,False,Random Forest,full features,test_2021,eastern_siberia,Eastern Siberia,44639,19789,32429,0.4433119021483456,0.7264723672125272,0.3723723590373993,0.5917851305929878,0.9697811915710748,0.7350338963575779,0.7379505758716278,0.8115912941899208,0.17787814385755107,0.0008636780840409708,0.0011963232255580616,0.0003197149991521379,0.0021587161799438777,0.0018208238629487384,0.0004057115134119747
random_forest_full,main_model_comparison,legacy_sampled_case_control,False,Random Forest,full features,test_2021,far_east,Far East,2141,270,640,0.12610929472209248,0.29892573563755254,0.3723723590373993,0.325,0.7703703703703704,0.45714285714285713,0.5271496469067483,0.8596056772967515,0.11784501679099983,0.022582879948694862,0.0026189140043946634,0.022925120677756743,0.03544496223861127,0.014406126634542582,0.008059344476017524
random_forest_full,main_model_comparison,legacy_sampled_case_control,False,Random Forest,full features,test_2021,central_asia,Central Asia,10197,903,3410,0.08855545748749633,0.3344120819848975,0.3723723590373993,0.19765395894428153,0.7464008859357697,0.3125434732204962,0.24482539090690325,0.8046798908832928,0.11475360469561553,5.023659778866086e-05,0.02114272767667416,0.0019146993133141994,0.003980278213948466,0.0011308256203224195,0.0010389198122132855
random_forest_full,main_model_comparison,legacy_sampled_case_control,False,Random Forest,full features,test_2021,europe,Europe,11926,847,946,0.07102129800436022,0.07932248868019454,0.3723723590373993,0.22727272727272727,0.2538370720188902,0.23982152816508645,0.21520248853574536,0.860331079369555,0.06831120498153954,0.008910069421321843,0.00667869450943611,0.007920184428276595,0.002258743485250419,0.0006275404805780098,8.410629593090647e-05
random_forest_full,main_model_comparison,legacy_sampled_case_control,False,Random Forest,full features,test_2022,global,Global,58312,4923,12782,0.08442516120181094,0.21920016463163672,0.3723723590373993,0.24847441714911594,0.6451350802356287,0.35876870940412314,0.27058189629372664,0.8375448367996251,0.09323261202955849,0.002129833623951904,0.0012559623111662124,0.0024153584956246874,0.007264868026402719,0.0005401166085565433,0.0004402674455290684
random_forest_full,main_model_comparison,legacy_sampled_case_control,False,Random Forest,full features,test_2022,eastern_siberia,Eastern Siberia,18946,1456,5162,0.07684999472184102,0.27245856645202154,0.3723723590373993,0.17628826036419992,0.625,0.2750075551526141,0.20871594967502605,0.7946367900966957,0.11027495629025542,0.00016432865693260157,0.007284753927059265,0.0004915469756096694,0.0032117603091894368,0.002139943323410185,0.001349257293801464
random_forest_full,main_model_comparison,legacy_sampled_case_control,False,Random Forest,full features,test_2022,far_east,Far East,2076,192,546,0.09248554913294797,0.2630057803468208,0.3723723590373993,0.25457875457875456,0.7239583333333334,0.37669376693766937,0.315381844281469,0.8312875973106866,0.10622670058395887,0.014207215712064309,0.007365695637359844,0.014451401949924093,0.05322513845961394,0.015175131431216677,0.004980686344603871
random_forest_full,main_model_comparison,legacy_sampled_case_control,False,Random Forest,full features,test_2022,central_asia,Central Asia,9862,698,2767,0.07077671871831272,0.28057189211113365,0.3723723590373993,0.18539934947596676,0.7349570200573066,0.2961038961038961,0.22409702601018494,0.8226736551023752,0.10022888330633907,0.0023757163643082215,0.004052187857802556,0.003343237326470613,0.011902396839750614,9.241676803590388e-05,0.0004928699198978135
random_forest_full,main_model_comparison,legacy_sampled_case_control,False,Random Forest,full features,test_2022,europe,Europe,10330,382,784,0.036979670861568247,0.07589545014520813,0.3723723590373993,0.22321428571428573,0.4581151832460733,0.30017152658662094,0.18574608425674652,0.8814076654098695,0.048213017746229096,0.004465059584129328,0.01851064872216095,0.007990372527387603,0.00816388638869423,0.013598665358996431,0.0005272540671356869
random_forest_full,main_model_comparison,legacy_sampled_case_control,False,Random Forest,full features,test_2023,global,Global,60888,6898,17505,0.11328997503613192,0.2874950729207726,0.3723723590373993,0.29700085689802913,0.7536967236880255,0.4260951522353809,0.3747337035522153,0.8423180836136283,0.10933309941724385,0.0037790189848542722,0.0009361519609707441,0.004031333934024006,0.0051391650886895126,0.003206974164406553,0.00064320481804118
random_forest_full,main_model_comparison,legacy_sampled_case_control,False,Random Forest,full features,test_2023,eastern_siberia,Eastern Siberia,18853,1391,6707,0.07378136105659577,0.3557524001485175,0.3723723590373993,0.15923661845832712,0.7677929547088426,0.2637688318103235,0.2633614634967782,0.8027727827359498,0.12849094635391567,0.0012511203940546308,0.008133507188342784,0.0012486027654011501,0.006917949637827983,0.0012851978889780907,0.0010837935005691098
random_forest_full,main_model_comparison,legacy_sampled_case_control,False,Random Forest,full features,test_2023,far_east,Far East,2267,333,682,0.14689016321129245,0.30083811204234673,0.3723723590373993,0.33724340175953077,0.6906906906906907,0.45320197044334976,0.3687798615969148,0.8124737974789682,0.12924973588277866,0.012074340772311393,0.008493775149387924,0.008974421425533419,0.04570151867908482,0.020465869801524292,0.005030168570264117
random_forest_full,main_model_comparison,legacy_sampled_case_control,False,Random Forest,full features,test_2023,central_asia,Central Asia,9281,411,2359,0.044284021118413966,0.2541751966382933,0.3723723590373993,0.1377702416278084,0.7907542579075426,0.23465703971119134,0.1463448582874922,0.8381298397781418,0.09222803760153635,0.00011799862848336922,0.0034409089108834385,0.0003199069599293638,0.0017987211327223915,0.006028767236081271,0.0007298816358578345
random_forest_full,main_model_comparison,legacy_sampled_case_control,False,Random Forest,full features,test_2023,europe,Europe,10456,494,579,0.04724560061208875,0.05537490436113236,0.3723723590373993,0.231433506044905,0.27125506072874495,0.24976700838769805,0.21196171610378642,0.876393351415541,0.050078682980663425,0.011621892179369283,0.012882512207852083,0.012227541515829136,0.004437928174172856,0.00036725893063941614,0.00028697270370491
random_forest_full,main_model_comparison,legacy_sampled_case_control,False,Random Forest,full features,test_2024,global,Global,65063,9134,17502,0.1403870095138558,0.26900081459508474,0.3723723590373993,0.3283053365329677,0.6290781694766805,0.4314461630875507,0.34666905446765733,0.805036565663895,0.11787776742031018,0.0022964508739396344,0.004532735776836906,0.003049390140816354,0.004562072266802907,8.86902019310339e-05,0.00032650650186915995
random_forest_full,main_model_comparison,legacy_sampled_case_control,False,Random Forest,full features,test_2024,eastern_siberia,Eastern Siberia,26660,6189,11825,0.23214553638409602,0.4435483870967742,0.3723723590373993,0.3709936575052854,0.7088382614315721,0.487065615632286,0.40111452039370465,0.7455376955269252,0.16858714120742216,0.0022314114317120485,0.00441656184673915,0.0029658862165024397,0.0027243466406595613,0.0036874051410622256,0.0007273482554091148
random_forest_full,main_model_comparison,legacy_sampled_case_control,False,Random Forest,full features,test_2024,far_east,Far East,2229,298,662,0.13369223867205024,0.29699416778824583,0.3723723590373993,0.30060422960725075,0.6677852348993288,0.41458333333333336,0.3136702445292193,0.8038224795720825,0.13009005225352743,0.008758266579011457,0.014237049285635165,0.011020641782469927,0.019711719303324115,0.010254460235510628,0.0021087618723049035
random_forest_full,main_model_comparison,legacy_sampled_case_control,False,Random Forest,full features,test_2024,central_asia,Central Asia,9003,187,1795,0.020770854159724537,0.1993779851160724,0.3723723590373993,0.07632311977715878,0.732620320855615,0.13824419778002017,0.10369979535941394,0.8526761017886779,0.07465040948227458,0.001309822260191681,0.015125278741958218,0.0024167147105416406,0.025939164661210094,0.004702201419240223,0.0002147158438597738
random_forest_full,main_model_comparison,legacy_sampled_case_control,False,Random Forest,full features,test_2024,europe,Europe,10472,493,680,0.04707792207792208,0.06493506493506493,0.3723723590373993,0.23970588235294119,0.3306288032454361,0.27791986359761295,0.18912341682074657,0.8478254639001539,0.05402096451986882,0.01116731577382509,0.04302881021419151,0.02196925105354384,0.01180062655313123,0.011480961025784817,0.0002683402454029092
random_forest_full,main_model_comparison,legacy_sampled_case_control,False,Random Forest,full features,test_2025,global,Global,49672,3787,9839,0.07624013528748591,0.19807940086970527,0.3723723590373993,0.26771013314361214,0.6955373646686032,0.3866138265081462,0.4145612992553163,0.8644387832073152,0.08486546318441761,0.0034421519759123193,0.007418825245235958,0.004738160841579455,0.013061218766329475,0.009915626363967523,0.0009494797086297846
random_forest_full,main_model_comparison,legacy_sampled_case_control,False,Random Forest,full features,test_2025,eastern_siberia,Eastern Siberia,19162,2442,6076,0.12743972445464982,0.31708589917545144,0.3723723590373993,0.35055957867017773,0.8722358722358723,0.5001173984503404,0.5244695676747524,0.8900260934052799,0.11108111909345039,0.0017150251959975834,0.0014478025822820307,0.0019736827085777395,0.002077107257790892,0.0015834041877757575,0.00047218673015624773
random_forest_full,main_model_comparison,legacy_sampled_case_control,False,Random Forest,full features,test_2025,far_east,Far East,1744,137,257,0.07855504587155963,0.1473623853211009,0.3723723590373993,0.3657587548638132,0.6861313868613139,0.47715736040609136,0.4755298441856811,0.8514528136483178,0.0782207634135592,0.01977921066256077,0.07742045049487745,0.03474191539124227,0.11435917731319292,0.04840183318638471,0.004712017074712703
random_forest_full,main_model_comparison,legacy_sampled_case_control,False,Random Forest,full features,test_2025,central_asia,Central Asia,7618,304,1729,0.039905487004463114,0.22696245733788395,0.3723723590373993,0.09022556390977443,0.5131578947368421,0.15346778160354158,0.07956115012869863,0.7561665263445735,0.09082207476189087,0.005842704824398867,0.030238118932319463,0.009803510940771766,0.0004389896035249879,0.00023947017896176886,7.138826513773235e-05
random_forest_full,main_model_comparison,legacy_sampled_case_control,False,Random Forest,full features,test_2025,europe,Europe,8878,632,651,0.07118720432529849,0.07332732597431854,0.3723723590373993,0.22734254992319508,0.23417721518987342,0.23070927513639908,0.20584837739612713,0.8240635275407793,0.06868179055932261,0.003770975649875753,0.004475359374598387,0.0041102374157818465,0.0063164198756843004,0.004572508213799572,9.597017558200916e-05
random_forest_full,main_model_comparison,legacy_sampled_case_control,False,Random Forest,full features,test_2021-2023,global,Global,206438,36593,73653,0.17725903176740718,0.35678024394733526,0.3723723590373993,0.41995573839490585,0.8452709534610444,0.5611269343105418,0.588435953996292,0.876102069580969,0.11875649426532091,0.0012984358772433144,0.004188784881499962,0.0020831236532632812,0.008546501373182608,0.004625797739526627,0.0014922145122773934
random_forest_full,main_model_comparison,legacy_sampled_case_control,False,Random Forest,full features,test_2021-2023,eastern_siberia,Eastern Siberia,82438,22636,44298,0.2745821101919018,0.537349280671535,0.3723723590373993,0.4778771050611766,0.9351917299876303,0.6325335405025846,0.6719271042073538,0.8629460022013269,0.15104698800483723,0.0014352426906647947,0.0028325471933911364,0.0006034242945510423,0.005174925893310317,0.0018525381888952251,0.0007495677752322878
random_forest_full,main_model_comparison,legacy_sampled_case_control,False,Random Forest,full features,test_2021-2023,far_east,Far East,6484,795,1868,0.12260950030845158,0.28809376927822333,0.3723723590373993,0.3088865096359743,0.7257861635220125,0.4333458505444987,0.4097894385714993,0.8334276342627447,0.11811257905738565,0.00022858519014596026,0.006226097444409851,0.001322302415341555,0.0027336036767184116,0.0005071807776829476,0.0003915079842749596
random_forest_full,main_model_comparison,legacy_sampled_case_control,False,Random Forest,full features,test_2021-2023,central_asia,Central Asia,29340,2012,8536,0.06857532379004772,0.29093387866394,0.3723723590373993,0.17713214620431114,0.7514910536779325,0.28668941979522183,0.20845086904032056,0.8219117216344788,0.10274601810593613,0.0022746315986460347,0.017007670392970842,0.004213601624375446,0.008134036575281117,0.0013743940930258764,0.0004312446408034517
random_forest_full,main_model_comparison,legacy_sampled_case_control,False,Random Forest,full features,test_2021-2023,europe,Europe,32712,1723,2309,0.052671802396674,0.07058571777940817,0.3723723590373993,0.22693806842789085,0.3041207196749855,0.25992063492063494,0.201586545161265,0.8737765372982497,0.05613666584660686,0.006352998366359269,0.01477336105043117,0.009579394569659104,0.005282292691199172,0.002304534312417546,0.0003064428235819478
random_forest_full,main_model_comparison,legacy_sampled_case_control,False,Random Forest,full features,test_2021-2025,global,Global,321173,49514,100994,0.15416613476226207,0.3144535810918103,0.3723723590373993,0.38924094500663403,0.7939370683039141,0.5223775480373136,0.5367527497528798,0.8661485406002367,0.11333696055430674,0.001957128175013689,0.005504561384520646,0.0029572903248070302,0.0035677155577574803,0.0030322892297139467,0.000741837759362382
random_forest_full,main_model_comparison,legacy_sampled_case_control,False,Random Forest,full features,test_2021-2025,eastern_siberia,Eastern Siberia,128260,31267,62199,0.24377826290347732,0.4849446436924996,0.3723723590373993,0.4451196964581424,0.88547030415454,0.5924293325915306,0.6182630013816124,0.8491261561603841,0.14872198024170702,0.0010001775843296431,0.004640569523783746,0.0019242829869643998,0.0005008916875115194,0.000908269364030127,0.0003182839521352693
random_forest_full,main_model_comparison,legacy_sampled_case_control,False,Random Forest,full features,test_2021-2025,far_east,Far East,10457,1230,2787,0.11762455771253706,0.2665200344266998,0.3723723590373993,0.31216361679224974,0.7073170731707317,0.43315907393577296,0.38741914223857615,0.8346482706725843,0.11401259447972158,0.006208421379067481,0.013797205486566794,0.008563789854070232,0.02264168897748356,0.006582345134048582,0.0017547614700157447
random_forest_full,main_model_comparison,legacy_sampled_case_control,False,Random Forest,full features,test_2021-2025,central_asia,Central Asia,45961,2503,12060,0.05445921542177063,0.2623963795391745,0.3723723590373993,0.14966832504145938,0.7211346384338794,0.24788848451555312,0.17634217026687407,0.8231209345232864,0.09526616856319856,0.0006990161591807387,0.007791810261008788,0.0014194446826868506,0.0036600138263564695,0.0018165851685933519,0.00015469852610457653
random_forest_full,main_model_comparison,legacy_sampled_case_control,False,Random Forest,full features,test_2021-2025,europe,Europe,52062,2848,3640,0.05470400676116938,0.06991663785486535,0.3723723590373993,0.22939560439560439,0.293188202247191,0.2573982737361282,0.19815271013964433,0.85888067014593,0.057850391652490035,0.017459558262659162,0.016805097176279916,0.017488504110941685,0.007587985510495902,0.0013605962645591072,0.0006119252225853955
ablation_full,feature_ablation,legacy_sampled_case_control,False,CatBoost,all features,validation,global,Global,147424,28826,47276,0.19553125678315605,0.32068048621662687,0.4920829446562272,0.40976393941957867,0.6720321931589537,0.5091061995742556,0.4520724582229606,0.7998343976028908,0.16051164081886823,0.001201535296913158,0.003977588643851749,0.0002007820379324023,0.011713373290272298,0.0033653437637003666,0.0004183030203273122
ablation_full,feature_ablation,legacy_sampled_case_control,False,CatBoost,all features,test,global,Global,321173,49514,105148,0.15416613476226207,0.32738742048677816,0.4920829446562272,0.3866930421881538,0.8211818879508825,0.5257917264745057,0.54627891056253,0.8694764922273414,0.14869584247424097,0.003961303216370146,0.0018348537948401629,0.004048385807888288,0.003915456891489145,0.001692490474861017,0.00011689840442403589
ablation_full,feature_ablation,legacy_sampled_case_control,False,CatBoost,all features,test,eastern_siberia,Eastern Siberia,128260,31267,65599,0.24377826290347732,0.511453297988461,0.4920829446562272,0.43778106373572767,0.9184763488662168,0.5929428282369459,0.6302041747524663,0.8549782337727195,0.18610827615782555,0.0007167871503937428,0.003915480535692511,0.0014751799720204705,0.003880753966746449,0.002419823888913524,0.0007929777288713092
ablation_full,feature_ablation,legacy_sampled_case_control,False,CatBoost,all features,test,far_east,Far East,10457,1230,2778,0.11762455771253706,0.2656593669312422,0.4920829446562272,0.30345572354211664,0.6853658536585366,0.42065868263473055,0.3490091183495905,0.8195531671367434,0.15084377717728992,0.0017474582440167373,0.008623253429104246,0.0033251134286332884,0.007318459658032298,0.0027668179493490663,0.0004473403557209436
ablation_full,feature_ablation,legacy_sampled_case_control,False,CatBoost,all features,test,central_asia,Central Asia,45961,2503,11178,0.05445921542177063,0.2432061965579513,0.4920829446562272,0.1343710860619073,0.600079904115062,0.2195745925005482,0.15673435638012506,0.7897245841692071,0.14616752925301987,0.00464147219907865,0.01688225556551903,0.007330577037581582,0.015828456774160428,0.009084694118169343,0.0006365233100845666
ablation_full,feature_ablation,legacy_sampled_case_control,False,CatBoost,all features,test,europe,Europe,52062,2848,4413,0.05470400676116938,0.08476431946525297,0.4920829446562272,0.22818944029005211,0.3535814606741573,0.2773722627737226,0.20493888954481776,0.8420446276420386,0.0844342892116714,0.006532897632214964,0.009048898479535343,0.0076026807475035535,0.0033182762815813617,0.001991954913630537,0.00016627684021783262
ablation_full,feature_ablation,legacy_sampled_case_control,False,CatBoost,all features,test_2021,global,Global,87238,24772,44149,0.28395882528256033,0.5060753341433779,0.4920829446562272,0.5139414256268545,0.9159534958824479,0.6584350198052843,0.6679063511686755,0.8607756971479874,0.1719389296662025,0.0005820374141297249,0.0016186631722882733,5.4580028934063156e-05,0.005448920825391068,0.0010259961199564373,0.0006373053741249812
ablation_full,feature_ablation,legacy_sampled_case_control,False,CatBoost,all features,test_2021,eastern_siberia,Eastern Siberia,44639,19789,33185,0.4433119021483456,0.7434082304711127,0.4920829446562272,0.5833057104113304,0.978169690231947,0.7308113414127685,0.7214348812099487,0.8014260722249511,0.201773365885387,0.0013416575046354237,0.0008773036987425838,0.000805919923666427,0.0010711574085830113,0.0014552185742182791,0.0006167369811697394
ablation_full,feature_ablation,legacy_sampled_case_control,False,CatBoost,all features,test_2021,far_east,Far East,2141,270,619,0.12610929472209248,0.28911723493694536,0.4920829446562272,0.3344103392568659,0.7666666666666667,0.46569178852643417,0.4292843739908073,0.8436239285784983,0.14993392981915613,0.022269133382777806,0.013094570021973083,0.024322386397368036,0.05383706638897778,0.017950968813126057,0.00886361729255996
ablation_full,feature_ablation,legacy_sampled_case_control,False,CatBoost,all features,test_2021,central_asia,Central Asia,10197,903,3490,0.08855545748749633,0.34225752672354615,0.4920829446562272,0.17363896848137536,0.6710963455149501,0.27589346687912586,0.2057136311987202,0.7680995324148446,0.169651442718587,0.0038082020579929756,0.01644434374852439,0.006196976915192281,0.011267742399519031,0.00020789868629773499,0.00027040253672587175
ablation_full,feature_ablation,legacy_sampled_case_control,False,CatBoost,all features,test_2021,europe,Europe,11926,847,1077,0.07102129800436022,0.09030689250377327,0.4920829446562272,0.3008356545961003,0.3825265643447462,0.3367983367983368,0.2642483106035508,0.8596956834531606,0.09165718306192562,0.007616190505184971,0.01419222583255172,0.010281125767476066,0.0017405755040546646,0.0015233002623827026,4.037102184444509e-05
ablation_full,feature_ablation,legacy_sampled_case_control,False,CatBoost,all features,test_2022,global,Global,58312,4923,12327,0.08442516120181094,0.21139731101660036,0.4920829446562272,0.2345258375922771,0.5872435506804794,0.33518840579710146,0.25704638502424976,0.816282511527131,0.13228728807885237,0.002785408044940985,0.0050238492446646925,0.0036630577702844967,0.006321963098996343,0.0004414033163922527,0.00023400277349865057
ablation_full,feature_ablation,legacy_sampled_case_control,False,CatBoost,all features,test_2022,eastern_siberia,Eastern Siberia,18946,1456,5188,0.07684999472184102,0.2738308877863401,0.4920829446562272,0.17444101773323054,0.6215659340659341,0.2724262492474413,0.22425660948293474,0.8014568175535157,0.15734187216657625,0.007358099196562726,0.015055158115922396,0.010422147965353415,0.004984649634407018,0.007476098464171288,0.001537881235660479
ablation_full,feature_ablation,legacy_sampled_case_control,False,CatBoost,all features,test_2022,far_east,Far East,2076,192,444,0.09248554913294797,0.2138728323699422,0.4920829446562272,0.25675675675675674,0.59375,0.3584905660377358,0.2930376814497801,0.8037060996107571,0.14032563435199427,0.017709526404635235,0.029462782549439452,0.02261784628516681,0.03729098701912285,0.0211841941672158,0.003955248336038063
ablation_full,feature_ablation,legacy_sampled_case_control,False,CatBoost,all features,test_2022,central_asia,Central Asia,9862,698,2250,0.07077671871831272,0.22814844859054959,0.4920829446562272,0.15866666666666668,0.5114613180515759,0.24219810040705564,0.17143645048304942,0.767395135943689,0.14603804452453298,0.009546691006287671,0.03950883161357497,0.015597034701530446,0.018295589205205236,0.005964363749071198,0.0007031340634166646
ablation_full,feature_ablation,legacy_sampled_case_control,False,CatBoost,all features,test_2022,europe,Europe,10330,382,719,0.036979670861568247,0.06960309777347531,0.4920829446562272,0.15855354659248957,0.29842931937172773,0.20708446866485014,0.15283663828008123,0.8578437719071107,0.07495452020796645,0.022246917274921202,0.0444255569331862,0.029657167123177872,0.02478026023681261,0.012941916920467323,0.0009094344395743614
ablation_full,feature_ablation,legacy_sampled_case_control,False,CatBoost,all features,test_2023,global,Global,60888,6898,18558,0.11328997503613192,0.3047891210090658,0.4920829446562272,0.29749973057441537,0.8003769208466223,0.43376807039597737,0.40775340155630646,0.8455419941549263,0.14795164423564963,9.488689283621204e-05,0.006241013073138112,0.001030880314837669,0.0008587653067532271,0.0005998713676450456,0.0005413295313633167
ablation_full,feature_ablation,legacy_sampled_case_control,False,CatBoost,all features,test_2023,eastern_siberia,Eastern Siberia,18853,1391,7111,0.07378136105659577,0.37718135044820456,0.4920829446562272,0.16270566727605118,0.8317757009345794,0.27217125382262997,0.3260535506094973,0.8199918714322756,0.18147425734648617,0.0018162083551039154,0.003050065195628524,0.0023896759758783638,0.0037188400611114143,0.0017873559044019414,0.0020277247830849054
ablation_full,feature_ablation,legacy_sampled_case_control,False,CatBoost,all features,test_2023,far_east,Far East,2267,333,704,0.14689016321129245,0.3105425672695192,0.4920829446562272,0.36363636363636365,0.7687687687687688,0.49373191899710706,0.3577736217978907,0.8239881556841225,0.15678176830637702,0.012000381579284984,0.019110994086122948,0.015000193047532173,0.008942983345946393,0.0037561019630372914,0.00014591494854118556
ablation_full,feature_ablation,legacy_sampled_case_control,False,CatBoost,all features,test_2023,central_asia,Central Asia,9281,411,2552,0.044284021118413966,0.27497036957224436,0.4920829446562272,0.12931034482758622,0.8029197080291971,0.22274721565980427,0.1538442477870802,0.8354910206085744,0.14675733944677555,0.0007142461049914891,0.017204544554417195,0.0017061148401272103,0.009275292871067585,0.012533908332654286,0.00055624180713034
ablation_full,feature_ablation,legacy_sampled_case_control,False,CatBoost,all features,test_2023,europe,Europe,10456,494,763,0.04724560061208875,0.07297245600612089,0.4920829446562272,0.22280471821756226,0.3441295546558704,0.27048528241845665,0.1898181375148025,0.8551243713967327,0.07707081890203239,0.0009903456319139481,0.004294170735950694,0.0020596520952877646,0.011469159712964125,0.008918385980382882,0.00026179667552917043
ablation_full,feature_ablation,legacy_sampled_case_control,False,CatBoost,all features,test_2024,global,Global,65063,9134,20383,0.1403870095138558,0.31328097382536924,0.4920829446562272,0.3396457832507482,0.7579373768338078,0.46908561168140395,0.43550132415093157,0.842139741648972,0.1493989143033993,0.00015282597834780895,0.002770005196955812,0.00039273328768826664,0.0061111822087264595,0.0013458280410767564,0.0005797844874190229
ablation_full,feature_ablation,legacy_sampled_case_control,False,CatBoost,all features,test_2024,eastern_siberia,Eastern Siberia,26660,6189,13989,0.23214553638409602,0.5247186796699175,0.4920829446562272,0.3724354850239474,0.8418161253837454,0.5164040043611855,0.4783162209157108,0.7759368661525675,0.20151197385784828,0.0006728870643492425,0.003959676138455831,0.0013958383933730797,0.0027070885800716876,0.0001610370639655616,0.00012796836764744854
ablation_full,feature_ablation,legacy_sampled_case_control,False,CatBoost,all features,test_2024,far_east,Far East,2229,298,774,0.13369223867205024,0.3472409152086137,0.4920829446562272,0.24935400516795866,0.6476510067114094,0.36007462686567165,0.3028753947257701,0.7575759682189914,0.18110218831846436,0.014761997717136993,0.026101257023664507,0.019354617066643792,0.0034032973627291666,0.016222199736260406,0.003952534879043978
ablation_full,feature_ablation,legacy_sampled_case_control,False,CatBoost,all features,test_2024,central_asia,Central Asia,9003,187,1318,0.020770854159724537,0.1463956458958125,0.4920829446562272,0.05993930197268589,0.42245989304812837,0.10498338870431893,0.08589636840555895,0.7879396478934753,0.12199758996256732,0.007616943372051586,0.037813196854895585,0.012853799689821567,0.008462097927686704,0.01809251667120239,0.0010040362480667935
ablation_full,feature_ablation,legacy_sampled_case_control,False,CatBoost,all features,test_2024,europe,Europe,10472,493,940,0.04707792207792208,0.08976317799847211,0.4920829446562272,0.17659574468085107,0.3367139959432049,0.2316817864619679,0.17105911448338812,0.8092946506121272,0.08359621565696185,0.005976549394136171,0.008605762042838326,0.003350593242009848,0.0037560758487391903,0.010588030927726724,0.00010726169534394653
ablation_full,feature_ablation,legacy_sampled_case_control,False,CatBoost,all features,test_2025,global,Global,49672,3787,9731,0.07624013528748591,0.19590513770333387,0.4920829446562272,0.27078409207686777,0.695801425930816,0.3898505696108892,0.4239983954821372,0.8524118990833072,0.12712843957889522,0.007017252497470949,0.0032457360447907166,0.007790984558438626,0.00014880250504560732,0.005074453879978506,0.00019159633579905017
ablation_full,feature_ablation,legacy_sampled_case_control,False,CatBoost,all features,test_2025,eastern_siberia,Eastern Siberia,19162,2442,6126,0.12743972445464982,0.31969523014299134,0.4920829446562272,0.34100555011426703,0.8554463554463555,0.4876283846872082,0.5351379700958673,0.8746555983996175,0.1611858737800555,0.002857976922605167,0.00202692361519489,0.0032378923391597043,0.0012777232696251249,0.004003243412860586,0.0008421777360849391
ablation_full,feature_ablation,legacy_sampled_case_control,False,CatBoost,all features,test_2025,far_east,Far East,1744,137,237,0.07855504587155963,0.13589449541284404,0.4920829446562272,0.3080168776371308,0.5328467153284672,0.39037433155080214,0.41169742651371566,0.8393751788480143,0.11808931810375788,0.021414640858508804,0.06193636039590193,0.03315665319165386,0.10080250089735217,0.04264628673183918,0.003041230891124955
ablation_full,feature_ablation,legacy_sampled_case_control,False,CatBoost,all features,test_2025,central_asia,Central Asia,7618,304,1568,0.039905487004463114,0.20582830139144132,0.4920829446562272,0.08290816326530612,0.4276315789473684,0.1388888888888889,0.08285661358255467,0.7261094890117006,0.14274661140156897,0.0003685080210651549,0.006978027445919879,0.0008872896353423732,0.002885099334428085,0.01055433806678823,0.0008633096986048593
ablation_full,feature_ablation,legacy_sampled_case_control,False,CatBoost,all features,test_2025,europe,Europe,8878,632,914,0.07118720432529849,0.10295111511601712,0.4920829446562272,0.2549234135667396,0.3686708860759494,0.3014230271668823,0.23419692575444856,0.8141360061034579,0.0954226349621382,0.006405654256367734,0.008950718749196772,0.0074692207322378254,0.01619405565971892,0.0011917693144187292,0.0003806597925838624
ablation_full,feature_ablation,legacy_sampled_case_control,False,CatBoost,all features,test_2021-2023,global,Global,206438,36593,75034,0.17725903176740718,0.3634699037967816,0.4920829446562272,0.4145054242076925,0.8499439783565162,0.557248694312308,0.581543694087822,0.87165885735908,0.15366368790094095,0.001106401048009551,0.0021941254141190124,0.000523603158742155,0.0016999180811163672,0.0039963253958505245,0.001376520870841176
ablation_full,feature_ablation,legacy_sampled_case_control,False,CatBoost,all features,test_2021-2023,eastern_siberia,Eastern Siberia,82438,22636,45484,0.2745821101919018,0.5517358499721002,0.4920829446562272,0.47091284847418874,0.946236084113801,0.6288608338226659,0.6706191195797011,0.8633809856085192,0.18691980110603176,0.002310979521905848,0.00012875214515409975,0.002028394378345299,0.0024539614637184835,0.0009065586922978659,0.0003118365579261538
ablation_full,feature_ablation,legacy_sampled_case_control,False,CatBoost,all features,test_2021-2023,far_east,Far East,6484,795,1767,0.12260950030845158,0.27251696483652066,0.4920829446562272,0.3265421618562535,0.7257861635220125,0.45042935206869633,0.3653166566982729,0.8293859605483825,0.14925182439977022,0.0074679480721984645,0.003557769968234201,0.007862174531228632,0.005738093259950799,0.004081210548900726,0.0017375203167488856
ablation_full,feature_ablation,legacy_sampled_case_control,False,CatBoost,all features,test_2021-2023,central_asia,Central Asia,29340,2012,8292,0.06857532379004772,0.28261758691206545,0.4920829446562272,0.15593342981186686,0.6426441351888668,0.2509704968944099,0.1792498449743032,0.7861623711332706,0.15447231846993525,0.0010444387223867483,0.004638455561719335,0.000992754652150165,0.006896064768342445,0.002073349684702148,0.0007381665184595581
ablation_full,feature_ablation,legacy_sampled_case_control,False,CatBoost,all features,test_2021-2023,europe,Europe,32712,1723,2559,0.052671802396674,0.07822817314746881,0.4920829446562272,0.23759280969128566,0.3528728961114335,0.28397944885567494,0.208970251855453,0.8601312239920679,0.08172035465225207,0.00994312746633284,0.018802459518730597,0.013229531367940953,6.835651715402428e-05,0.005352461073705954,0.00010667949779480111
ablation_full,feature_ablation,legacy_sampled_case_control,False,CatBoost,all features,test_2021-2025,global,Global,321173,49514,105148,0.15416613476226207,0.32738742048677816,0.4920829446562272,0.3866930421881538,0.8211818879508825,0.5257917264745057,0.54627891056253,0.8694764922273414,0.14869584247424097,0.004740898953927283,0.005275204660165606,0.00546004789362184,0.0008530944872809891,0.002112632079816754,0.0009146946332881712
ablation_full,feature_ablation,legacy_sampled_case_control,False,CatBoost,all features,test_2021-2025,eastern_siberia,Eastern Siberia,128260,31267,65599,0.24377826290347732,0.511453297988461,0.4920829446562272,0.43778106373572767,0.9184763488662168,0.5929428282369459,0.6302041747524663,0.8549782337727195,0.18610827615782555,0.0016626310804551177,0.0010151245833276506,0.0013170202350700204,0.0016470548257556238,0.0004640588700959452,0.0001419283839673884
ablation_full,feature_ablation,legacy_sampled_case_control,False,CatBoost,all features,test_2021-2025,far_east,Far East,10457,1230,2778,0.11762455771253706,0.2656593669312422,0.4920829446562272,0.30345572354211664,0.6853658536585366,0.42065868263473055,0.3490091183495905,0.8195531671367434,0.15084377717728992,0.00016765372355478076,0.002299534247761158,0.00027546897180051106,0.0022660438096129055,0.0017033737012753212,0.0007087337761141368
ablation_full,feature_ablation,legacy_sampled_case_control,False,CatBoost,all features,test_2021-2025,central_asia,Central Asia,45961,2503,11178,0.05445921542177063,0.2432061965579513,0.4920829446562272,0.1343710860619073,0.600079904115062,0.2195745925005482,0.15673435638012506,0.7897245841692071,0.14616752925301987,0.0014396754161258764,0.014934303000266812,0.002939219676848661,0.000332972651043077,0.0006612147520023058,0.00023148618199192103
ablation_full,feature_ablation,legacy_sampled_case_control,False,CatBoost,all features,test_2021-2025,europe,Europe,52062,2848,4413,0.05470400676116938,0.08476431946525297,0.4920829446562272,0.22818944029005211,0.3535814606741573,0.2773722627737226,0.20493888954481776,0.8420446276420386,0.0844342892116714,0.00026046646842745286,0.006463498913953806,0.002112029409610323,0.0021147151063970857,0.001305229521244061,0.0006745000523422985
ablation_weather_only,feature_ablation,legacy_sampled_case_control,False,Weather-only CatBoost,meteorology/history features only,validation,global,Global,147424,28826,90689,0.19553125678315605,0.6151576405469937,0.4820661726878472,0.26900726659242025,0.8463192950808298,0.4082500104589382,0.3291330341259771,0.6932195058736885,0.23666136930453324,0.0014258491915336243,0.004881586062908911,0.002209804007665169,0.004496378313344241,0.000946609864990007,7.635667545418742e-06
ablation_weather_only,feature_ablation,legacy_sampled_case_control,False,Weather-only CatBoost,meteorology/history features only,test,global,Global,321173,49514,207868,0.15416613476226207,0.6472150523238255,0.4820661726878472,0.22527276925741335,0.9457325200953266,0.3638715994125463,0.35079560274721466,0.7879567300655438,0.23573152424892674,0.0009235424412259623,0.0034403508653253643,0.0009490343827047262,0.0034177045441915305,0.001846059288289425,9.757906060827459e-05
ablation_weather_only,feature_ablation,legacy_sampled_case_control,False,Weather-only CatBoost,meteorology/history features only,test,eastern_siberia,Eastern Siberia,128260,31267,98800,0.24377826290347732,0.7703103071885233,0.4820661726878472,0.31074898785425104,0.9819298301723862,0.47209515096065874,0.4434523379588713,0.7611062988165829,0.24087008571737634,0.0019219166371407654,0.0015951957738006384,0.002401295120987749,0.005188672163429214,0.0031720773454424734,3.878332281541486e-05
ablation_weather_only,feature_ablation,legacy_sampled_case_control,False,Weather-only CatBoost,meteorology/history features only,test,far_east,Far East,10457,1230,7954,0.11762455771253706,0.760638806541073,0.4820661726878472,0.1370379683178275,0.8861788617886179,0.23736933797909407,0.18818695059731258,0.6439976879447997,0.24093701981166138,0.001437125244081612,0.010347904114925095,0.0025276058193480387,0.00968653314383702,0.017805315860814144,0.00023180228213547687
ablation_weather_only,feature_ablation,legacy_sampled_case_control,False,Weather-only CatBoost,meteorology/history features only,test,central_asia,Central Asia,45961,2503,29203,0.05445921542177063,0.6353865233567589,0.4820661726878472,0.06906824641303975,0.8058330003995205,0.12723143884438276,0.0692916337287443,0.6047241768159768,0.23614048068935156,0.0005882981465230393,0.0032465876087536686,0.0010389658462157181,0.0007148839438799239,0.0064009673911278086,0.00016734310625811022
ablation_weather_only,feature_ablation,legacy_sampled_case_control,False,Weather-only CatBoost,meteorology/history features only,test,europe,Europe,52062,2848,25032,0.05470400676116938,0.4808113403249971,0.4820661726878472,0.09076382230744647,0.797752808988764,0.1629842180774749,0.14581395180129472,0.7480498421135303,0.22803061456277068,1.1139631544312597e-05,0.0038780993483722675,6.362434965858494e-05,0.00510590636243975,0.00589114798267311,1.5705143564757324e-05
ablation_weather_only,feature_ablation,legacy_sampled_case_control,False,Weather-only CatBoost,meteorology/history features only,test_2021,global,Global,87238,24772,65661,0.28395882528256033,0.7526651229968592,0.4820661726878472,0.37111831985501287,0.983691264330696,0.5389183152167903,0.49212934565155625,0.7695141971862113,0.23924922982726385,0.0030250360535641874,0.00037353765514349,0.003250054653110092,0.00018294110889222577,0.0034556123846310243,0.000310410634593772
ablation_weather_only,feature_ablation,legacy_sampled_case_control,False,Weather-only CatBoost,meteorology/history features only,test_2021,eastern_siberia,Eastern Siberia,44639,19789,39286,0.4433119021483456,0.8800824391227402,0.4820661726878472,0.5015272616199155,0.9956541512961746,0.6670503597122303,0.5823578226057171,0.6891852392845119,0.2440704347063415,0.0020731442743013905,0.00119632322555814,0.002102292849607167,0.00511690507366874,0.003792916247038228,5.038856545698741e-06
ablation_weather_only,feature_ablation,legacy_sampled_case_control,False,Weather-only CatBoost,meteorology/history features only,test_2021,far_east,Far East,2141,270,1712,0.12610929472209248,0.7996263428304531,0.4820661726878472,0.14369158878504673,0.9111111111111111,0.248234106962664,0.16947978084195195,0.6067106122691371,0.24273024805629795,0.0030445343042820217,0.002618914004394585,0.004637926746709514,0.009288778569903391,0.013384316253351854,0.0007761447123795684
ablation_weather_only,feature_ablation,legacy_sampled_case_control,False,Weather-only CatBoost,meteorology/history features only,test_2021,central_asia,Central Asia,10197,903,7101,0.08855545748749633,0.6963812886142984,0.4820661726878472,0.11618081960287284,0.9136212624584718,0.20614692653673164,0.10796002701806688,0.6179310840344966,0.23915648747639084,0.0021886436150080207,0.021925791664699188,0.004003734240895274,0.001828647379137853,0.009203150356355475,7.218481692574375e-05
ablation_weather_only,feature_ablation,legacy_sampled_case_control,False,Weather-only CatBoost,meteorology/history features only,test_2021,europe,Europe,11926,847,6045,0.07102129800436022,0.5068757336910951,0.4820661726878472,0.1227460711331679,0.8760330578512396,0.21532211259431225,0.25606227080945876,0.817442787459773,0.22892263933752185,0.0011958091517634104,0.01335738901887214,0.0022447296329785975,0.0013806748934287543,0.0073586430596876825,9.433975098936812e-05
ablation_weather_only,feature_ablation,legacy_sampled_case_control,False,Weather-only CatBoost,meteorology/history features only,test_2022,global,Global,58312,4923,31238,0.08442516120181094,0.5357044862121004,0.4820661726878472,0.13128241244637942,0.8330286410725167,0.22681894859102347,0.1754793546417576,0.7106612409312405,0.2317919823102425,0.0006994645499872843,0.006698465659552845,0.0012916126139408334,0.009480961684881672,0.0030701948739642404,5.186618874601983e-05
ablation_weather_only,feature_ablation,legacy_sampled_case_control,False,Weather-only CatBoost,meteorology/history features only,test_2022,eastern_siberia,Eastern Siberia,18946,1456,10970,0.07684999472184102,0.5790140399028819,0.4820661726878472,0.1227894257064722,0.9251373626373627,0.21680347658136165,0.15364043996126026,0.7190762068120559,0.2343620289506155,0.000332981429674104,0.0004856502618039458,0.0005063689503675202,0.004504855855606131,0.0002527658280847439,8.016305368861552e-05
ablation_weather_only,feature_ablation,legacy_sampled_case_control,False,Weather-only CatBoost,meteorology/history features only,test_2022,far_east,Far East,2076,192,1507,0.09248554913294797,0.7259152215799615,0.4820661726878472,0.11678832116788321,0.9166666666666666,0.20718069452619187,0.16647771202763434,0.6424620156581741,0.23795878892022065,0.0010716300654319084,0.029462782549439532,0.002423372662829545,0.0029813352045394577,0.004801972222180027,0.00027345534375662617
ablation_weather_only,feature_ablation,legacy_sampled_case_control,False,Weather-only CatBoost,meteorology/history features only,test_2022,central_asia,Central Asia,9862,698,5896,0.07077671871831272,0.5978503346177246,0.4820661726878472,0.0878561736770692,0.7421203438395415,0.15711252653927812,0.07812242943956692,0.5669451847831117,0.23482489008786048,0.0003505269006918967,0.006078281786703835,0.0006966417999908362,0.0013539087285684103,0.005823361849992498,0.00011781909746120269
ablation_weather_only,feature_ablation,legacy_sampled_case_control,False,Weather-only CatBoost,meteorology/history features only,test_2022,europe,Europe,10330,382,4220,0.036979670861568247,0.4085188770571152,0.4820661726878472,0.06374407582938389,0.7041884816753927,0.11690569317687961,0.0758320567916108,0.688578382457891,0.22493987572856908,0.00013170701243031278,0.0037021297444321507,0.0002713469055341153,0.00017417522979256157,0.011006653530491173,2.343854576935385e-05
ablation_weather_only,feature_ablation,legacy_sampled_case_control,False,Weather-only CatBoost,meteorology/history features only,test_2023,global,Global,60888,6898,39704,0.11328997503613192,0.6520825121534621,0.4820661726878472,0.16290550070521861,0.9376630907509423,0.2775846530191837,0.25246500079318884,0.7760673548052963,0.23587011132269178,0.0011105807474122047,0.0024964052292552916,0.0017202384368194832,0.0022565175519254424,0.0009233507401216178,0.00012786889017465095
ablation_weather_only,feature_ablation,legacy_sampled_case_control,False,Weather-only CatBoost,meteorology/history features only,test_2023,eastern_siberia,Eastern Siberia,18853,1391,14066,0.07378136105659577,0.7460881557311834,0.4820661726878472,0.09426987060998152,0.9532710280373832,0.17157275021026072,0.16785969740628215,0.7578364061520544,0.2405903616791115,0.0017259337671809345,0.0076251629890713496,0.0029824296713547955,0.0020357204668014347,0.008246896299335912,0.0004083637082164802
ablation_weather_only,feature_ablation,legacy_sampled_case_control,False,Weather-only CatBoost,meteorology/history features only,test_2023,far_east,Far East,2267,333,1716,0.14689016321129245,0.7569475077194531,0.4820661726878472,0.18356643356643357,0.9459459459459459,0.3074670571010249,0.31308236396623124,0.7344710273872631,0.24082394924165706,0.001656957893817342,0.008493775149387924,0.002772967769359,0.00031042992807105374,0.005545767616282136,0.00013875290600320122
ablation_weather_only,feature_ablation,legacy_sampled_case_control,False,Weather-only CatBoost,meteorology/history features only,test_2023,central_asia,Central Asia,9281,411,5794,0.044284021118413966,0.6242861760586144,0.4820661726878472,0.05453917846047635,0.7688564476885644,0.10185334407735697,0.07492469390895469,0.6024613434936101,0.23637070279428773,0.0020286186601392096,0.02408636237618415,0.003749000713818701,0.00038444828571636806,0.014262024338376873,1.1127950299156283e-05
ablation_weather_only,feature_ablation,legacy_sampled_case_control,False,Weather-only CatBoost,meteorology/history features only,test_2023,europe,Europe,10456,494,5032,0.04724560061208875,0.4812547819433818,0.4820661726878472,0.07054848966613672,0.7186234817813765,0.12848353239232718,0.11898222989889004,0.7087597851593138,0.22741760841289096,0.001800705188715827,0.025765024415704166,0.003397470628959941,0.001968290465275468,0.010645264485034705,0.0002564869830402549
ablation_weather_only,feature_ablation,legacy_sampled_case_control,False,Weather-only CatBoost,meteorology/history features only,test_2024,global,Global,65063,9134,42173,0.1403870095138558,0.6481871416934356,0.4820661726878472,0.2045147369169848,0.9442741405736808,0.33621143313777846,0.3317673984684689,0.7894197763396438,0.23558566844872866,0.002344371693370408,0.004784554431105566,0.0034728179040800907,0.0010412494352100366,0.002416958138798678,0.0001709634667477796
ablation_weather_only,feature_ablation,legacy_sampled_case_control,False,Weather-only CatBoost,meteorology/history features only,test_2024,eastern_siberia,Eastern Siberia,26660,6189,21575,0.23214553638409602,0.809264816204051,0.4820661726878472,0.2823638470451912,0.9843270318306673,0.4388416654660712,0.37579368376531697,0.7135980933867652,0.24242903174251837,8.038107534413764e-05,0.001827542833133436,0.00027806413601778385,0.0034821673989343044,0.00337643308494244,6.228113868260421e-05
ablation_weather_only,feature_ablation,legacy_sampled_case_control,False,Weather-only CatBoost,meteorology/history features only,test_2024,far_east,Far East,2229,298,1741,0.13369223867205024,0.7810677433826828,0.4820661726878472,0.14531878230901782,0.8489932885906041,0.24816086316821973,0.15454412243977073,0.5407394019859655,0.24424646875227898,0.0026197877523943076,0.0,0.0037976619451802105,0.01026282841147665,0.030857999452863005,0.0007630904755628803
ablation_weather_only,feature_ablation,legacy_sampled_case_control,False,Weather-only CatBoost,meteorology/history features only,test_2024,central_asia,Central Asia,9003,187,5324,0.020770854159724537,0.5913584360768632,0.4820661726878472,0.0236664162283997,0.6737967914438503,0.0457267283614589,0.044769359626567064,0.604920137911624,0.23310356066266602,0.00142471069650699,0.04159451654038516,0.002755179303096623,0.01227398330467737,0.03906563032604226,0.00012241622468646567
ablation_weather_only,feature_ablation,legacy_sampled_case_control,False,Weather-only CatBoost,meteorology/history features only,test_2024,europe,Europe,10472,493,5347,0.04707792207792208,0.5105996944232238,0.4820661726878472,0.07574340751823452,0.821501014198783,0.1386986301369863,0.11294615262185617,0.7282934121086329,0.22872152957558148,0.0008050876205079181,0.0,0.0013523361893937472,0.01140749013614761,0.013791080784503335,0.00016816801500102617
ablation_weather_only,feature_ablation,legacy_sampled_case_control,False,Weather-only CatBoost,meteorology/history features only,test_2025,global,Global,49672,3787,29092,0.07624013528748591,0.5856820744081173,0.4820661726878472,0.11223016636876117,0.862160021124901,0.198607013595304,0.18105574402722524,0.7310847870874071,0.23419940346591941,0.00021368549157878852,0.006027795511754132,0.0004935953272332168,0.0025819220884360523,0.0009263994501087358,1.201862705816197e-06
ablation_weather_only,feature_ablation,legacy_sampled_case_control,False,Weather-only CatBoost,meteorology/history features only,test_2025,eastern_siberia,Eastern Siberia,19162,2442,12903,0.12743972445464982,0.6733639494833524,0.4820661726878472,0.17313802991552352,0.9148239148239148,0.29116976213750406,0.3074017078731733,0.7468595825055154,0.23795564052625617,0.0012371349923558602,0.004922528779758952,0.0019985185172714174,0.0005998636652458074,0.00014187945759971276,8.58298919813463e-05
ablation_weather_only,feature_ablation,legacy_sampled_case_control,False,Weather-only CatBoost,meteorology/history features only,test_2025,far_east,Far East,1744,137,1278,0.07855504587155963,0.7327981651376146,0.4820661726878472,0.0782472613458529,0.7299270072992701,0.1413427561837456,0.1522823715735395,0.5551942005550534,0.2381979572843833,0.007716636789815048,0.08258181386120268,0.014140494879239997,0.023947849530779112,0.06321144518521825,0.00029464599568626457
ablation_weather_only,feature_ablation,legacy_sampled_case_control,False,Weather-only CatBoost,meteorology/history features only,test_2025,central_asia,Central Asia,7618,304,5088,0.039905487004463114,0.66789183512733,0.4820661726878472,0.04559748427672956,0.7631578947368421,0.08605341246290801,0.051535669412810424,0.5664402623663342,0.23711512402734095,0.00010712745270414829,0.0,0.00019059337419851383,0.00017221057648424275,0.005172301448383986,3.566285378138544e-05
ablation_weather_only,feature_ablation,legacy_sampled_case_control,False,Weather-only CatBoost,meteorology/history features only,test_2025,europe,Europe,8878,632,4388,0.07118720432529849,0.4942554629421041,0.4820661726878472,0.1141750227894257,0.7927215189873418,0.199601593625498,0.17096526573086762,0.7343304348560253,0.23033556781604933,0.0029669544927669383,0.010069558592846459,0.004858874039940838,0.002258647602429118,0.0017730341567901299,0.00024078985499896165
ablation_weather_only,feature_ablation,legacy_sampled_case_control,False,Weather-only CatBoost,meteorology/history features only,test_2021-2023,global,Global,206438,36593,136603,0.17725903176740718,0.66171441304411,0.4820661726878472,0.25575573010841635,0.9547454431175362,0.40343887849603915,0.3791297531649369,0.7847490643484231,0.23614614422907493,0.002560983771717154,0.0053855805619285775,0.0036649366897362136,0.008209699268157126,0.0063407866757517785,0.0002514025369685868
ablation_weather_only,feature_ablation,legacy_sampled_case_control,False,Weather-only CatBoost,meteorology/history features only,test_2021-2023,eastern_siberia,Eastern Siberia,82438,22636,64322,0.2745821101919018,0.7802469734831025,0.4820661726878472,0.34787475513821087,0.9885138717087825,0.5146392511327308,0.47883227888629915,0.758711861220132,0.2410433686417796,0.001939415688946511,0.0007725128709248339,0.0022240600332820866,0.0033753438874385673,0.0021766105685887575,6.740931679020895e-05
ablation_weather_only,feature_ablation,legacy_sampled_case_control,False,Weather-only CatBoost,meteorology/history features only,test_2021-2023,far_east,Far East,6484,795,4935,0.12260950030845158,0.7611042566317088,0.4820661726878472,0.14934143870314084,0.9270440251572327,0.25724258289703317,0.21836560410902758,0.6795584770786832,0.2405360579607879,0.000634538969259147,0.003557769968234201,0.0010784233001184616,0.0021034192581521702,0.011014140390321765,2.9751466932003954e-05
ablation_weather_only,feature_ablation,legacy_sampled_case_control,False,Weather-only CatBoost,meteorology/history features only,test_2021-2023,central_asia,Central Asia,29340,2012,18791,0.06857532379004772,0.6404567143830947,0.4820661726878472,0.08828694587834601,0.8245526838966203,0.15949622650579243,0.08317528686760234,0.5996269892355469,0.23681929998217524,0.00022950574260427074,0.0005153839513021657,0.00036505481238586097,0.0001311716669168685,0.00022749326495492283,0.00017585270884640366
ablation_weather_only,feature_ablation,legacy_sampled_case_control,False,Weather-only CatBoost,meteorology/history features only,test_2021-2023,europe,Europe,32712,1723,15297,0.052671802396674,0.46762655906089506,0.4820661726878472,0.0892985552722756,0.7928032501450958,0.16051703877790835,0.1498561870697578,0.7562144521466971,0.2271838721747552,0.00020674353409161074,0.008729713347982107,0.000513529665194715,0.0014714604671563177,0.00011885418723668502,7.584662615489171e-05
ablation_weather_only,feature_ablation,legacy_sampled_case_control,False,Weather-only CatBoost,meteorology/history features only,test_2021-2025,global,Global,321173,49514,207868,0.15416613476226207,0.6472150523238255,0.4820661726878472,0.22527276925741335,0.9457325200953266,0.3638715994125463,0.35079560274721466,0.7879567300655438,0.23573152424892674,0.000529714012175919,0.0009174268974200814,0.0007582179185458962,0.002056307852957289,0.0006896428738999567,9.480580462851185e-05
ablation_weather_only,feature_ablation,legacy_sampled_case_control,False,Weather-only CatBoost,meteorology/history features only,test_2021-2025,eastern_siberia,Eastern Siberia,128260,31267,98800,0.24377826290347732,0.7703103071885233,0.4820661726878472,0.31074898785425104,0.9819298301723862,0.47209515096065874,0.4434523379588713,0.7611062988165829,0.24087008571737634,7.281855684789521e-05,0.00145017797618247,0.00025186323565225537,0.005182892891347424,0.001725303317828834,9.25000539734577e-05
ablation_weather_only,feature_ablation,legacy_sampled_case_control,False,Weather-only CatBoost,meteorology/history features only,test_2021-2025,far_east,Far East,10457,1230,7954,0.11762455771253706,0.760638806541073,0.4820661726878472,0.1370379683178275,0.8861788617886179,0.23736933797909407,0.18818695059731258,0.6439976879447997,0.24093701981166138,0.00026037671570265306,0.0028744178097013895,0.0004937645470447233,0.002400183189328021,0.01071487758190548,3.5653010151540913e-06
ablation_weather_only,feature_ablation,legacy_sampled_case_control,False,Weather-only CatBoost,meteorology/history features only,test_2021-2025,central_asia,Central Asia,45961,2503,29203,0.05445921542177063,0.6353865233567589,0.4820661726878472,0.06906824641303975,0.8058330003995205,0.12723143884438276,0.0692916337287443,0.6047241768159768,0.23614048068935156,0.0009562369526831889,0.014284985478516124,0.0018005791278351663,0.0017095613748732313,0.006191246518469023,0.00013144087145204228
ablation_weather_only,feature_ablation,legacy_sampled_case_control,False,Weather-only CatBoost,meteorology/history features only,test_2021-2025,europe,Europe,52062,2848,25032,0.05470400676116938,0.4808113403249971,0.4820661726878472,0.09076382230744647,0.797752808988764,0.1629842180774749,0.14581395180129472,0.7480498421135303,0.22803061456277068,0.00011961995490124783,0.003878099348372346,0.00011380746981542752,0.000677967085955806,0.0007209300399238392,0.0001485971839928647
ablation_fwi_only,feature_ablation,legacy_sampled_case_control,False,FWI-only CatBoost,fire-weather variables only,validation,global,Global,147424,28826,98726,0.19553125678315605,0.6696738658563056,0.4773367906247884,0.2581589449587748,0.8841670713938805,0.3996330908178625,0.28550377838855173,0.6516731448644614,0.22549367336275047,0.0009998961001516714,0.00018079948381143242,0.0011818756198747954,0.0039522180465893205,0.0033336035597083757,4.109232421831414e-05
ablation_fwi_only,feature_ablation,legacy_sampled_case_control,False,FWI-only CatBoost,fire-weather variables only,test,global,Global,321173,49514,211712,0.15416613476226207,0.6591836798236465,0.4773367906247884,0.2130441354292624,0.9109342812133941,0.34532550358693237,0.31060983949734317,0.7287576125387063,0.22281875391847247,0.0010001482417101122,0.0022935672435503212,0.0011497029084153844,0.002969252548730986,0.0012931397037880088,0.00028578554528201777
ablation_fwi_only,feature_ablation,legacy_sampled_case_control,False,FWI-only CatBoost,fire-weather variables only,test,eastern_siberia,Eastern Siberia,128260,31267,94098,0.24377826290347732,0.7336503976298144,0.4773367906247884,0.31001721609385957,0.9329964499312374,0.46539305228732103,0.3903543520588144,0.7203357369178477,0.22955395333868384,0.0020371506243119977,0.006815836488057373,0.0031431027699493036,0.010583236386694858,0.01039154063076526,0.00028312869272585227
ablation_fwi_only,feature_ablation,legacy_sampled_case_control,False,FWI-only CatBoost,fire-weather variables only,test,far_east,Far East,10457,1230,5222,0.11762455771253706,0.49937840680883616,0.4773367906247884,0.19054002297970127,0.8089430894308943,0.30843149411035337,0.30662564310223717,0.7613265592935543,0.21712921807369487,0.003961571100804906,0.009198136991044477,0.005862129884104958,0.0009156033356464581,0.006113472667875256,0.0003663993789802397
ablation_fwi_only,feature_ablation,legacy_sampled_case_control,False,FWI-only CatBoost,fire-weather variables only,test,central_asia,Central Asia,45961,2503,34982,0.05445921542177063,0.7611235612802159,0.4773367906247884,0.06623406323251958,0.9256891729924092,0.12362278244631186,0.07281831347675709,0.6264002640891863,0.23058805784184278,7.544928313333691e-05,0.0012986350435014516,0.00011984299639071956,0.001994293530513565,0.004305544107462104,0.00019980710173616518
ablation_fwi_only,feature_ablation,legacy_sampled_case_control,False,FWI-only CatBoost,fire-weather variables only,test,europe,Europe,52062,2848,29874,0.05470400676116938,0.5738158349660021,0.4773367906247884,0.07943362120907813,0.8332162921348315,0.1450400342277367,0.11277836660792036,0.7294695328256826,0.21426350251006276,0.0012275705986883796,0.009695248370930708,0.0021930402280250704,0.0052109054283299705,0.009585249916706413,0.00029213632755339697
ablation_fwi_only,feature_ablation,legacy_sampled_case_control,False,FWI-only CatBoost,fire-weather variables only,test_2021,global,Global,87238,24772,63001,0.28395882528256033,0.7221738233338683,0.4773367906247884,0.36770844907223693,0.9351687388987566,0.5278616431020929,0.499407157884928,0.7511172863117466,0.2282123943587337,0.0008587954040475901,0.0009961004137159209,0.0010439375917751428,0.00041689907234702305,0.0012989308328550107,0.0001156594651966445
ablation_fwi_only,feature_ablation,legacy_sampled_case_control,False,FWI-only CatBoost,fire-weather variables only,test_2021,eastern_siberia,Eastern Siberia,44639,19789,36703,0.4433119021483456,0.8222182396559062,0.4773367906247884,0.5116747949758875,0.9490120774167466,0.664872902357856,0.5751614418646188,0.6907304110681575,0.2367847209126098,0.0001078893765930142,0.0001595097634076997,0.00013024647167339233,0.0015351627856385452,0.0014800819830914718,0.00010612898269136154
ablation_fwi_only,feature_ablation,legacy_sampled_case_control,False,FWI-only CatBoost,fire-weather variables only,test_2021,far_east,Far East,2141,270,1082,0.12610929472209248,0.5053713218122373,0.4773367906247884,0.21256931608133087,0.8518518518518519,0.34023668639053256,0.35805331822385716,0.7967486192766791,0.2172407915301947,0.0015721594372671078,0.04190262407031391,0.005283296254715476,0.013696340335598528,0.005196535671467199,0.0005157977464303116
ablation_fwi_only,feature_ablation,legacy_sampled_case_control,False,FWI-only CatBoost,fire-weather variables only,test_2021,central_asia,Central Asia,10197,903,7897,0.08855545748749633,0.7744434637638521,0.4773367906247884,0.11080157021653793,0.9689922480620154,0.19886363636363635,0.12577716037069125,0.6543413497937798,0.23122500606869062,0.0011408201125235648,0.00783063988024972,0.002002403288123467,0.0033208905144193742,0.005862995717957868,0.00027681558603522867
ablation_fwi_only,feature_ablation,legacy_sampled_case_control,False,FWI-only CatBoost,fire-weather variables only,test_2021,europe,Europe,11926,847,7019,0.07102129800436022,0.588546033875566,0.4773367906247884,0.10642541672602934,0.8819362455726092,0.18993135011441648,0.15607040090791285,0.7570555588057988,0.21522325410010415,0.0007503095453168169,0.002504510441038497,0.0011330167204702168,0.011036403324260527,0.00961422458891194,0.0005309847315240462
ablation_fwi_only,feature_ablation,legacy_sampled_case_control,False,FWI-only CatBoost,fire-weather variables only,test_2022,global,Global,58312,4923,36121,0.08442516120181094,0.6194436822609412,0.4773367906247884,0.1233908252816921,0.9053422709729839,0.21718156125134003,0.15630868228263722,0.6991836126162148,0.21836901171723255,0.001624586366113352,0.008791736178163173,0.0027703463434819308,0.0013404788579256817,0.003169982752053705,0.00035248650466961106
ablation_fwi_only,feature_ablation,legacy_sampled_case_control,False,FWI-only CatBoost,fire-weather variables only,test_2022,eastern_siberia,Eastern Siberia,18946,1456,12470,0.07684999472184102,0.6581864245751082,0.4773367906247884,0.11010425020048116,0.9429945054945055,0.19718512135573746,0.15031055302131302,0.7338525075553377,0.2213441862524838,0.00036118557646059885,0.005827803141647349,0.0007062298939181159,0.004550625797737134,0.009138013652528032,0.00023770070046232598
ablation_fwi_only,feature_ablation,legacy_sampled_case_control,False,FWI-only CatBoost,fire-weather variables only,test_2022,far_east,Far East,2076,192,1004,0.09248554913294797,0.4836223506743738,0.4773367906247884,0.1603585657370518,0.8385416666666666,0.2692307692307692,0.2846809739528567,0.7875682833510262,0.2154914608332214,0.0043126750499623305,0.014731391274719766,0.006842935805302479,0.03950381661419322,0.020068979368618598,0.0010296435240453317
ablation_fwi_only,feature_ablation,legacy_sampled_case_control,False,FWI-only CatBoost,fire-weather variables only,test_2022,central_asia,Central Asia,9862,698,7423,0.07077671871831272,0.7526870817278443,0.4773367906247884,0.0868920921460326,0.9240687679083095,0.1588474325821943,0.0952107492440504,0.6281784708820737,0.23003626106031552,3.318516436571504e-05,0.0030391408933519173,1.0443458775275912e-05,0.004059808434185664,0.003672626885253355,5.2025427225391875e-05
ablation_fwi_only,feature_ablation,legacy_sampled_case_control,False,FWI-only CatBoost,fire-weather variables only,test_2022,europe,Europe,10330,382,5631,0.036979670861568247,0.5451113262342692,0.4773367906247884,0.05736103711596519,0.8455497382198953,0.10743389323133211,0.10078160420430637,0.7201561996728538,0.21145248944729345,0.0027862592751967557,0.03517023257210575,0.005171867661306775,0.005661791599961141,0.00433496766465805,0.00042858938812359414
ablation_fwi_only,feature_ablation,legacy_sampled_case_control,False,FWI-only CatBoost,fire-weather variables only,test_2023,global,Global,60888,6898,37952,0.11328997503613192,0.6233083694652477,0.4773367906247884,0.15506429173693087,0.8531458393737316,0.2624303232998885,0.18342691279747217,0.6644920969171024,0.2201704519549705,0.00046651314662058926,0.0034325571902259575,0.0005060490681574397,0.005257984439310319,0.0040263314815491055,0.00035904507705772137
ablation_fwi_only,feature_ablation,legacy_sampled_case_control,False,FWI-only CatBoost,fire-weather variables only,test_2023,eastern_siberia,Eastern Siberia,18853,1391,11895,0.07378136105659577,0.6309340688484592,0.4773367906247884,0.09079445145018916,0.7764198418404026,0.16257714887851873,0.14103820748870535,0.6558882794567331,0.2210892725744182,0.000393008612581198,0.0055917861919856145,0.000508371074632249,0.0037484690055963965,0.00015969087762592404,0.0006153343220754842
ablation_fwi_only,feature_ablation,legacy_sampled_case_control,False,FWI-only CatBoost,fire-weather variables only,test_2023,far_east,Far East,2267,333,1137,0.14689016321129245,0.5015438906043229,0.4773367906247884,0.21108179419525067,0.7207207207207207,0.32653061224489793,0.326300069084378,0.7090006242022788,0.21850706702241313,0.0009719554222156376,0.014864106511428906,0.002707333776189029,0.05939470144318699,0.016870069179207182,9.852716114599645e-05
ablation_fwi_only,feature_ablation,legacy_sampled_case_control,False,FWI-only CatBoost,fire-weather variables only,test_2023,central_asia,Central Asia,9281,411,6913,0.044284021118413966,0.7448550802715225,0.4773367906247884,0.05265441921018371,0.8856447688564477,0.099399235390497,0.061106008155763294,0.6291440021724998,0.2294207606055925,0.00029155646503046737,0.006881817821766877,0.0005629714997415482,0.0015049743920047894,0.002377796073197225,3.527466768086829e-05
ablation_fwi_only,feature_ablation,legacy_sampled_case_control,False,FWI-only CatBoost,fire-weather variables only,test_2023,europe,Europe,10456,494,5777,0.04724560061208875,0.5525057383320582,0.4773367906247884,0.0694131902371473,0.8117408906882592,0.12789028863020252,0.09741004162815387,0.7257207957038365,0.21212670889582103,0.0005247501902588741,0.01574529269848591,0.001087660629986586,0.00760555203203403,0.014525837868933012,0.000630036103705832
ablation_fwi_only,feature_ablation,legacy_sampled_case_control,False,FWI-only CatBoost,fire-weather variables only,test_2024,global,Global,65063,9134,41887,0.1403870095138558,0.6437914021794261,0.4773367906247884,0.19225535368968893,0.881650974381432,0.3156739381823171,0.2463427876415789,0.662543905812142,0.22222230991430875,0.0009574626198321519,0.002266367888418492,0.0014359505868251758,0.004020246068860598,0.004675789923353694,0.000259785152955525
ablation_fwi_only,feature_ablation,legacy_sampled_case_control,False,FWI-only CatBoost,fire-weather variables only,test_2024,eastern_siberia,Eastern Siberia,26660,6189,19217,0.23214553638409602,0.7208177044261065,0.4773367906247884,0.2900556798667846,0.900630150266602,0.43879398567267575,0.33740362241179916,0.6579776234139085,0.23017493075007997,0.000324754750567912,0.00030459047218887983,0.0004077346079398984,0.001215638594691221,0.0004065272262304012,5.3426332626012786e-05
ablation_fwi_only,feature_ablation,legacy_sampled_case_control,False,FWI-only CatBoost,fire-weather variables only,test_2024,far_east,Far East,2229,298,1148,0.13369223867205024,0.5150291610587707,0.4773367906247884,0.21080139372822299,0.8120805369127517,0.334716459197787,0.2649064478496568,0.7262615607589349,0.21902401393111623,0.0005883716791151079,0.004745683095211722,0.0003131713862812798,0.016772618569068098,0.005992315798498188,0.00046209957164387654
ablation_fwi_only,feature_ablation,legacy_sampled_case_control,False,FWI-only CatBoost,fire-weather variables only,test_2024,central_asia,Central Asia,9003,187,6711,0.020770854159724537,0.7454181939353549,0.4773367906247884,0.024139472507822977,0.8663101604278075,0.04697013627138301,0.020241371243524882,0.5083895833535527,0.22922477642071656,9.401943216695361e-05,0.0,0.0001779507741289508,0.0018685896018565706,0.03937509291146432,0.00019915179099657673
ablation_fwi_only,feature_ablation,legacy_sampled_case_control,False,FWI-only CatBoost,fire-weather variables only,test_2024,europe,Europe,10472,493,5808,0.04707792207792208,0.5546218487394958,0.4773367906247884,0.06508264462809918,0.7667342799188641,0.11998095540390415,0.09051448908925437,0.700928135697541,0.2124794746855364,0.0015227018156658127,0.017211524085676572,0.002798459045536834,0.0009965674495811395,0.013887165093646616,0.000312455859646497
ablation_fwi_only,feature_ablation,legacy_sampled_case_control,False,FWI-only CatBoost,fire-weather variables only,test_2025,global,Global,49672,3787,32751,0.07624013528748591,0.659345305202126,0.4773367906247884,0.10817990290372813,0.9355690520200687,0.1939350812852373,0.18658520204657097,0.7777890237125402,0.22259728525821706,7.829173751112627e-05,0.002318382889136271,0.00017532742096658762,0.0005593197281674017,0.003429487496187858,9.245302824323134e-05
ablation_fwi_only,feature_ablation,legacy_sampled_case_control,False,FWI-only CatBoost,fire-weather variables only,test_2025,eastern_siberia,Eastern Siberia,19162,2442,13813,0.12743972445464982,0.720853773092579,0.4773367906247884,0.17121552161007747,0.9684684684684685,0.29098738849584743,0.23094940159233035,0.7469226852450537,0.2282909005333162,0.0006987947079625833,0.0043434077468460916,0.00120530470332955,0.00571807298017543,0.00018749562986932538,0.00021544224244958777
ablation_fwi_only,feature_ablation,legacy_sampled_case_control,False,FWI-only CatBoost,fire-weather variables only,test_2025,far_east,Far East,1744,137,851,0.07855504587155963,0.48795871559633025,0.4773367906247884,0.14336075205640422,0.8905109489051095,0.24696356275303644,0.40509031903269144,0.8512938376355271,0.2147290011745665,0.0006725453169451291,0.03612954356427619,0.0023791735299234116,0.019911038672881028,0.03387646552975401,0.00043123834148852807
ablation_fwi_only,feature_ablation,legacy_sampled_case_control,False,FWI-only CatBoost,fire-weather variables only,test_2025,central_asia,Central Asia,7618,304,6038,0.039905487004463114,0.7925964820162772,0.4773367906247884,0.04488241139450149,0.8914473684210527,0.08546199936928414,0.06184662697792908,0.6119068693061611,0.23348306533387375,0.0006820883452353826,0.011630045743199811,0.0012898522106192442,0.013410988188843287,0.005222707853915735,0.000426829912817841
ablation_fwi_only,feature_ablation,legacy_sampled_case_control,False,FWI-only CatBoost,fire-weather variables only,test_2025,europe,Europe,8878,632,5639,0.07118720432529849,0.6351655778328452,0.4773367906247884,0.0929242773541408,0.8291139240506329,0.16711848190081327,0.1388423149068652,0.7113279127279202,0.22086593784285447,0.0021595682239770727,0.01006955859284638,0.003695218500562517,0.010461279464242466,0.012725955204412265,0.0008599192375536442
ablation_fwi_only,feature_ablation,legacy_sampled_case_control,False,FWI-only CatBoost,fire-weather variables only,test_2021-2023,global,Global,206438,36593,137074,0.17725903176740718,0.6639959697342543,0.4773367906247884,0.24445190189240848,0.9156942584647337,0.38588793495597895,0.35732619711224756,0.741205986254447,0.22306002358556426,0.0006912055298281042,0.004188784881499962,0.0012337866745870246,0.0029429236119126734,0.002372790171881016,5.278636094491343e-05
ablation_fwi_only,feature_ablation,legacy_sampled_case_control,False,FWI-only CatBoost,fire-weather variables only,test_2021-2023,eastern_siberia,Eastern Siberia,82438,22636,61068,0.2745821101919018,0.7407748853683981,0.4773367906247884,0.3476943734852951,0.93801908464393,0.507335372264169,0.43966938739515565,0.7334012318255236,0.22964671832653696,0.0011716201580339045,0.0006437607257707343,0.0011549433827489856,0.006667395958903631,0.00542924402769635,3.906012107707442e-05
ablation_fwi_only,feature_ablation,legacy_sampled_case_control,False,FWI-only CatBoost,fire-weather variables only,test_2021-2023,far_east,Far East,6484,795,3223,0.12260950030845158,0.4970697100555213,0.4773367906247884,0.19578032888613092,0.7937106918238994,0.31408661025385765,0.3188335200302738,0.7579496346806316,0.2171234312609076,0.0014252747394149269,0.011562752396761153,0.0027430897911907,0.01071411699073464,0.0015175555544324072,0.00019818188939201015
ablation_fwi_only,feature_ablation,legacy_sampled_case_control,False,FWI-only CatBoost,fire-weather variables only,test_2021-2023,central_asia,Central Asia,29340,2012,22233,0.06857532379004772,0.7577709611451943,0.4773367906247884,0.08473890163270814,0.9363817097415507,0.15541348731697258,0.09462304794787062,0.6416159439731633,0.2302547059522759,0.001056519696704201,0.007215375318230085,0.0018762864572020425,0.00010126654192052366,0.0010960485786348834,7.26255192616948e-05
ablation_fwi_only,feature_ablation,legacy_sampled_case_control,False,FWI-only CatBoost,fire-weather variables only,test_2021-2023,europe,Europe,32712,1723,18427,0.052671802396674,0.5633101002690144,0.4773367906247884,0.07982851250881857,0.8537434706906558,0.14600496277915634,0.11443299472043955,0.7423582632723082,0.21304272476776379,0.001528314632318254,0.01410184463904796,0.0027621768555257296,0.003903576102019275,0.005000346462047585,0.00025630217405551195
ablation_fwi_only,feature_ablation,legacy_sampled_case_control,False,FWI-only CatBoost,fire-weather variables only,test_2021-2025,global,Global,321173,49514,211712,0.15416613476226207,0.6591836798236465,0.4773367906247884,0.2130441354292624,0.9109342812133941,0.34532550358693237,0.31060983949734317,0.7287576125387063,0.22281875391847247,0.002828229743267361,0.008715555525491048,0.0043421949970232155,0.004054287853973917,0.007648010266043243,0.0004683959054275208
ablation_fwi_only,feature_ablation,legacy_sampled_case_control,False,FWI-only CatBoost,fire-weather variables only,test_2021-2025,eastern_siberia,Eastern Siberia,128260,31267,94098,0.24377826290347732,0.7336503976298144,0.4773367906247884,0.31001721609385957,0.9329964499312374,0.46539305228732103,0.3903543520588144,0.7203357369178477,0.22955395333868384,0.00023325102004312378,0.001015124583327729,0.0003892233946612668,0.005823503047697783,0.004598106463961412,0.0003593848975746181
ablation_fwi_only,feature_ablation,legacy_sampled_case_control,False,FWI-only CatBoost,fire-weather variables only,test_2021-2025,far_east,Far East,10457,1230,5222,0.11762455771253706,0.49937840680883616,0.4773367906247884,0.19054002297970127,0.8089430894308943,0.30843149411035337,0.30662564310223717,0.7613265592935543,0.21712921807369487,0.00013744952807208247,0.010922787676865404,0.0009761505165765465,0.021535917398225655,0.0017652420633655183,0.0005746388413975558
ablation_fwi_only,feature_ablation,legacy_sampled_case_control,False,FWI-only CatBoost,fire-weather variables only,test_2021-2025,central_asia,Central Asia,45961,2503,34982,0.05445921542177063,0.7611235612802159,0.4773367906247884,0.06623406323251958,0.9256891729924092,0.12362278244631186,0.07281831347675709,0.6264002640891863,0.23058805784184278,0.0003774429660728502,0.0019479525652522168,0.0006747387022308281,0.00010031469530207986,0.0029800759169432214,0.00030827777593492745
ablation_fwi_only,feature_ablation,legacy_sampled_case_control,False,FWI-only CatBoost,fire-weather variables only,test_2021-2025,europe,Europe,52062,2848,29874,0.05470400676116938,0.5738158349660021,0.4773367906247884,0.07943362120907813,0.8332162921348315,0.1450400342277367,0.11277836660792036,0.7294695328256826,0.21426350251006276,0.0001834192268775843,0.01034159826232615,0.00046057129075227404,0.004751367307987352,0.004701677518461965,0.00032787405482928274
ablation_no_anthropogenic,feature_ablation,legacy_sampled_case_control,False,CatBoost,full minus roads/population/night lights,validation,global,Global,147424,28826,42503,0.19553125678315605,0.288304482309529,0.5002497225079148,0.4082535350445851,0.6019565669881357,0.4865342287148285,0.4316101383087889,0.7782168997472374,0.17290789615183555,0.0025584742187033673,0.009401573158194957,0.004872173142847418,0.006971491807199273,0.0035532228469151153,0.0003614816046539044
ablation_no_anthropogenic,feature_ablation,legacy_sampled_case_control,False,CatBoost,full minus roads/population/night lights,test,global,Global,321173,49514,99808,0.15416613476226207,0.310760867196184,0.5002497225079148,0.39414676178262265,0.7945025649311306,0.5269015952103507,0.5264652504132801,0.8579466508455019,0.1627928257630968,0.0014664838900738178,0.0009174268974200814,0.001112611397815885,0.007850879185353581,0.0016179702150383678,0.00023413365220127923
ablation_no_anthropogenic,feature_ablation,legacy_sampled_case_control,False,CatBoost,full minus roads/population/night lights,test,eastern_siberia,Eastern Siberia,128260,31267,62214,0.24377826290347732,0.48506159363792295,0.5002497225079148,0.45195615134857103,0.8992867879873349,0.6015767910056589,0.6191896357699587,0.8489866183648631,0.1890942731723154,0.004311819682078718,0.007105872083293867,0.005408087376743075,0.0028632248614176565,0.0029205878720272274,0.0008326011286617555
ablation_no_anthropogenic,feature_ablation,legacy_sampled_case_control,False,CatBoost,full minus roads/population/night lights,test,far_east,Far East,10457,1230,2379,0.11762455771253706,0.22750310796595583,0.5002497225079148,0.30474989491382937,0.5894308943089431,0.40177334441673596,0.32242957696546015,0.7898064711112052,0.15996792213337788,0.0037386263983032,0.0034493013716416984,0.004038399381366523,0.0011895190225999603,0.0003404629049771185,0.0003746388884133903
ablation_no_anthropogenic,feature_ablation,legacy_sampled_case_control,False,CatBoost,full minus roads/population/night lights,test,central_asia,Central Asia,45961,2503,10367,0.05445921542177063,0.2255608015491395,0.5002497225079148,0.12404745828108421,0.5137834598481822,0.19984459984459985,0.12360815780834947,0.7341671700434695,0.17223907414872938,0.004158125952177855,0.020128843174272697,0.006917348946390138,0.006881702775199922,0.010239017303814489,0.0007629328745454352
ablation_no_anthropogenic,feature_ablation,legacy_sampled_case_control,False,CatBoost,full minus roads/population/night lights,test,europe,Europe,52062,2848,4013,0.05470400676116938,0.0770811724482348,0.5002497225079148,0.17318714178918515,0.2440308988764045,0.2025943739979595,0.16934770822929765,0.7943217698227371,0.12012303189336536,0.008245864329641963,0.010341598262326113,0.009204632554186095,0.0021430748825410424,0.0038505099924875455,6.285203984079745e-05
ablation_no_anthropogenic,feature_ablation,legacy_sampled_case_control,False,CatBoost,full minus roads/population/night lights,test_2021,global,Global,87238,24772,42743,0.28395882528256033,0.4899585043215113,0.5002497225079148,0.520529677374073,0.8981511383820442,0.6590831667036955,0.6550141834080317,0.8511924496291394,0.1816903718042511,0.004212653654980443,0.0036108639997200365,0.002406996018216316,0.004995580521584589,0.00018030888581314976,0.0007632475561808341
ablation_no_anthropogenic,feature_ablation,legacy_sampled_case_control,False,CatBoost,full minus roads/population/night lights,test_2021,eastern_siberia,Eastern Siberia,44639,19789,32400,0.4433119021483456,0.7258227110822375,0.5002497225079148,0.5938271604938271,0.9722573146697661,0.7373201249305409,0.7159342769954996,0.7962427605198628,0.2026792899837932,0.0028360495850953404,0.0009570585804465121,0.0019074435505386992,0.0015678102284413667,0.0008539445583405246,0.0005218110450390096
ablation_no_anthropogenic,feature_ablation,legacy_sampled_case_control,False,CatBoost,full minus roads/population/night lights,test_2021,far_east,Far East,2141,270,473,0.12610929472209248,0.22092480149462868,0.5002497225079148,0.34460887949260044,0.6037037037037037,0.4387617765814266,0.3902736567163353,0.8072629015974822,0.1575889627007856,0.016721418070360466,0.002618914004394585,0.013195686392799149,0.04257164467375976,0.011536659125719108,0.005838519940823443
ablation_no_anthropogenic,feature_ablation,legacy_sampled_case_control,False,CatBoost,full minus roads/population/night lights,test_2021,central_asia,Central Asia,10197,903,3269,0.08855545748749633,0.3205844856330293,0.5002497225079148,0.16427041908840623,0.5946843853820598,0.25743048897411314,0.17670941061539414,0.7242819823742248,0.1948007536452233,0.0008039777438995419,0.001566127976049897,0.0008397665352580176,0.007833442716014268,0.00205762827453744,0.0001183013507488663
ablation_no_anthropogenic,feature_ablation,legacy_sampled_case_control,False,CatBoost,full minus roads/population/night lights,test_2021,europe,Europe,11926,847,975,0.07102129800436022,0.08175415059533792,0.5002497225079148,0.18461538461538463,0.21251475796930341,0.19758507135016465,0.22672571084618895,0.8177967975619553,0.12555802313248976,0.004709368374032807,0.003339347254718055,0.004128610485775792,0.0007712026995461032,0.0014191246242463934,0.0007211005264854016
ablation_no_anthropogenic,feature_ablation,legacy_sampled_case_control,False,CatBoost,full minus roads/population/night lights,test_2022,global,Global,58312,4923,11243,0.08442516120181094,0.19280765537110714,0.5002497225079148,0.22431735301965666,0.5122892545196018,0.3120128665099592,0.2073719644114349,0.7748145791020751,0.14995050841179733,0.0030292854796620905,0.0008373082074440369,0.003095029512865046,0.005768337376848737,0.00017938725890457544,2.039846181167865e-05
ablation_no_anthropogenic,feature_ablation,legacy_sampled_case_control,False,CatBoost,full minus roads/population/night lights,test_2022,eastern_siberia,Eastern Siberia,18946,1456,4763,0.07684999472184102,0.25139871212920933,0.5002497225079148,0.16061305899643083,0.5254120879120879,0.2460202604920405,0.18069552429880542,0.7674300149535997,0.1673586346614267,0.010793155493578696,0.02428251309019737,0.0153277509086891,0.003296153618625069,0.007807445781158683,0.0010713325002313387
ablation_no_anthropogenic,feature_ablation,legacy_sampled_case_control,False,CatBoost,full minus roads/population/night lights,test_2022,far_east,Far East,2076,192,394,0.09248554913294797,0.18978805394990367,0.5002497225079148,0.2715736040609137,0.5572916666666666,0.3651877133105802,0.28472607519946946,0.7873042728237791,0.15350928407687525,0.023412389704465277,0.05524271728019903,0.033061547084587875,0.018414371522262434,0.016912950810625663,0.00229930733794963
ablation_no_anthropogenic,feature_ablation,legacy_sampled_case_control,False,CatBoost,full minus roads/population/night lights,test_2022,central_asia,Central Asia,9862,698,1955,0.07077671871831272,0.1982356519975664,0.5002497225079148,0.14475703324808184,0.4054441260744986,0.21334338484734264,0.12475134804823469,0.685587617674243,0.17130037895464367,0.01212246267903349,0.044574066435828195,0.019373104560952037,0.014756694132372154,0.011281146843651668,0.0001878710439431253
ablation_no_anthropogenic,feature_ablation,legacy_sampled_case_control,False,CatBoost,full minus roads/population/night lights,test_2022,europe,Europe,10330,382,633,0.036979670861568247,0.06127783155856728,0.5002497225079148,0.13744075829383887,0.22774869109947643,0.17142857142857143,0.10960367521189752,0.7921686223861462,0.10940127237576219,0.017529378073736883,0.03331916769988967,0.023048419766288485,0.01636144599771487,0.014317841648814946,0.001047267882531035
ablation_no_anthropogenic,feature_ablation,legacy_sampled_case_control,False,CatBoost,full minus roads/population/night lights,test_2023,global,Global,60888,6898,17448,0.11328997503613192,0.2865589278675601,0.5002497225079148,0.2982576799633196,0.7544215714699913,0.4275034913332786,0.3886333181688606,0.8353471624820614,0.16311122959875574,6.32926897600655e-07,0.0009361519609707441,0.00015115823552825074,0.004248221816883369,0.0008857037133088472,0.0005347577047309578
ablation_no_anthropogenic,feature_ablation,legacy_sampled_case_control,False,CatBoost,full minus roads/population/night lights,test_2023,eastern_siberia,Eastern Siberia,18853,1391,6663,0.07378136105659577,0.3534185540762743,0.5002497225079148,0.17889839411676423,0.8569374550682962,0.296001986590514,0.32728534529265374,0.826782687863411,0.18292253477088857,0.001263033573716319,0.0,0.0017346357733484528,0.005278699091544653,0.004536423227600778,0.0016793715450670915
ablation_no_anthropogenic,feature_ablation,legacy_sampled_case_control,False,CatBoost,full minus roads/population/night lights,test_2023,far_east,Far East,2267,333,591,0.14689016321129245,0.2606969563299515,0.5002497225079148,0.36209813874788493,0.6426426426426426,0.46320346320346323,0.3553747120746153,0.8081827949976865,0.16234469481920383,0.013624160855144032,0.029728213022857813,0.018923696849407104,0.0004821428701333988,0.001621129654611107,0.0003553773086861725
ablation_no_anthropogenic,feature_ablation,legacy_sampled_case_control,False,CatBoost,full minus roads/population/night lights,test_2023,central_asia,Central Asia,9281,411,2433,0.044284021118413966,0.26214847537980823,0.5002497225079148,0.11426222770242499,0.6763990267639902,0.19549929676511954,0.12144417851106781,0.7888258900528586,0.1750060845873394,0.002969998207586554,0.041290906930601265,0.006052817545198407,0.009971860085535992,0.010647518275563195,0.0003307112094695408
ablation_no_anthropogenic,feature_ablation,legacy_sampled_case_control,False,CatBoost,full minus roads/population/night lights,test_2023,europe,Europe,10456,494,594,0.04724560061208875,0.056809487375669473,0.5002497225079148,0.12962962962962962,0.15587044534412955,0.14154411764705882,0.14951283213049615,0.8017640109338564,0.11608778354776661,0.013840599838749666,0.015745292698485888,0.014733263980894211,0.007695785028787272,0.01718135270720104,0.00016255104121097442
ablation_no_anthropogenic,feature_ablation,legacy_sampled_case_control,False,CatBoost,full minus roads/population/night lights,test_2024,global,Global,65063,9134,19298,0.1403870095138558,0.29660482916557795,0.5002497225079148,0.3568245414032542,0.7538865776220713,0.48438379290939787,0.4354875490435988,0.841231195078132,0.16209676129789097,0.0007861510004811456,0.002014549234149675,0.0011406265001749918,0.004978669677509268,0.0007027178831939975,0.00017615869623663114
ablation_no_anthropogenic,feature_ablation,legacy_sampled_case_control,False,CatBoost,full minus roads/population/night lights,test_2024,eastern_siberia,Eastern Siberia,26660,6189,12713,0.23214553638409602,0.47685671417854464,0.5002497225079148,0.3857468732793204,0.792373566004201,0.5188868902761613,0.48440888883379174,0.7792416764229697,0.19990390515081166,0.0003127708698195428,0.0022844285414168343,0.0007761551713397559,0.00018571686716912307,0.0005457816187053291,1.9426735154365216e-05
ablation_no_anthropogenic,feature_ablation,legacy_sampled_case_control,False,CatBoost,full minus roads/population/night lights,test_2024,far_east,Far East,2229,298,677,0.13369223867205024,0.30372364288918796,0.5002497225079148,0.2555391432791728,0.5805369127516778,0.3548717948717949,0.28457015687289317,0.7223845140571182,0.18309020868967033,0.010459817537983427,0.021355573928452786,0.01405231278240569,0.0010334650222482734,0.016708196024234546,0.0027460557328254824
ablation_no_anthropogenic,feature_ablation,legacy_sampled_case_control,False,CatBoost,full minus roads/population/night lights,test_2024,central_asia,Central Asia,9003,187,1221,0.020770854159724537,0.1356214595134955,0.5002497225079148,0.06633906633906633,0.43315508021390375,0.11505681818181818,0.09013594294779115,0.741393868222095,0.14780901203300476,0.004797088310783189,0.015125278741958218,0.007732238758847349,0.006014249319513606,0.008990928226773196,0.00046418741335712746
ablation_no_anthropogenic,feature_ablation,legacy_sampled_case_control,False,CatBoost,full minus roads/population/night lights,test_2024,europe,Europe,10472,493,928,0.04707792207792208,0.08861726508785332,0.5002497225079148,0.15948275862068967,0.3002028397565923,0.2083040112596763,0.16762976618949443,0.7620670751377081,0.12198927501191,0.008866978691184791,0.0014342936738063943,0.007388209900320931,0.013350632196119743,0.012225488656841702,0.00011075127951266369
ablation_no_anthropogenic,feature_ablation,legacy_sampled_case_control,False,CatBoost,full minus roads/population/night lights,test_2025,global,Global,49672,3787,9076,0.07624013528748591,0.18271863424061846,0.5002497225079148,0.2730277655354782,0.6543438077634011,0.3852911451449895,0.4035288468664655,0.8433252509351702,0.1452009864452687,0.0068738944644035765,0.011591914445681119,0.008862955899988749,0.00035930869477692086,0.002599512696255724,0.00019952383304468438
ablation_no_anthropogenic,feature_ablation,legacy_sampled_case_control,False,CatBoost,full minus roads/population/night lights,test_2025,eastern_siberia,Eastern Siberia,19162,2442,5675,0.12743972445464982,0.29615906481578125,0.5002497225079148,0.35541850220264315,0.825962325962326,0.4969816434643341,0.5275820923019066,0.8701571188413293,0.16997063458109973,0.00793958148180574,0.006949452394953763,0.00899490913249867,0.0014992728307176974,0.004655672440160991,0.0009269409644035762
ablation_no_anthropogenic,feature_ablation,legacy_sampled_case_control,False,CatBoost,full minus roads/population/night lights,test_2025,far_east,Far East,1744,137,244,0.07855504587155963,0.13990825688073394,0.5002497225079148,0.2786885245901639,0.49635036496350365,0.3569553805774278,0.36053109222275687,0.8103756830290836,0.13793453012519905,0.03702472700108478,0.08774317722752781,0.05248379943855493,0.06796202708547952,0.04608130734184829,0.0021564320962769944
ablation_no_anthropogenic,feature_ablation,legacy_sampled_case_control,False,CatBoost,full minus roads/population/night lights,test_2025,central_asia,Central Asia,7618,304,1489,0.039905487004463114,0.1954581254922552,0.5002497225079148,0.07186030893216924,0.3519736842105263,0.11935303959843838,0.06534353509365284,0.6647482567678425,0.16875511399192364,0.0010578990747492417,0.0023260091486399467,0.001589935973365148,0.00178903817983231,0.005427195669416926,0.00019323783476890056
ablation_no_anthropogenic,feature_ablation,legacy_sampled_case_control,False,CatBoost,full minus roads/population/night lights,test_2025,europe,Europe,8878,632,883,0.07118720432529849,0.09945933768866862,0.5002497225079148,0.22989807474518686,0.3212025316455696,0.26798679867986797,0.20034404189718552,0.7763729710147153,0.1278485701974004,0.005453842682578552,0.005594199218247993,0.005659871058928966,0.0012061574717835144,0.00041824203468954045,0.000829469825362313
ablation_no_anthropogenic,feature_ablation,legacy_sampled_case_control,False,CatBoost,full minus roads/population/night lights,test_2021-2023,global,Global,206438,36593,71434,0.17725903176740718,0.3460312539358064,0.5002497225079148,0.4196181090237142,0.8191457382559506,0.5549538541290603,0.5590628192065984,0.8575073510213089,0.16724505783710858,7.893954636650274e-05,0.010571695177119015,0.0023568018208243325,0.0002042247979111896,0.0017405661557704439,0.0008868706213963667
ablation_no_anthropogenic,feature_ablation,legacy_sampled_case_control,False,CatBoost,full minus roads/population/night lights,test_2021-2023,eastern_siberia,Eastern Siberia,82438,22636,43826,0.2745821101919018,0.5316237657391009,0.5002497225079148,0.4836626659973532,0.9364286976497614,0.6378682555445216,0.6577765247995602,0.855732419295627,0.19004362145997594,0.00421174856612748,0.002060034322466224,0.0031786289923427494,0.0010563509066665961,0.0006969237892904752,0.0004835398778759536
ablation_no_anthropogenic,feature_ablation,legacy_sampled_case_control,False,CatBoost,full minus roads/population/night lights,test_2021-2023,far_east,Far East,6484,795,1458,0.12260950030845158,0.22486119679210365,0.5002497225079148,0.3319615912208505,0.6088050314465409,0.42964935641367064,0.3415710365118462,0.8050674865209368,0.15794550679227481,0.01104404425001348,0.008894424920585502,0.011496918813859638,0.008341395013896438,0.0032547747934039257,0.0008623541892675154
ablation_no_anthropogenic,feature_ablation,legacy_sampled_case_control,False,CatBoost,full minus roads/population/night lights,test_2021-2023,central_asia,Central Asia,29340,2012,7657,0.06857532379004772,0.26097477845944106,0.5002497225079148,0.14339819772756954,0.5457256461232605,0.22711759230530562,0.1424244414984283,0.7281046777007744,0.1806400508938696,0.0008257126431932076,0.0010307679026043315,0.000941584625557296,0.00579578477928882,0.00258073782529325,0.000255147153620094
ablation_no_anthropogenic,feature_ablation,legacy_sampled_case_control,False,CatBoost,full minus roads/population/night lights,test_2021-2023,europe,Europe,32712,1723,2202,0.052671802396674,0.0673147468818782,0.5002497225079148,0.15622161671207993,0.1996517701683111,0.17528662420382166,0.16453202465055963,0.8096532559144654,0.11742889435971951,0.0021647833568588398,0.006715164113832353,0.001336658020107514,0.005172428733074401,0.0009040679991433528,0.0006921951261886192
ablation_no_anthropogenic,feature_ablation,legacy_sampled_case_control,False,CatBoost,full minus roads/population/night lights,test_2021-2025,global,Global,321173,49514,99808,0.15416613476226207,0.310760867196184,0.5002497225079148,0.39414676178262265,0.7945025649311306,0.5269015952103507,0.5264652504132801,0.8579466508455019,0.1627928257630968,0.00256140491054514,0.0009174268974201599,0.002483689094416511,0.0032688504133533158,0.00042995064852551943,0.00042965376457217017
ablation_no_anthropogenic,feature_ablation,legacy_sampled_case_control,False,CatBoost,full minus roads/population/night lights,test_2021-2025,eastern_siberia,Eastern Siberia,128260,31267,62214,0.24377826290347732,0.48506159363792295,0.5002497225079148,0.45195615134857103,0.8992867879873349,0.6015767910056589,0.6191896357699587,0.8489866183648631,0.1890942731723154,0.0005620481247987966,0.0014501779761823912,0.0008220543454131183,0.003087010680822505,0.001342220069320125,2.5409601990000204e-05
ablation_no_anthropogenic,feature_ablation,legacy_sampled_case_control,False,CatBoost,full minus roads/population/night lights,test_2021-2025,far_east,Far East,10457,1230,2379,0.11762455771253706,0.22750310796595583,0.5002497225079148,0.30474989491382937,0.5894308943089431,0.40177334441673596,0.32242957696546015,0.7898064711112052,0.15996792213337788,0.0035033255445903605,0.006898602743283397,0.004647534325096099,0.007143086541144153,0.000482735215987064,0.00048593027796114984
ablation_no_anthropogenic,feature_ablation,legacy_sampled_case_control,False,CatBoost,full minus roads/population/night lights,test_2021-2025,central_asia,Central Asia,45961,2503,10367,0.05445921542177063,0.2255608015491395,0.5002497225079148,0.12404745828108421,0.5137834598481822,0.19984459984459985,0.12360815780834947,0.7341671700434695,0.17223907414872938,0.0022438340661519486,0.003895905130504355,0.0026016833327889874,0.0017809252525189281,0.003952198085763786,0.0002937256608942483
ablation_no_anthropogenic,feature_ablation,legacy_sampled_case_control,False,CatBoost,full minus roads/population/night lights,test_2021-2025,europe,Europe,52062,2848,4013,0.05470400676116938,0.0770811724482348,0.5002497225079148,0.17318714178918515,0.2440308988764045,0.2025943739979595,0.16934770822929765,0.7943217698227371,0.12012303189336536,0.014514819954052868,0.016158747284884513,0.01554194644510569,0.006607358978313634,0.004230094401890093,0.0012258687596111715
ablation_no_ecoregion,feature_ablation,legacy_sampled_case_control,False,CatBoost,full minus ecoregion categorical variables,validation,global,Global,147424,28826,47276,0.19553125678315605,0.32068048621662687,0.4920829446562272,0.40976393941957867,0.6720321931589537,0.5091061995742556,0.4520724582229606,0.7998343976028908,0.16051164081886823,0.001201535296913158,0.003977588643851749,0.0002007820379324023,0.011713373290272298,0.0033653437637003666,0.0004183030203273122
ablation_no_ecoregion,feature_ablation,legacy_sampled_case_control,False,CatBoost,full minus ecoregion categorical variables,test,global,Global,321173,49514,105148,0.15416613476226207,0.32738742048677816,0.4920829446562272,0.3866930421881538,0.8211818879508825,0.5257917264745057,0.54627891056253,0.8694764922273414,0.14869584247424097,0.003961303216370146,0.0018348537948401629,0.004048385807888288,0.003915456891489145,0.001692490474861017,0.00011689840442403589
ablation_no_ecoregion,feature_ablation,legacy_sampled_case_control,False,CatBoost,full minus ecoregion categorical variables,test,eastern_siberia,Eastern Siberia,128260,31267,65599,0.24377826290347732,0.511453297988461,0.4920829446562272,0.43778106373572767,0.9184763488662168,0.5929428282369459,0.6302041747524663,0.8549782337727195,0.18610827615782555,0.0007167871503937428,0.003915480535692511,0.0014751799720204705,0.003880753966746449,0.002419823888913524,0.0007929777288713092
ablation_no_ecoregion,feature_ablation,legacy_sampled_case_control,False,CatBoost,full minus ecoregion categorical variables,test,far_east,Far East,10457,1230,2778,0.11762455771253706,0.2656593669312422,0.4920829446562272,0.30345572354211664,0.6853658536585366,0.42065868263473055,0.3490091183495905,0.8195531671367434,0.15084377717728992,0.0017474582440167373,0.008623253429104246,0.0033251134286332884,0.007318459658032298,0.0027668179493490663,0.0004473403557209436
ablation_no_ecoregion,feature_ablation,legacy_sampled_case_control,False,CatBoost,full minus ecoregion categorical variables,test,central_asia,Central Asia,45961,2503,11178,0.05445921542177063,0.2432061965579513,0.4920829446562272,0.1343710860619073,0.600079904115062,0.2195745925005482,0.15673435638012506,0.7897245841692071,0.14616752925301987,0.00464147219907865,0.01688225556551903,0.007330577037581582,0.015828456774160428,0.009084694118169343,0.0006365233100845666
ablation_no_ecoregion,feature_ablation,legacy_sampled_case_control,False,CatBoost,full minus ecoregion categorical variables,test,europe,Europe,52062,2848,4413,0.05470400676116938,0.08476431946525297,0.4920829446562272,0.22818944029005211,0.3535814606741573,0.2773722627737226,0.20493888954481776,0.8420446276420386,0.0844342892116714,0.006532897632214964,0.009048898479535343,0.0076026807475035535,0.0033182762815813617,0.001991954913630537,0.00016627684021783262
ablation_no_ecoregion,feature_ablation,legacy_sampled_case_control,False,CatBoost,full minus ecoregion categorical variables,test_2021,global,Global,87238,24772,44149,0.28395882528256033,0.5060753341433779,0.4920829446562272,0.5139414256268545,0.9159534958824479,0.6584350198052843,0.6679063511686755,0.8607756971479874,0.1719389296662025,0.0005820374141297249,0.0016186631722882733,5.4580028934063156e-05,0.005448920825391068,0.0010259961199564373,0.0006373053741249812
ablation_no_ecoregion,feature_ablation,legacy_sampled_case_control,False,CatBoost,full minus ecoregion categorical variables,test_2021,eastern_siberia,Eastern Siberia,44639,19789,33185,0.4433119021483456,0.7434082304711127,0.4920829446562272,0.5833057104113304,0.978169690231947,0.7308113414127685,0.7214348812099487,0.8014260722249511,0.201773365885387,0.0013416575046354237,0.0008773036987425838,0.000805919923666427,0.0010711574085830113,0.0014552185742182791,0.0006167369811697394
ablation_no_ecoregion,feature_ablation,legacy_sampled_case_control,False,CatBoost,full minus ecoregion categorical variables,test_2021,far_east,Far East,2141,270,619,0.12610929472209248,0.28911723493694536,0.4920829446562272,0.3344103392568659,0.7666666666666667,0.46569178852643417,0.4292843739908073,0.8436239285784983,0.14993392981915613,0.022269133382777806,0.013094570021973083,0.024322386397368036,0.05383706638897778,0.017950968813126057,0.00886361729255996
ablation_no_ecoregion,feature_ablation,legacy_sampled_case_control,False,CatBoost,full minus ecoregion categorical variables,test_2021,central_asia,Central Asia,10197,903,3490,0.08855545748749633,0.34225752672354615,0.4920829446562272,0.17363896848137536,0.6710963455149501,0.27589346687912586,0.2057136311987202,0.7680995324148446,0.169651442718587,0.0038082020579929756,0.01644434374852439,0.006196976915192281,0.011267742399519031,0.00020789868629773499,0.00027040253672587175
ablation_no_ecoregion,feature_ablation,legacy_sampled_case_control,False,CatBoost,full minus ecoregion categorical variables,test_2021,europe,Europe,11926,847,1077,0.07102129800436022,0.09030689250377327,0.4920829446562272,0.3008356545961003,0.3825265643447462,0.3367983367983368,0.2642483106035508,0.8596956834531606,0.09165718306192562,0.007616190505184971,0.01419222583255172,0.010281125767476066,0.0017405755040546646,0.0015233002623827026,4.037102184444509e-05
ablation_no_ecoregion,feature_ablation,legacy_sampled_case_control,False,CatBoost,full minus ecoregion categorical variables,test_2022,global,Global,58312,4923,12327,0.08442516120181094,0.21139731101660036,0.4920829446562272,0.2345258375922771,0.5872435506804794,0.33518840579710146,0.25704638502424976,0.816282511527131,0.13228728807885237,0.002785408044940985,0.0050238492446646925,0.0036630577702844967,0.006321963098996343,0.0004414033163922527,0.00023400277349865057
ablation_no_ecoregion,feature_ablation,legacy_sampled_case_control,False,CatBoost,full minus ecoregion categorical variables,test_2022,eastern_siberia,Eastern Siberia,18946,1456,5188,0.07684999472184102,0.2738308877863401,0.4920829446562272,0.17444101773323054,0.6215659340659341,0.2724262492474413,0.22425660948293474,0.8014568175535157,0.15734187216657625,0.007358099196562726,0.015055158115922396,0.010422147965353415,0.004984649634407018,0.007476098464171288,0.001537881235660479
ablation_no_ecoregion,feature_ablation,legacy_sampled_case_control,False,CatBoost,full minus ecoregion categorical variables,test_2022,far_east,Far East,2076,192,444,0.09248554913294797,0.2138728323699422,0.4920829446562272,0.25675675675675674,0.59375,0.3584905660377358,0.2930376814497801,0.8037060996107571,0.14032563435199427,0.017709526404635235,0.029462782549439452,0.02261784628516681,0.03729098701912285,0.0211841941672158,0.003955248336038063
ablation_no_ecoregion,feature_ablation,legacy_sampled_case_control,False,CatBoost,full minus ecoregion categorical variables,test_2022,central_asia,Central Asia,9862,698,2250,0.07077671871831272,0.22814844859054959,0.4920829446562272,0.15866666666666668,0.5114613180515759,0.24219810040705564,0.17143645048304942,0.767395135943689,0.14603804452453298,0.009546691006287671,0.03950883161357497,0.015597034701530446,0.018295589205205236,0.005964363749071198,0.0007031340634166646
ablation_no_ecoregion,feature_ablation,legacy_sampled_case_control,False,CatBoost,full minus ecoregion categorical variables,test_2022,europe,Europe,10330,382,719,0.036979670861568247,0.06960309777347531,0.4920829446562272,0.15855354659248957,0.29842931937172773,0.20708446866485014,0.15283663828008123,0.8578437719071107,0.07495452020796645,0.022246917274921202,0.0444255569331862,0.029657167123177872,0.02478026023681261,0.012941916920467323,0.0009094344395743614
ablation_no_ecoregion,feature_ablation,legacy_sampled_case_control,False,CatBoost,full minus ecoregion categorical variables,test_2023,global,Global,60888,6898,18558,0.11328997503613192,0.3047891210090658,0.4920829446562272,0.29749973057441537,0.8003769208466223,0.43376807039597737,0.40775340155630646,0.8455419941549263,0.14795164423564963,9.488689283621204e-05,0.006241013073138112,0.001030880314837669,0.0008587653067532271,0.0005998713676450456,0.0005413295313633167
ablation_no_ecoregion,feature_ablation,legacy_sampled_case_control,False,CatBoost,full minus ecoregion categorical variables,test_2023,eastern_siberia,Eastern Siberia,18853,1391,7111,0.07378136105659577,0.37718135044820456,0.4920829446562272,0.16270566727605118,0.8317757009345794,0.27217125382262997,0.3260535506094973,0.8199918714322756,0.18147425734648617,0.0018162083551039154,0.003050065195628524,0.0023896759758783638,0.0037188400611114143,0.0017873559044019414,0.0020277247830849054
ablation_no_ecoregion,feature_ablation,legacy_sampled_case_control,False,CatBoost,full minus ecoregion categorical variables,test_2023,far_east,Far East,2267,333,704,0.14689016321129245,0.3105425672695192,0.4920829446562272,0.36363636363636365,0.7687687687687688,0.49373191899710706,0.3577736217978907,0.8239881556841225,0.15678176830637702,0.012000381579284984,0.019110994086122948,0.015000193047532173,0.008942983345946393,0.0037561019630372914,0.00014591494854118556
ablation_no_ecoregion,feature_ablation,legacy_sampled_case_control,False,CatBoost,full minus ecoregion categorical variables,test_2023,central_asia,Central Asia,9281,411,2552,0.044284021118413966,0.27497036957224436,0.4920829446562272,0.12931034482758622,0.8029197080291971,0.22274721565980427,0.1538442477870802,0.8354910206085744,0.14675733944677555,0.0007142461049914891,0.017204544554417195,0.0017061148401272103,0.009275292871067585,0.012533908332654286,0.00055624180713034
ablation_no_ecoregion,feature_ablation,legacy_sampled_case_control,False,CatBoost,full minus ecoregion categorical variables,test_2023,europe,Europe,10456,494,763,0.04724560061208875,0.07297245600612089,0.4920829446562272,0.22280471821756226,0.3441295546558704,0.27048528241845665,0.1898181375148025,0.8551243713967327,0.07707081890203239,0.0009903456319139481,0.004294170735950694,0.0020596520952877646,0.011469159712964125,0.008918385980382882,0.00026179667552917043
ablation_no_ecoregion,feature_ablation,legacy_sampled_case_control,False,CatBoost,full minus ecoregion categorical variables,test_2024,global,Global,65063,9134,20383,0.1403870095138558,0.31328097382536924,0.4920829446562272,0.3396457832507482,0.7579373768338078,0.46908561168140395,0.43550132415093157,0.842139741648972,0.1493989143033993,0.00015282597834780895,0.002770005196955812,0.00039273328768826664,0.0061111822087264595,0.0013458280410767564,0.0005797844874190229
ablation_no_ecoregion,feature_ablation,legacy_sampled_case_control,False,CatBoost,full minus ecoregion categorical variables,test_2024,eastern_siberia,Eastern Siberia,26660,6189,13989,0.23214553638409602,0.5247186796699175,0.4920829446562272,0.3724354850239474,0.8418161253837454,0.5164040043611855,0.4783162209157108,0.7759368661525675,0.20151197385784828,0.0006728870643492425,0.003959676138455831,0.0013958383933730797,0.0027070885800716876,0.0001610370639655616,0.00012796836764744854
ablation_no_ecoregion,feature_ablation,legacy_sampled_case_control,False,CatBoost,full minus ecoregion categorical variables,test_2024,far_east,Far East,2229,298,774,0.13369223867205024,0.3472409152086137,0.4920829446562272,0.24935400516795866,0.6476510067114094,0.36007462686567165,0.3028753947257701,0.7575759682189914,0.18110218831846436,0.014761997717136993,0.026101257023664507,0.019354617066643792,0.0034032973627291666,0.016222199736260406,0.003952534879043978
ablation_no_ecoregion,feature_ablation,legacy_sampled_case_control,False,CatBoost,full minus ecoregion categorical variables,test_2024,central_asia,Central Asia,9003,187,1318,0.020770854159724537,0.1463956458958125,0.4920829446562272,0.05993930197268589,0.42245989304812837,0.10498338870431893,0.08589636840555895,0.7879396478934753,0.12199758996256732,0.007616943372051586,0.037813196854895585,0.012853799689821567,0.008462097927686704,0.01809251667120239,0.0010040362480667935
ablation_no_ecoregion,feature_ablation,legacy_sampled_case_control,False,CatBoost,full minus ecoregion categorical variables,test_2024,europe,Europe,10472,493,940,0.04707792207792208,0.08976317799847211,0.4920829446562272,0.17659574468085107,0.3367139959432049,0.2316817864619679,0.17105911448338812,0.8092946506121272,0.08359621565696185,0.005976549394136171,0.008605762042838326,0.003350593242009848,0.0037560758487391903,0.010588030927726724,0.00010726169534394653
ablation_no_ecoregion,feature_ablation,legacy_sampled_case_control,False,CatBoost,full minus ecoregion categorical variables,test_2025,global,Global,49672,3787,9731,0.07624013528748591,0.19590513770333387,0.4920829446562272,0.27078409207686777,0.695801425930816,0.3898505696108892,0.4239983954821372,0.8524118990833072,0.12712843957889522,0.007017252497470949,0.0032457360447907166,0.007790984558438626,0.00014880250504560732,0.005074453879978506,0.00019159633579905017
ablation_no_ecoregion,feature_ablation,legacy_sampled_case_control,False,CatBoost,full minus ecoregion categorical variables,test_2025,eastern_siberia,Eastern Siberia,19162,2442,6126,0.12743972445464982,0.31969523014299134,0.4920829446562272,0.34100555011426703,0.8554463554463555,0.4876283846872082,0.5351379700958673,0.8746555983996175,0.1611858737800555,0.002857976922605167,0.00202692361519489,0.0032378923391597043,0.0012777232696251249,0.004003243412860586,0.0008421777360849391
ablation_no_ecoregion,feature_ablation,legacy_sampled_case_control,False,CatBoost,full minus ecoregion categorical variables,test_2025,far_east,Far East,1744,137,237,0.07855504587155963,0.13589449541284404,0.4920829446562272,0.3080168776371308,0.5328467153284672,0.39037433155080214,0.41169742651371566,0.8393751788480143,0.11808931810375788,0.021414640858508804,0.06193636039590193,0.03315665319165386,0.10080250089735217,0.04264628673183918,0.003041230891124955
ablation_no_ecoregion,feature_ablation,legacy_sampled_case_control,False,CatBoost,full minus ecoregion categorical variables,test_2025,central_asia,Central Asia,7618,304,1568,0.039905487004463114,0.20582830139144132,0.4920829446562272,0.08290816326530612,0.4276315789473684,0.1388888888888889,0.08285661358255467,0.7261094890117006,0.14274661140156897,0.0003685080210651549,0.006978027445919879,0.0008872896353423732,0.002885099334428085,0.01055433806678823,0.0008633096986048593
ablation_no_ecoregion,feature_ablation,legacy_sampled_case_control,False,CatBoost,full minus ecoregion categorical variables,test_2025,europe,Europe,8878,632,914,0.07118720432529849,0.10295111511601712,0.4920829446562272,0.2549234135667396,0.3686708860759494,0.3014230271668823,0.23419692575444856,0.8141360061034579,0.0954226349621382,0.006405654256367734,0.008950718749196772,0.0074692207322378254,0.01619405565971892,0.0011917693144187292,0.0003806597925838624
ablation_no_ecoregion,feature_ablation,legacy_sampled_case_control,False,CatBoost,full minus ecoregion categorical variables,test_2021-2023,global,Global,206438,36593,75034,0.17725903176740718,0.3634699037967816,0.4920829446562272,0.4145054242076925,0.8499439783565162,0.557248694312308,0.581543694087822,0.87165885735908,0.15366368790094095,0.001106401048009551,0.0021941254141190124,0.000523603158742155,0.0016999180811163672,0.0039963253958505245,0.001376520870841176
ablation_no_ecoregion,feature_ablation,legacy_sampled_case_control,False,CatBoost,full minus ecoregion categorical variables,test_2021-2023,eastern_siberia,Eastern Siberia,82438,22636,45484,0.2745821101919018,0.5517358499721002,0.4920829446562272,0.47091284847418874,0.946236084113801,0.6288608338226659,0.6706191195797011,0.8633809856085192,0.18691980110603176,0.002310979521905848,0.00012875214515409975,0.002028394378345299,0.0024539614637184835,0.0009065586922978659,0.0003118365579261538
ablation_no_ecoregion,feature_ablation,legacy_sampled_case_control,False,CatBoost,full minus ecoregion categorical variables,test_2021-2023,far_east,Far East,6484,795,1767,0.12260950030845158,0.27251696483652066,0.4920829446562272,0.3265421618562535,0.7257861635220125,0.45042935206869633,0.3653166566982729,0.8293859605483825,0.14925182439977022,0.0074679480721984645,0.003557769968234201,0.007862174531228632,0.005738093259950799,0.004081210548900726,0.0017375203167488856
ablation_no_ecoregion,feature_ablation,legacy_sampled_case_control,False,CatBoost,full minus ecoregion categorical variables,test_2021-2023,central_asia,Central Asia,29340,2012,8292,0.06857532379004772,0.28261758691206545,0.4920829446562272,0.15593342981186686,0.6426441351888668,0.2509704968944099,0.1792498449743032,0.7861623711332706,0.15447231846993525,0.0010444387223867483,0.004638455561719335,0.000992754652150165,0.006896064768342445,0.002073349684702148,0.0007381665184595581
ablation_no_ecoregion,feature_ablation,legacy_sampled_case_control,False,CatBoost,full minus ecoregion categorical variables,test_2021-2023,europe,Europe,32712,1723,2559,0.052671802396674,0.07822817314746881,0.4920829446562272,0.23759280969128566,0.3528728961114335,0.28397944885567494,0.208970251855453,0.8601312239920679,0.08172035465225207,0.00994312746633284,0.018802459518730597,0.013229531367940953,6.835651715402428e-05,0.005352461073705954,0.00010667949779480111
ablation_no_ecoregion,feature_ablation,legacy_sampled_case_control,False,CatBoost,full minus ecoregion categorical variables,test_2021-2025,global,Global,321173,49514,105148,0.15416613476226207,0.32738742048677816,0.4920829446562272,0.3866930421881538,0.8211818879508825,0.5257917264745057,0.54627891056253,0.8694764922273414,0.14869584247424097,0.004740898953927283,0.005275204660165606,0.00546004789362184,0.0008530944872809891,0.002112632079816754,0.0009146946332881712
ablation_no_ecoregion,feature_ablation,legacy_sampled_case_control,False,CatBoost,full minus ecoregion categorical variables,test_2021-2025,eastern_siberia,Eastern Siberia,128260,31267,65599,0.24377826290347732,0.511453297988461,0.4920829446562272,0.43778106373572767,0.9184763488662168,0.5929428282369459,0.6302041747524663,0.8549782337727195,0.18610827615782555,0.0016626310804551177,0.0010151245833276506,0.0013170202350700204,0.0016470548257556238,0.0004640588700959452,0.0001419283839673884
ablation_no_ecoregion,feature_ablation,legacy_sampled_case_control,False,CatBoost,full minus ecoregion categorical variables,test_2021-2025,far_east,Far East,10457,1230,2778,0.11762455771253706,0.2656593669312422,0.4920829446562272,0.30345572354211664,0.6853658536585366,0.42065868263473055,0.3490091183495905,0.8195531671367434,0.15084377717728992,0.00016765372355478076,0.002299534247761158,0.00027546897180051106,0.0022660438096129055,0.0017033737012753212,0.0007087337761141368
ablation_no_ecoregion,feature_ablation,legacy_sampled_case_control,False,CatBoost,full minus ecoregion categorical variables,test_2021-2025,central_asia,Central Asia,45961,2503,11178,0.05445921542177063,0.2432061965579513,0.4920829446562272,0.1343710860619073,0.600079904115062,0.2195745925005482,0.15673435638012506,0.7897245841692071,0.14616752925301987,0.0014396754161258764,0.014934303000266812,0.002939219676848661,0.000332972651043077,0.0006612147520023058,0.00023148618199192103
ablation_no_ecoregion,feature_ablation,legacy_sampled_case_control,False,CatBoost,full minus ecoregion categorical variables,test_2021-2025,europe,Europe,52062,2848,4413,0.05470400676116938,0.08476431946525297,0.4920829446562272,0.22818944029005211,0.3535814606741573,0.2773722627737226,0.20493888954481776,0.8420446276420386,0.0844342892116714,0.00026046646842745286,0.006463498913953806,0.002112029409610323,0.0021147151063970857,0.001305229521244061,0.0006745000523422985
ablation_no_geography,feature_ablation,legacy_sampled_case_control,False,CatBoost,full minus direct geography/location variables,validation,global,Global,147424,28826,47276,0.19553125678315605,0.32068048621662687,0.4920829446562272,0.40976393941957867,0.6720321931589537,0.5091061995742556,0.4520724582229606,0.7998343976028908,0.16051164081886823,0.001201535296913158,0.003977588643851749,0.0002007820379324023,0.011713373290272298,0.0033653437637003666,0.0004183030203273122
ablation_no_geography,feature_ablation,legacy_sampled_case_control,False,CatBoost,full minus direct geography/location variables,test,global,Global,321173,49514,105148,0.15416613476226207,0.32738742048677816,0.4920829446562272,0.3866930421881538,0.8211818879508825,0.5257917264745057,0.54627891056253,0.8694764922273414,0.14869584247424097,0.003961303216370146,0.0018348537948401629,0.004048385807888288,0.003915456891489145,0.001692490474861017,0.00011689840442403589
ablation_no_geography,feature_ablation,legacy_sampled_case_control,False,CatBoost,full minus direct geography/location variables,test,eastern_siberia,Eastern Siberia,128260,31267,65599,0.24377826290347732,0.511453297988461,0.4920829446562272,0.43778106373572767,0.9184763488662168,0.5929428282369459,0.6302041747524663,0.8549782337727195,0.18610827615782555,0.0007167871503937428,0.003915480535692511,0.0014751799720204705,0.003880753966746449,0.002419823888913524,0.0007929777288713092
ablation_no_geography,feature_ablation,legacy_sampled_case_control,False,CatBoost,full minus direct geography/location variables,test,far_east,Far East,10457,1230,2778,0.11762455771253706,0.2656593669312422,0.4920829446562272,0.30345572354211664,0.6853658536585366,0.42065868263473055,0.3490091183495905,0.8195531671367434,0.15084377717728992,0.0017474582440167373,0.008623253429104246,0.0033251134286332884,0.007318459658032298,0.0027668179493490663,0.0004473403557209436
ablation_no_geography,feature_ablation,legacy_sampled_case_control,False,CatBoost,full minus direct geography/location variables,test,central_asia,Central Asia,45961,2503,11178,0.05445921542177063,0.2432061965579513,0.4920829446562272,0.1343710860619073,0.600079904115062,0.2195745925005482,0.15673435638012506,0.7897245841692071,0.14616752925301987,0.00464147219907865,0.01688225556551903,0.007330577037581582,0.015828456774160428,0.009084694118169343,0.0006365233100845666
ablation_no_geography,feature_ablation,legacy_sampled_case_control,False,CatBoost,full minus direct geography/location variables,test,europe,Europe,52062,2848,4413,0.05470400676116938,0.08476431946525297,0.4920829446562272,0.22818944029005211,0.3535814606741573,0.2773722627737226,0.20493888954481776,0.8420446276420386,0.0844342892116714,0.006532897632214964,0.009048898479535343,0.0076026807475035535,0.0033182762815813617,0.001991954913630537,0.00016627684021783262
ablation_no_geography,feature_ablation,legacy_sampled_case_control,False,CatBoost,full minus direct geography/location variables,test_2021,global,Global,87238,24772,44149,0.28395882528256033,0.5060753341433779,0.4920829446562272,0.5139414256268545,0.9159534958824479,0.6584350198052843,0.6679063511686755,0.8607756971479874,0.1719389296662025,0.0005820374141297249,0.0016186631722882733,5.4580028934063156e-05,0.005448920825391068,0.0010259961199564373,0.0006373053741249812
ablation_no_geography,feature_ablation,legacy_sampled_case_control,False,CatBoost,full minus direct geography/location variables,test_2021,eastern_siberia,Eastern Siberia,44639,19789,33185,0.4433119021483456,0.7434082304711127,0.4920829446562272,0.5833057104113304,0.978169690231947,0.7308113414127685,0.7214348812099487,0.8014260722249511,0.201773365885387,0.0013416575046354237,0.0008773036987425838,0.000805919923666427,0.0010711574085830113,0.0014552185742182791,0.0006167369811697394
ablation_no_geography,feature_ablation,legacy_sampled_case_control,False,CatBoost,full minus direct geography/location variables,test_2021,far_east,Far East,2141,270,619,0.12610929472209248,0.28911723493694536,0.4920829446562272,0.3344103392568659,0.7666666666666667,0.46569178852643417,0.4292843739908073,0.8436239285784983,0.14993392981915613,0.022269133382777806,0.013094570021973083,0.024322386397368036,0.05383706638897778,0.017950968813126057,0.00886361729255996
ablation_no_geography,feature_ablation,legacy_sampled_case_control,False,CatBoost,full minus direct geography/location variables,test_2021,central_asia,Central Asia,10197,903,3490,0.08855545748749633,0.34225752672354615,0.4920829446562272,0.17363896848137536,0.6710963455149501,0.27589346687912586,0.2057136311987202,0.7680995324148446,0.169651442718587,0.0038082020579929756,0.01644434374852439,0.006196976915192281,0.011267742399519031,0.00020789868629773499,0.00027040253672587175
ablation_no_geography,feature_ablation,legacy_sampled_case_control,False,CatBoost,full minus direct geography/location variables,test_2021,europe,Europe,11926,847,1077,0.07102129800436022,0.09030689250377327,0.4920829446562272,0.3008356545961003,0.3825265643447462,0.3367983367983368,0.2642483106035508,0.8596956834531606,0.09165718306192562,0.007616190505184971,0.01419222583255172,0.010281125767476066,0.0017405755040546646,0.0015233002623827026,4.037102184444509e-05
ablation_no_geography,feature_ablation,legacy_sampled_case_control,False,CatBoost,full minus direct geography/location variables,test_2022,global,Global,58312,4923,12327,0.08442516120181094,0.21139731101660036,0.4920829446562272,0.2345258375922771,0.5872435506804794,0.33518840579710146,0.25704638502424976,0.816282511527131,0.13228728807885237,0.002785408044940985,0.0050238492446646925,0.0036630577702844967,0.006321963098996343,0.0004414033163922527,0.00023400277349865057
ablation_no_geography,feature_ablation,legacy_sampled_case_control,False,CatBoost,full minus direct geography/location variables,test_2022,eastern_siberia,Eastern Siberia,18946,1456,5188,0.07684999472184102,0.2738308877863401,0.4920829446562272,0.17444101773323054,0.6215659340659341,0.2724262492474413,0.22425660948293474,0.8014568175535157,0.15734187216657625,0.007358099196562726,0.015055158115922396,0.010422147965353415,0.004984649634407018,0.007476098464171288,0.001537881235660479
ablation_no_geography,feature_ablation,legacy_sampled_case_control,False,CatBoost,full minus direct geography/location variables,test_2022,far_east,Far East,2076,192,444,0.09248554913294797,0.2138728323699422,0.4920829446562272,0.25675675675675674,0.59375,0.3584905660377358,0.2930376814497801,0.8037060996107571,0.14032563435199427,0.017709526404635235,0.029462782549439452,0.02261784628516681,0.03729098701912285,0.0211841941672158,0.003955248336038063
ablation_no_geography,feature_ablation,legacy_sampled_case_control,False,CatBoost,full minus direct geography/location variables,test_2022,central_asia,Central Asia,9862,698,2250,0.07077671871831272,0.22814844859054959,0.4920829446562272,0.15866666666666668,0.5114613180515759,0.24219810040705564,0.17143645048304942,0.767395135943689,0.14603804452453298,0.009546691006287671,0.03950883161357497,0.015597034701530446,0.018295589205205236,0.005964363749071198,0.0007031340634166646
ablation_no_geography,feature_ablation,legacy_sampled_case_control,False,CatBoost,full minus direct geography/location variables,test_2022,europe,Europe,10330,382,719,0.036979670861568247,0.06960309777347531,0.4920829446562272,0.15855354659248957,0.29842931937172773,0.20708446866485014,0.15283663828008123,0.8578437719071107,0.07495452020796645,0.022246917274921202,0.0444255569331862,0.029657167123177872,0.02478026023681261,0.012941916920467323,0.0009094344395743614
ablation_no_geography,feature_ablation,legacy_sampled_case_control,False,CatBoost,full minus direct geography/location variables,test_2023,global,Global,60888,6898,18558,0.11328997503613192,0.3047891210090658,0.4920829446562272,0.29749973057441537,0.8003769208466223,0.43376807039597737,0.40775340155630646,0.8455419941549263,0.14795164423564963,9.488689283621204e-05,0.006241013073138112,0.001030880314837669,0.0008587653067532271,0.0005998713676450456,0.0005413295313633167
ablation_no_geography,feature_ablation,legacy_sampled_case_control,False,CatBoost,full minus direct geography/location variables,test_2023,eastern_siberia,Eastern Siberia,18853,1391,7111,0.07378136105659577,0.37718135044820456,0.4920829446562272,0.16270566727605118,0.8317757009345794,0.27217125382262997,0.3260535506094973,0.8199918714322756,0.18147425734648617,0.0018162083551039154,0.003050065195628524,0.0023896759758783638,0.0037188400611114143,0.0017873559044019414,0.0020277247830849054
ablation_no_geography,feature_ablation,legacy_sampled_case_control,False,CatBoost,full minus direct geography/location variables,test_2023,far_east,Far East,2267,333,704,0.14689016321129245,0.3105425672695192,0.4920829446562272,0.36363636363636365,0.7687687687687688,0.49373191899710706,0.3577736217978907,0.8239881556841225,0.15678176830637702,0.012000381579284984,0.019110994086122948,0.015000193047532173,0.008942983345946393,0.0037561019630372914,0.00014591494854118556
ablation_no_geography,feature_ablation,legacy_sampled_case_control,False,CatBoost,full minus direct geography/location variables,test_2023,central_asia,Central Asia,9281,411,2552,0.044284021118413966,0.27497036957224436,0.4920829446562272,0.12931034482758622,0.8029197080291971,0.22274721565980427,0.1538442477870802,0.8354910206085744,0.14675733944677555,0.0007142461049914891,0.017204544554417195,0.0017061148401272103,0.009275292871067585,0.012533908332654286,0.00055624180713034
ablation_no_geography,feature_ablation,legacy_sampled_case_control,False,CatBoost,full minus direct geography/location variables,test_2023,europe,Europe,10456,494,763,0.04724560061208875,0.07297245600612089,0.4920829446562272,0.22280471821756226,0.3441295546558704,0.27048528241845665,0.1898181375148025,0.8551243713967327,0.07707081890203239,0.0009903456319139481,0.004294170735950694,0.0020596520952877646,0.011469159712964125,0.008918385980382882,0.00026179667552917043
ablation_no_geography,feature_ablation,legacy_sampled_case_control,False,CatBoost,full minus direct geography/location variables,test_2024,global,Global,65063,9134,20383,0.1403870095138558,0.31328097382536924,0.4920829446562272,0.3396457832507482,0.7579373768338078,0.46908561168140395,0.43550132415093157,0.842139741648972,0.1493989143033993,0.00015282597834780895,0.002770005196955812,0.00039273328768826664,0.0061111822087264595,0.0013458280410767564,0.0005797844874190229
ablation_no_geography,feature_ablation,legacy_sampled_case_control,False,CatBoost,full minus direct geography/location variables,test_2024,eastern_siberia,Eastern Siberia,26660,6189,13989,0.23214553638409602,0.5247186796699175,0.4920829446562272,0.3724354850239474,0.8418161253837454,0.5164040043611855,0.4783162209157108,0.7759368661525675,0.20151197385784828,0.0006728870643492425,0.003959676138455831,0.0013958383933730797,0.0027070885800716876,0.0001610370639655616,0.00012796836764744854
ablation_no_geography,feature_ablation,legacy_sampled_case_control,False,CatBoost,full minus direct geography/location variables,test_2024,far_east,Far East,2229,298,774,0.13369223867205024,0.3472409152086137,0.4920829446562272,0.24935400516795866,0.6476510067114094,0.36007462686567165,0.3028753947257701,0.7575759682189914,0.18110218831846436,0.014761997717136993,0.026101257023664507,0.019354617066643792,0.0034032973627291666,0.016222199736260406,0.003952534879043978
ablation_no_geography,feature_ablation,legacy_sampled_case_control,False,CatBoost,full minus direct geography/location variables,test_2024,central_asia,Central Asia,9003,187,1318,0.020770854159724537,0.1463956458958125,0.4920829446562272,0.05993930197268589,0.42245989304812837,0.10498338870431893,0.08589636840555895,0.7879396478934753,0.12199758996256732,0.007616943372051586,0.037813196854895585,0.012853799689821567,0.008462097927686704,0.01809251667120239,0.0010040362480667935
ablation_no_geography,feature_ablation,legacy_sampled_case_control,False,CatBoost,full minus direct geography/location variables,test_2024,europe,Europe,10472,493,940,0.04707792207792208,0.08976317799847211,0.4920829446562272,0.17659574468085107,0.3367139959432049,0.2316817864619679,0.17105911448338812,0.8092946506121272,0.08359621565696185,0.005976549394136171,0.008605762042838326,0.003350593242009848,0.0037560758487391903,0.010588030927726724,0.00010726169534394653
ablation_no_geography,feature_ablation,legacy_sampled_case_control,False,CatBoost,full minus direct geography/location variables,test_2025,global,Global,49672,3787,9731,0.07624013528748591,0.19590513770333387,0.4920829446562272,0.27078409207686777,0.695801425930816,0.3898505696108892,0.4239983954821372,0.8524118990833072,0.12712843957889522,0.007017252497470949,0.0032457360447907166,0.007790984558438626,0.00014880250504560732,0.005074453879978506,0.00019159633579905017
ablation_no_geography,feature_ablation,legacy_sampled_case_control,False,CatBoost,full minus direct geography/location variables,test_2025,eastern_siberia,Eastern Siberia,19162,2442,6126,0.12743972445464982,0.31969523014299134,0.4920829446562272,0.34100555011426703,0.8554463554463555,0.4876283846872082,0.5351379700958673,0.8746555983996175,0.1611858737800555,0.002857976922605167,0.00202692361519489,0.0032378923391597043,0.0012777232696251249,0.004003243412860586,0.0008421777360849391
ablation_no_geography,feature_ablation,legacy_sampled_case_control,False,CatBoost,full minus direct geography/location variables,test_2025,far_east,Far East,1744,137,237,0.07855504587155963,0.13589449541284404,0.4920829446562272,0.3080168776371308,0.5328467153284672,0.39037433155080214,0.41169742651371566,0.8393751788480143,0.11808931810375788,0.021414640858508804,0.06193636039590193,0.03315665319165386,0.10080250089735217,0.04264628673183918,0.003041230891124955
ablation_no_geography,feature_ablation,legacy_sampled_case_control,False,CatBoost,full minus direct geography/location variables,test_2025,central_asia,Central Asia,7618,304,1568,0.039905487004463114,0.20582830139144132,0.4920829446562272,0.08290816326530612,0.4276315789473684,0.1388888888888889,0.08285661358255467,0.7261094890117006,0.14274661140156897,0.0003685080210651549,0.006978027445919879,0.0008872896353423732,0.002885099334428085,0.01055433806678823,0.0008633096986048593
ablation_no_geography,feature_ablation,legacy_sampled_case_control,False,CatBoost,full minus direct geography/location variables,test_2025,europe,Europe,8878,632,914,0.07118720432529849,0.10295111511601712,0.4920829446562272,0.2549234135667396,0.3686708860759494,0.3014230271668823,0.23419692575444856,0.8141360061034579,0.0954226349621382,0.006405654256367734,0.008950718749196772,0.0074692207322378254,0.01619405565971892,0.0011917693144187292,0.0003806597925838624
ablation_no_geography,feature_ablation,legacy_sampled_case_control,False,CatBoost,full minus direct geography/location variables,test_2021-2023,global,Global,206438,36593,75034,0.17725903176740718,0.3634699037967816,0.4920829446562272,0.4145054242076925,0.8499439783565162,0.557248694312308,0.581543694087822,0.87165885735908,0.15366368790094095,0.001106401048009551,0.0021941254141190124,0.000523603158742155,0.0016999180811163672,0.0039963253958505245,0.001376520870841176
ablation_no_geography,feature_ablation,legacy_sampled_case_control,False,CatBoost,full minus direct geography/location variables,test_2021-2023,eastern_siberia,Eastern Siberia,82438,22636,45484,0.2745821101919018,0.5517358499721002,0.4920829446562272,0.47091284847418874,0.946236084113801,0.6288608338226659,0.6706191195797011,0.8633809856085192,0.18691980110603176,0.002310979521905848,0.00012875214515409975,0.002028394378345299,0.0024539614637184835,0.0009065586922978659,0.0003118365579261538
ablation_no_geography,feature_ablation,legacy_sampled_case_control,False,CatBoost,full minus direct geography/location variables,test_2021-2023,far_east,Far East,6484,795,1767,0.12260950030845158,0.27251696483652066,0.4920829446562272,0.3265421618562535,0.7257861635220125,0.45042935206869633,0.3653166566982729,0.8293859605483825,0.14925182439977022,0.0074679480721984645,0.003557769968234201,0.007862174531228632,0.005738093259950799,0.004081210548900726,0.0017375203167488856
ablation_no_geography,feature_ablation,legacy_sampled_case_control,False,CatBoost,full minus direct geography/location variables,test_2021-2023,central_asia,Central Asia,29340,2012,8292,0.06857532379004772,0.28261758691206545,0.4920829446562272,0.15593342981186686,0.6426441351888668,0.2509704968944099,0.1792498449743032,0.7861623711332706,0.15447231846993525,0.0010444387223867483,0.004638455561719335,0.000992754652150165,0.006896064768342445,0.002073349684702148,0.0007381665184595581
ablation_no_geography,feature_ablation,legacy_sampled_case_control,False,CatBoost,full minus direct geography/location variables,test_2021-2023,europe,Europe,32712,1723,2559,0.052671802396674,0.07822817314746881,0.4920829446562272,0.23759280969128566,0.3528728961114335,0.28397944885567494,0.208970251855453,0.8601312239920679,0.08172035465225207,0.00994312746633284,0.018802459518730597,0.013229531367940953,6.835651715402428e-05,0.005352461073705954,0.00010667949779480111
ablation_no_geography,feature_ablation,legacy_sampled_case_control,False,CatBoost,full minus direct geography/location variables,test_2021-2025,global,Global,321173,49514,105148,0.15416613476226207,0.32738742048677816,0.4920829446562272,0.3866930421881538,0.8211818879508825,0.5257917264745057,0.54627891056253,0.8694764922273414,0.14869584247424097,0.004740898953927283,0.005275204660165606,0.00546004789362184,0.0008530944872809891,0.002112632079816754,0.0009146946332881712
ablation_no_geography,feature_ablation,legacy_sampled_case_control,False,CatBoost,full minus direct geography/location variables,test_2021-2025,eastern_siberia,Eastern Siberia,128260,31267,65599,0.24377826290347732,0.511453297988461,0.4920829446562272,0.43778106373572767,0.9184763488662168,0.5929428282369459,0.6302041747524663,0.8549782337727195,0.18610827615782555,0.0016626310804551177,0.0010151245833276506,0.0013170202350700204,0.0016470548257556238,0.0004640588700959452,0.0001419283839673884
ablation_no_geography,feature_ablation,legacy_sampled_case_control,False,CatBoost,full minus direct geography/location variables,test_2021-2025,far_east,Far East,10457,1230,2778,0.11762455771253706,0.2656593669312422,0.4920829446562272,0.30345572354211664,0.6853658536585366,0.42065868263473055,0.3490091183495905,0.8195531671367434,0.15084377717728992,0.00016765372355478076,0.002299534247761158,0.00027546897180051106,0.0022660438096129055,0.0017033737012753212,0.0007087337761141368
ablation_no_geography,feature_ablation,legacy_sampled_case_control,False,CatBoost,full minus direct geography/location variables,test_2021-2025,central_asia,Central Asia,45961,2503,11178,0.05445921542177063,0.2432061965579513,0.4920829446562272,0.1343710860619073,0.600079904115062,0.2195745925005482,0.15673435638012506,0.7897245841692071,0.14616752925301987,0.0014396754161258764,0.014934303000266812,0.002939219676848661,0.000332972651043077,0.0006612147520023058,0.00023148618199192103
ablation_no_geography,feature_ablation,legacy_sampled_case_control,False,CatBoost,full minus direct geography/location variables,test_2021-2025,europe,Europe,52062,2848,4413,0.05470400676116938,0.08476431946525297,0.4920829446562272,0.22818944029005211,0.3535814606741573,0.2773722627737226,0.20493888954481776,0.8420446276420386,0.0844342892116714,0.00026046646842745286,0.006463498913953806,0.002112029409610323,0.0021147151063970857,0.001305229521244061,0.0006745000523422985
ablation_no_fuel_ecoregion_vegetation,feature_ablation,legacy_sampled_case_control,False,CatBoost,full minus ecological/fuel variables,validation,global,Global,147424,28826,47775,0.19553125678315605,0.3240652810939874,0.49944669998178615,0.3930298273155416,0.6513911052522029,0.4902546964138849,0.4409687905086621,0.786230416679288,0.17751215086766306,0.00032745229030590984,0.008135976771514852,0.0020359508408705376,0.007987558146830633,0.002794829188921056,9.707509140521862e-07
ablation_no_fuel_ecoregion_vegetation,feature_ablation,legacy_sampled_case_control,False,CatBoost,full minus ecological/fuel variables,test,global,Global,321173,49514,104320,0.15416613476226207,0.3248093706507085,0.49944669998178615,0.3752300613496933,0.7905642848487296,0.5089122040641211,0.509819366521511,0.8516574397308422,0.16840682397394777,0.002156008370002188,0.0022935672435502427,0.002458111342236586,0.00393129307068425,0.0011870569651396413,6.325179009084965e-05
ablation_no_fuel_ecoregion_vegetation,feature_ablation,legacy_sampled_case_control,False,CatBoost,full minus ecological/fuel variables,test,eastern_siberia,Eastern Siberia,128260,31267,64185,0.24377826290347732,0.5004288164665524,0.49944669998178615,0.43708031471527614,0.8972399014935875,0.5878137702719691,0.5992765242853071,0.8364394850186725,0.19868661172882282,0.002004234819268315,0.002320284761891873,0.002308487480888781,0.005415929501470521,0.0019140594574092254,0.0003837939360692922
ablation_no_fuel_ecoregion_vegetation,feature_ablation,legacy_sampled_case_control,False,CatBoost,full minus ecological/fuel variables,test,far_east,Far East,10457,1230,2516,0.11762455771253706,0.24060437984125466,0.49944669998178615,0.30286168521462636,0.6195121951219512,0.406833956219968,0.3282229454490626,0.7984575137828976,0.16986296127193662,0.0007336172457125866,0.0028744178097013895,0.0012886777820186601,0.0033843070448662665,0.00012479590057082925,0.00025719879290506673
ablation_no_fuel_ecoregion_vegetation,feature_ablation,legacy_sampled_case_control,False,CatBoost,full minus ecological/fuel variables,test,central_asia,Central Asia,45961,2503,13682,0.05445921542177063,0.29768716955679814,0.49944669998178615,0.11321444233299226,0.6188573711546145,0.19141180105035527,0.14686819080143768,0.7697883989808207,0.1713293506775792,0.003835744215608078,0.018830208130771246,0.006383999100395757,0.012361284948347689,0.008119421869796542,0.00027944091193246996
ablation_no_fuel_ecoregion_vegetation,feature_ablation,legacy_sampled_case_control,False,CatBoost,full minus ecological/fuel variables,test,europe,Europe,52062,2848,3740,0.05470400676116938,0.07183742460911989,0.49944669998178615,0.19572192513368983,0.25702247191011235,0.2222222222222222,0.19517268118817874,0.8273579775189576,0.10819155823111722,0.001259212981399928,0.005170799131163056,0.0027725825483959706,0.004727574972320522,0.003980576540769211,0.00018937705085921396
ablation_no_fuel_ecoregion_vegetation,feature_ablation,legacy_sampled_case_control,False,CatBoost,full minus ecological/fuel variables,test_2021,global,Global,87238,24772,43290,0.28395882528256033,0.49622870767326166,0.49944669998178615,0.5136521136521136,0.8976263523332795,0.6534042490670271,0.6399632254767819,0.8454701850944327,0.1844659991255763,0.0034583381430480726,0.003361838896291017,0.001902433525920019,0.0059157475792478795,0.0010833878770869839,0.0008174523314141878
ablation_no_fuel_ecoregion_vegetation,feature_ablation,legacy_sampled_case_control,False,CatBoost,full minus ecological/fuel variables,test_2021,eastern_siberia,Eastern Siberia,44639,19789,32713,0.4433119021483456,0.7328345169022603,0.49944669998178615,0.5891541588970746,0.9739249077770479,0.7341815549883814,0.7011409506503102,0.7858819052065692,0.2091398011746323,0.002189880895661639,0.0017546073974852461,0.0011966784564666536,0.0011123936284839163,0.0011156442932220923,0.0004023121508043286
ablation_no_fuel_ecoregion_vegetation,feature_ablation,legacy_sampled_case_control,False,CatBoost,full minus ecological/fuel variables,test_2021,far_east,Far East,2141,270,505,0.12610929472209248,0.2358710882765063,0.49944669998178615,0.3584158415841584,0.6703703703703704,0.4670967741935484,0.41767558049209685,0.8329829562325552,0.16623977766242728,0.029281304927799137,0.0,0.025325133754948242,0.04920990092355001,0.016325170514834012,0.005535497146986282
ablation_no_fuel_ecoregion_vegetation,feature_ablation,legacy_sampled_case_control,False,CatBoost,full minus ecological/fuel variables,test_2021,central_asia,Central Asia,10197,903,3828,0.08855545748749633,0.37540453074433655,0.49944669998178615,0.16039707419017765,0.6799557032115172,0.25956457408581696,0.19655986905847747,0.756290570536821,0.18618883882425852,7.674816874845303e-05,0.005481447916174797,0.0004980677785462595,0.013312321266069502,0.0021135734529374754,0.0003965481337178859
ablation_no_fuel_ecoregion_vegetation,feature_ablation,legacy_sampled_case_control,False,CatBoost,full minus ecological/fuel variables,test_2021,europe,Europe,11926,847,895,0.07102129800436022,0.07504611772597686,0.49944669998178615,0.2122905027932961,0.2243211334120425,0.21814006888633755,0.23606490749141484,0.837275239018094,0.11524141196674145,0.005051466110711133,0.0016696736273590176,0.001868675425968679,0.0028536676280099616,0.0007157035884402389,0.00011436779883909828
ablation_no_fuel_ecoregion_vegetation,feature_ablation,legacy_sampled_case_control,False,CatBoost,full minus ecological/fuel variables,test_2022,global,Global,58312,4923,12649,0.08442516120181094,0.2169193304980107,0.49944669998178615,0.21677602972567,0.5569774527726996,0.31208741179148647,0.21570044677061836,0.7868640986987503,0.15732419117926358,0.0022660316090302884,0.0025119246223322678,0.0019659167954627055,0.004741411583470228,0.0006926049240375589,0.00012941162236789259
ablation_no_fuel_ecoregion_vegetation,feature_ablation,legacy_sampled_case_control,False,CatBoost,full minus ecological/fuel variables,test_2022,eastern_siberia,Eastern Siberia,18946,1456,5095,0.07684999472184102,0.2689221999366621,0.49944669998178615,0.15583905789990188,0.5453296703296703,0.24240573958174325,0.1830790661039277,0.7605930233288724,0.18069144634366,0.005560027548605189,0.012141256545098721,0.007926025839755303,0.004123505194492219,0.007934384041412173,0.0006963056322829557
ablation_no_fuel_ecoregion_vegetation,feature_ablation,legacy_sampled_case_control,False,CatBoost,full minus ecological/fuel variables,test_2022,far_east,Far East,2076,192,406,0.09248554913294797,0.1955684007707129,0.49944669998178615,0.2536945812807882,0.5364583333333334,0.34448160535117056,0.26853852031826964,0.7856898000707715,0.16374731389239713,0.01551340679370492,0.03314563036811941,0.021138779681346108,0.0259591162627711,0.024726296209385754,0.0022637753285321663
ablation_no_fuel_ecoregion_vegetation,feature_ablation,legacy_sampled_case_control,False,CatBoost,full minus ecological/fuel variables,test_2022,central_asia,Central Asia,9862,698,2914,0.07077671871831272,0.2954775907523829,0.49944669998178615,0.13109128345916266,0.5472779369627507,0.2115171650055371,0.14264062651275047,0.7297095961648858,0.17304097257864662,0.005451368780820918,0.026339221075716696,0.009065071435760732,0.013269692554648842,0.009395059896469675,0.0010593584813033165
ablation_no_fuel_ecoregion_vegetation,feature_ablation,legacy_sampled_case_control,False,CatBoost,full minus ecological/fuel variables,test_2022,europe,Europe,10330,382,658,0.036979670861568247,0.06369796708615683,0.49944669998178615,0.1717325227963526,0.29581151832460734,0.2173076923076923,0.1709490765780868,0.8621570385901979,0.0992442956007669,0.021022245664446847,0.049978751549834506,0.030153676735843005,0.017268525464319145,0.009206572954112223,0.0004223883756583977
ablation_no_fuel_ecoregion_vegetation,feature_ablation,legacy_sampled_case_control,False,CatBoost,full minus ecological/fuel variables,test_2023,global,Global,60888,6898,18042,0.11328997503613192,0.2963145447378794,0.49944669998178615,0.28461367919299413,0.7444186720788635,0.4117882919005613,0.38311179227697734,0.8286269334264031,0.165711097807742,0.001943785605853342,0.003120506536569095,0.002510900115136731,0.0019473030243416217,0.0034375896976662356,0.0009139637976901372
ablation_no_fuel_ecoregion_vegetation,feature_ablation,legacy_sampled_case_control,False,CatBoost,full minus ecological/fuel variables,test_2023,eastern_siberia,Eastern Siberia,18853,1391,6849,0.07378136105659577,0.3632843579271203,0.49944669998178615,0.16265148196817053,0.800862688713156,0.2703883495145631,0.30697650948028515,0.8005107897432164,0.1905664033689379,0.0012201975626956146,0.004066753594171392,0.00146301550334043,4.930210085251579e-05,0.0003031521199812792,0.0014631433202225157
ablation_no_fuel_ecoregion_vegetation,feature_ablation,legacy_sampled_case_control,False,CatBoost,full minus ecological/fuel variables,test_2023,far_east,Far East,2267,333,629,0.14689016321129245,0.2774591971768858,0.49944669998178615,0.36089030206677264,0.6816816816816816,0.47193347193347196,0.3504665938392027,0.8108799078292357,0.17260629699245528,0.007311804489473319,0.01911099408612287,0.010851962240110176,0.003351708876484016,0.00010101180374139862,0.0006428912120852606
ablation_no_fuel_ecoregion_vegetation,feature_ablation,legacy_sampled_case_control,False,CatBoost,full minus ecological/fuel variables,test_2023,central_asia,Central Asia,9281,411,2971,0.044284021118413966,0.3201163667708221,0.49944669998178615,0.10871760350050488,0.7858880778588808,0.19101123595505617,0.15747909669587787,0.8230433100996551,0.1699033833410612,0.00023927567783677703,0.012043181188092113,3.06794014585237e-05,0.01706576166441344,0.009525343613561098,0.0004879335433149683
ablation_no_fuel_ecoregion_vegetation,feature_ablation,legacy_sampled_case_control,False,CatBoost,full minus ecological/fuel variables,test_2023,europe,Europe,10456,494,620,0.04724560061208875,0.05929609793420046,0.49944669998178615,0.17580645161290323,0.22064777327935223,0.19569120287253142,0.1798831002176858,0.8380078102457353,0.10183959066695533,0.008765691535462156,0.011451121962535194,0.00993900852745024,0.011591444491172324,0.010147395864273462,7.63316100803852e-05
ablation_no_fuel_ecoregion_vegetation,feature_ablation,legacy_sampled_case_control,False,CatBoost,full minus ecological/fuel variables,test_2024,global,Global,65063,9134,20033,0.1403870095138558,0.30790157232221077,0.49944669998178615,0.32880746767833074,0.7211517407488505,0.45167483800185143,0.4137695096999729,0.8269452576652959,0.16816166154822484,0.004827749027904292,0.0017627305798810146,0.0048830542680789735,0.00010147790167970012,0.0029033188010638917,0.0007087740118228305
ablation_no_fuel_ecoregion_vegetation,feature_ablation,legacy_sampled_case_control,False,CatBoost,full minus ecological/fuel variables,test_2024,eastern_siberia,Eastern Siberia,26660,6189,13165,0.23214553638409602,0.49381095273818454,0.49944669998178615,0.37242688947968094,0.7922119890127646,0.5066652888291826,0.4674723762684877,0.7632205217160115,0.20755510632313204,0.0020334884594150845,0.001675247597038996,0.0022194403990609636,0.0038013103285759265,0.001458248950910033,0.00028402196281734676
ablation_no_fuel_ecoregion_vegetation,feature_ablation,legacy_sampled_case_control,False,CatBoost,full minus ecological/fuel variables,test_2024,far_east,Far East,2229,298,717,0.13369223867205024,0.32166890982503366,0.49944669998178615,0.2510460251046025,0.6040268456375839,0.35467980295566504,0.29175261415999754,0.7287839871541331,0.1898723952718785,0.016343062036163602,0.021355573928452786,0.019916560146881066,0.011082851534549725,0.020222606602252575,0.0038022852199416277
ablation_no_fuel_ecoregion_vegetation,feature_ablation,legacy_sampled_case_control,False,CatBoost,full minus ecological/fuel variables,test_2024,central_asia,Central Asia,9003,187,1907,0.020770854159724537,0.211818282794624,0.49944669998178615,0.051389617199790245,0.5240641711229946,0.0936007640878701,0.09476155832614606,0.791072927686171,0.15514519117038847,0.00412173019470882,0.030250557483916436,0.007317769480740437,0.0044121622998562725,0.012451633521960579,0.0001335814634496604
ablation_no_fuel_ecoregion_vegetation,feature_ablation,legacy_sampled_case_control,False,CatBoost,full minus ecological/fuel variables,test_2024,europe,Europe,10472,493,767,0.04707792207792208,0.07324293353705118,0.49944669998178615,0.16297262059973924,0.2535496957403651,0.1984126984126984,0.1613959113912596,0.786867838281893,0.10628941356382426,0.005975904558111,0.02294869878090215,0.0111800895099667,0.0023814109934159116,0.016173784800689834,0.000299423485449057
ablation_no_fuel_ecoregion_vegetation,feature_ablation,legacy_sampled_case_control,False,CatBoost,full minus ecological/fuel variables,test_2025,global,Global,49672,3787,10306,0.07624013528748591,0.20748107585762604,0.49944669998178615,0.23714341160489036,0.6453657248481648,0.34683885616972965,0.3903995424029619,0.8266045534267121,0.15683830527847742,0.007652738349020204,0.017619709957435253,0.010733494542710293,0.0029660578010210917,0.001957405340075855,0.00040657520144144296
ablation_no_fuel_ecoregion_vegetation,feature_ablation,legacy_sampled_case_control,False,CatBoost,full minus ecological/fuel variables,test_2025,eastern_siberia,Eastern Siberia,19162,2442,6363,0.12743972445464982,0.3320634589291306,0.49944669998178615,0.3096023888103096,0.8067158067158067,0.44747302668938105,0.503051225674408,0.8411427657540098,0.1877781836962809,0.0037841247376514315,0.00405384723038978,0.0045676603048888645,0.002256327896638461,0.004935508780182581,0.0007721912250402964
ablation_no_fuel_ecoregion_vegetation,feature_ablation,legacy_sampled_case_control,False,CatBoost,full minus ecological/fuel variables,test_2025,far_east,Far East,1744,137,259,0.07855504587155963,0.14850917431192662,0.49944669998178615,0.27413127413127414,0.5182481751824818,0.35858585858585856,0.4075984332873441,0.8189989961800335,0.15245077641161398,0.030843393833448852,0.0722590871285523,0.043460937154376794,0.1005812682849807,0.03972997189884395,0.0010670550463321939
ablation_no_fuel_ecoregion_vegetation,feature_ablation,legacy_sampled_case_control,False,CatBoost,full minus ecological/fuel variables,test_2025,central_asia,Central Asia,7618,304,2062,0.039905487004463114,0.2706747177736939,0.49944669998178615,0.06401551891367604,0.4342105263157895,0.11158072696534235,0.08807102723670535,0.7103866683217478,0.17008731537611513,0.004904191002475865,0.04186816467551924,0.008840783062547316,0.0010429581116976811,0.004677141994674241,0.0006218811116254486
ablation_no_fuel_ecoregion_vegetation,feature_ablation,legacy_sampled_case_control,False,CatBoost,full minus ecological/fuel variables,test_2025,europe,Europe,8878,632,800,0.07118720432529849,0.09011038522189682,0.49944669998178615,0.24375,0.30854430379746833,0.2723463687150838,0.23079911514885537,0.8029676644142001,0.1188565840395463,0.00876021742893117,0.015663757811094373,0.011581276446848377,0.008553489341729184,0.0012991622002117642,0.0008403661254044456
ablation_no_fuel_ecoregion_vegetation,feature_ablation,legacy_sampled_case_control,False,CatBoost,full minus ecological/fuel variables,test_2021-2023,global,Global,206438,36593,73981,0.17725903176740718,0.3583690987124464,0.49944669998178615,0.4070369419175194,0.8229169513294893,0.5446669198907519,0.5444125860421477,0.8543031937318574,0.17126764641722958,0.0016940482031600427,0.001994659467380949,0.0010816159689741665,0.002122506892106047,0.002357431718248906,0.0007310492671541886
ablation_no_fuel_ecoregion_vegetation,feature_ablation,legacy_sampled_case_control,False,CatBoost,full minus ecological/fuel variables,test_2021-2023,eastern_siberia,Eastern Siberia,82438,22636,44657,0.2745821101919018,0.541704068512094,0.49944669998178615,0.474304140448306,0.9357218589856865,0.629515699998514,0.6389668227178252,0.8460346079979938,0.19835415863771536,0.0023260974495330254,0.0012875214515414685,0.0017588944733246186,0.0071016562967666785,0.001845376417380203,0.00021650774874107365
ablation_no_fuel_ecoregion_vegetation,feature_ablation,legacy_sampled_case_control,False,CatBoost,full minus ecological/fuel variables,test_2021-2023,far_east,Far East,6484,795,1540,0.12260950030845158,0.23750771128932757,0.49944669998178615,0.33181818181818185,0.6427672955974842,0.43768736616702353,0.3439806349791889,0.8147054173838734,0.16766768397559673,0.009590868920097197,0.012452194888819702,0.011252428588242153,0.007872700874114569,0.00560501987371159,0.0012285958659472174
ablation_no_fuel_ecoregion_vegetation,feature_ablation,legacy_sampled_case_control,False,CatBoost,full minus ecological/fuel variables,test_2021-2023,central_asia,Central Asia,29340,2012,9713,0.06857532379004772,0.3310497614178596,0.49944669998178615,0.13579738494800783,0.6555666003976143,0.22498933901918977,0.16625715789313902,0.7644571589054665,0.17661796052658368,0.0006079265906342562,0.005153839513021422,0.0011365387045448067,0.00793177890807202,0.00396517509924682,0.0007193311941366316
ablation_no_fuel_ecoregion_vegetation,feature_ablation,legacy_sampled_case_control,False,CatBoost,full minus ecological/fuel variables,test_2021-2023,europe,Europe,32712,1723,2173,0.052671802396674,0.06642822205918318,0.49944669998178615,0.18959963184537507,0.2391178177597214,0.21149897330595482,0.19607487065207063,0.8459516189136216,0.10590601041467856,0.010792623308941166,0.02081700875288031,0.014898095523808283,0.001708680018210272,0.006706551748393772,0.00021590307795595108
ablation_no_fuel_ecoregion_vegetation,feature_ablation,legacy_sampled_case_control,False,CatBoost,full minus ecological/fuel variables,test_2021-2025,global,Global,321173,49514,104320,0.15416613476226207,0.3248093706507085,0.49944669998178615,0.3752300613496933,0.7905642848487296,0.5089122040641211,0.509819366521511,0.8516574397308422,0.16840682397394777,0.003312314339427725,0.006421988281940806,0.004376375225712648,0.0010357952628624722,0.0014783320059885885,0.0004902313092612517
ablation_no_fuel_ecoregion_vegetation,feature_ablation,legacy_sampled_case_control,False,CatBoost,full minus ecological/fuel variables,test_2021-2025,eastern_siberia,Eastern Siberia,128260,31267,64185,0.24377826290347732,0.5004288164665524,0.49944669998178615,0.43708031471527614,0.8972399014935875,0.5878137702719691,0.5992765242853071,0.8364394850186725,0.19868661172882282,0.0009926037918134693,0.002030249166655379,0.00046317465566316033,0.004618287551213375,0.001668788182999153,3.555363689924337e-05
ablation_no_fuel_ecoregion_vegetation,feature_ablation,legacy_sampled_case_control,False,CatBoost,full minus ecological/fuel variables,test_2021-2025,far_east,Far East,10457,1230,2516,0.11762455771253706,0.24060437984125466,0.49944669998178615,0.30286168521462636,0.6195121951219512,0.406833956219968,0.3282229454490626,0.7984575137828976,0.16986296127193662,0.0065643880439301095,0.014946972610447334,0.009148159372955492,0.002583457185059903,0.00046915283639424875,0.00020984768363417085
ablation_no_fuel_ecoregion_vegetation,feature_ablation,legacy_sampled_case_control,False,CatBoost,full minus ecological/fuel variables,test_2021-2025,central_asia,Central Asia,45961,2503,13682,0.05445921542177063,0.29768716955679814,0.49944669998178615,0.11321444233299226,0.6188573711546145,0.19141180105035527,0.14686819080143768,0.7697883989808207,0.1713293506775792,0.0010531202051720925,0.008441127782759553,0.0019104847225407343,0.00497776505826564,0.0035454261181164294,0.0001486037391722339
ablation_no_fuel_ecoregion_vegetation,feature_ablation,legacy_sampled_case_control,False,CatBoost,full minus ecological/fuel variables,test_2021-2025,europe,Europe,52062,2848,3740,0.05470400676116938,0.07183742460911989,0.49944669998178615,0.19572192513368983,0.25702247191011235,0.2222222222222222,0.19517268118817874,0.8273579775189576,0.10819155823111722,0.006831765620093468,0.010987948153721477,0.008489902794461874,0.0042083065890592825,0.003392482240981625,0.0009912731148469423
ablation_no_terrain,feature_ablation,legacy_sampled_case_control,False,CatBoost,full minus topography,validation,global,Global,147424,28826,45651,0.19553125678315605,0.30965785760798786,0.4970601812879405,0.4144268471665462,0.6563172136265871,0.5080494649354834,0.4564713905028892,0.8000956473311754,0.1602975309914803,0.0002978623996071957,0.0023503932895487,0.0004695561632699092,0.013852292664243216,0.0031736158506509913,0.00036856195659755046
ablation_no_terrain,feature_ablation,legacy_sampled_case_control,False,CatBoost,full minus topography,test,global,Global,321173,49514,102278,0.15416613476226207,0.3184514264897734,0.4970601812879405,0.3916678073485989,0.8090439067738417,0.5278143775693054,0.5466730422677655,0.8686284552647979,0.14869601300409643,0.0030988055172687305,0.004357777762745524,0.0037426395663577566,0.003010852497219617,0.0020035801904539916,0.00016558934709788733
ablation_no_terrain,feature_ablation,legacy_sampled_case_control,False,CatBoost,full minus topography,test,eastern_siberia,Eastern Siberia,128260,31267,64327,0.24377826290347732,0.5015359426165601,0.4970601812879405,0.4439348951451179,0.9133271500303835,0.5974642760005858,0.6324203473350982,0.8552899692539319,0.18555971841466457,0.0008948712030135341,0.003190391547601355,0.001494585148024638,0.005031061748344111,0.002362848501883167,0.0008397821893111249
ablation_no_terrain,feature_ablation,legacy_sampled_case_control,False,CatBoost,full minus topography,test,far_east,Far East,10457,1230,2659,0.11762455771253706,0.25427943004685855,0.4970601812879405,0.30763444904099285,0.6650406504065041,0.42067369503728463,0.3484659855817594,0.8191960497691029,0.15112648843576007,0.0015056271795270862,0.010347904114925095,0.0035229839628565527,0.007375644229557695,0.0026646385799352023,0.0005441060609548465
ablation_no_terrain,feature_ablation,legacy_sampled_case_control,False,CatBoost,full minus topography,test,central_asia,Central Asia,45961,2503,10812,0.05445921542177063,0.23524292334805597,0.4970601812879405,0.13494265630780614,0.5829005193767479,0.21915133308298912,0.15507030856500845,0.7884410261830036,0.1473441806882736,0.005011946487455736,0.016232938043768262,0.007764057718524817,0.015203345687638994,0.007778488109962265,0.0006357070729625158
ablation_no_terrain,feature_ablation,legacy_sampled_case_control,False,CatBoost,full minus topography,test,europe,Europe,52062,2848,3814,0.05470400676116938,0.07325880680726826,0.4970601812879405,0.21604614577871,0.2893258426966292,0.247373161212849,0.197803374389586,0.8392839331767291,0.08434753516394856,0.006154301757966172,0.009048898479535343,0.007347938650997811,0.003906497589158289,0.0016951214781053125,0.00013790143450385798
ablation_no_terrain,feature_ablation,legacy_sampled_case_control,False,CatBoost,full minus topography,test_2021,global,Global,87238,24772,43565,0.28395882528256033,0.49938100369105204,0.4970601812879405,0.518351887983473,0.911593734861941,0.6609011223787992,0.6681033089233553,0.8609311820224099,0.17199803804084088,0.000901894367761978,0.0017431757240027438,0.00026970372899334474,0.006402680088280754,0.0013608567213813773,0.0005441863532494524
ablation_no_terrain,feature_ablation,legacy_sampled_case_control,False,CatBoost,full minus topography,test_2021,eastern_siberia,Eastern Siberia,44639,19789,32964,0.4433119021483456,0.7384574027195949,0.4970601812879405,0.5880354325931318,0.9795340845924504,0.7348965935586602,0.7232441815607642,0.8032493510763912,0.20111459255175185,0.0008704727208915679,0.001515342752373618,0.0002505989863859974,0.0008035499546845277,0.0013371800599235187,0.0005900620912977516
ablation_no_terrain,feature_ablation,legacy_sampled_case_control,False,CatBoost,full minus topography,test_2021,far_east,Far East,2141,270,567,0.12610929472209248,0.2648295189163942,0.4970601812879405,0.3527336860670194,0.7407407407407407,0.4778972520908005,0.4379105991896896,0.84760773600966,0.14907875550458385,0.03543509993854081,0.015713484026367745,0.03604548789762991,0.05848666447108059,0.01812103725328317,0.008747575816942244
ablation_no_terrain,feature_ablation,legacy_sampled_case_control,False,CatBoost,full minus topography,test_2021,central_asia,Central Asia,10197,903,3382,0.08855545748749633,0.3316661763263705,0.4970601812879405,0.1729745712596097,0.6478405315614618,0.27304550758459745,0.20653541106732337,0.7670948832538454,0.17139751281510074,0.0029958737245460052,0.01566127976049944,0.005121938044735889,0.012033091446585901,0.00012040009026122357,0.00038371257488898725
ablation_no_terrain,feature_ablation,legacy_sampled_case_control,False,CatBoost,full minus topography,test_2021,europe,Europe,11926,847,935,0.07102129800436022,0.07840013416065739,0.4970601812879405,0.2877005347593583,0.31759149940968123,0.30190796857463525,0.25246862651872026,0.8571892663540253,0.0915802728792399,0.01685447679162005,0.015861899459910758,0.01642195338863637,0.0035001434950181027,0.0019666778065373456,0.00010648340400411168
ablation_no_terrain,feature_ablation,legacy_sampled_case_control,False,CatBoost,full minus topography,test_2022,global,Global,58312,4923,11945,0.08442516120181094,0.20484634380573466,0.4970601812879405,0.235663457513604,0.5718058094657729,0.3337680815745791,0.25959095326221776,0.8147961953346173,0.13271718682866498,0.0013218496449160237,0.0008373082074440369,0.0014682154702438412,0.0075566619940384255,0.00023888959656714784,0.0002591504996215268
ablation_no_terrain,feature_ablation,legacy_sampled_case_control,False,CatBoost,full minus topography,test_2022,eastern_siberia,Eastern Siberia,18946,1456,5098,0.07684999472184102,0.26908054470600656,0.4970601812879405,0.17418595527657904,0.6098901098901099,0.27097955447055233,0.23962538764492458,0.7947727390533994,0.15817284261821168,0.007773366812435358,0.015055158115922318,0.010889379118482234,0.003664841390964853,0.006858636779109478,0.001515678276055871
ablation_no_terrain,feature_ablation,legacy_sampled_case_control,False,CatBoost,full minus topography,test_2022,far_east,Far East,2076,192,430,0.09248554913294797,0.2071290944123314,0.4970601812879405,0.2558139534883721,0.5729166666666666,0.3536977491961415,0.29841198671915026,0.8006513181174806,0.14166199373613816,0.020270073268433213,0.029462782549439532,0.024938460244724372,0.034391687717421154,0.02096916589754753,0.00411327724211457
ablation_no_terrain,feature_ablation,legacy_sampled_case_control,False,CatBoost,full minus topography,test_2022,central_asia,Central Asia,9862,698,2156,0.07077671871831272,0.21861691340498884,0.4970601812879405,0.1590909090909091,0.49140401146131807,0.24036440084092503,0.16177401639335268,0.7632435505072173,0.14736641925471744,0.010396445007993759,0.038495784649124364,0.016508337999465304,0.015255068752814092,0.006652072737050959,0.0007410595297995717
ablation_no_terrain,feature_ablation,legacy_sampled_case_control,False,CatBoost,full minus topography,test_2022,europe,Europe,10330,382,640,0.036979670861568247,0.061955469506292354,0.4970601812879405,0.15,0.2513089005235602,0.18786692759295498,0.147002270433107,0.8551080803423877,0.07504503347693268,0.018404051707023136,0.03517023257210577,0.024231116600818683,0.0246245600009598,0.01207630033567156,0.000919059954719617
ablation_no_terrain,feature_ablation,legacy_sampled_case_control,False,CatBoost,full minus topography,test_2023,global,Global,60888,6898,17939,0.11328997503613192,0.29462291420312703,0.4970601812879405,0.3004626790791014,0.7813859089591186,0.434029874783589,0.4096714642854877,0.8460504092899521,0.14801853600112178,0.0021374055704828972,0.0003120506536569409,0.002267705679854736,0.0006224865326090596,0.00046094952764172604,0.0004856664588823028
ablation_no_terrain,feature_ablation,legacy_sampled_case_control,False,CatBoost,full minus topography,test_2023,eastern_siberia,Eastern Siberia,18853,1391,6846,0.07378136105659577,0.36312523205855834,0.4970601812879405,0.16739702015775634,0.8238677210639828,0.27825664683744084,0.3207309971084113,0.8163618879191386,0.1811855368194835,0.0006593309869188194,0.0066084745905284825,0.0005449856172566175,0.005959480670187625,0.0022743905197844636,0.0021381182350648873
ablation_no_terrain,feature_ablation,legacy_sampled_case_control,False,CatBoost,full minus topography,test_2023,far_east,Far East,2267,333,679,0.14689016321129245,0.2995147772386414,0.4970601812879405,0.36818851251840945,0.7507507507507507,0.49407114624505927,0.358863683274719,0.8233204766296803,0.15664025580212113,0.007469766193900272,0.012740662724081964,0.009479603132824942,0.006815574638526784,0.0036638737944036633,0.00019144861723226046
ablation_no_terrain,feature_ablation,legacy_sampled_case_control,False,CatBoost,full minus topography,test_2023,central_asia,Central Asia,9281,411,2503,0.044284021118413966,0.26969076608124126,0.4970601812879405,0.1306432281262485,0.7956204379562044,0.2244337680164722,0.15714017097908545,0.83765872003555,0.14759996743235126,0.0016063299226730231,0.032688634653392744,0.003644806926079848,0.012940535723717743,0.012692667292268523,0.0005227411411788405
ablation_no_terrain,feature_ablation,legacy_sampled_case_control,False,CatBoost,full minus topography,test_2023,europe,Europe,10456,494,619,0.04724560061208875,0.059200459066564654,0.4970601812879405,0.17932148626817448,0.22469635627530365,0.19946091644204852,0.17733620323378313,0.8509271466390097,0.07720234201314508,0.007251472204181507,0.008588341471901389,0.007864809089453938,0.011241955494598206,0.008803366115759773,0.00012669778504111707
ablation_no_terrain,feature_ablation,legacy_sampled_case_control,False,CatBoost,full minus topography,test_2024,global,Global,65063,9134,19529,0.1403870095138558,0.3001552341576626,0.4970601812879405,0.34036561011828564,0.7277206043354499,0.46380350975124723,0.438212038877937,0.8380676624465182,0.14944497008393906,0.0003176895177485801,0.008813652899404993,0.0015179819535699297,0.003593085741463169,0.0018245500674531506,0.0006740115523744801
ablation_no_terrain,feature_ablation,legacy_sampled_case_control,False,CatBoost,full minus topography,test_2024,eastern_siberia,Eastern Siberia,26660,6189,13523,0.23214553638409602,0.5072393098274569,0.4970601812879405,0.37425127560452565,0.8177411536597189,0.5134943181818182,0.48922878720980145,0.7773648741471045,0.20067688032926312,0.0003346688514489556,0.0007614761804722782,0.00016224457093291366,0.0043013651362787935,0.0003336968417882466,1.6782462194169374e-05
ablation_no_terrain,feature_ablation,legacy_sampled_case_control,False,CatBoost,full minus topography,test_2024,far_east,Far East,2229,298,755,0.13369223867205024,0.33871691341408705,0.4970601812879405,0.24503311258278146,0.6208053691275168,0.3513770180436847,0.28902473784965277,0.7515414345246578,0.18201205340961008,0.020114186830900018,0.04271114785690557,0.027488134587986192,0.0020995807408705535,0.018464786905799925,0.004045038698224091
ablation_no_terrain,feature_ablation,legacy_sampled_case_control,False,CatBoost,full minus topography,test_2024,central_asia,Central Asia,9003,187,1278,0.020770854159724537,0.14195268243918693,0.4970601812879405,0.06103286384976526,0.41711229946524064,0.10648464163822526,0.07993019596370712,0.7972782228713957,0.12286428782383087,0.0073495429943839325,0.037813196854895585,0.012416783876111588,0.013975575222817218,0.01623509778531171,0.0011006966725728244
ablation_no_terrain,feature_ablation,legacy_sampled_case_control,False,CatBoost,full minus topography,test_2024,europe,Europe,10472,493,811,0.04707792207792208,0.0774446142093201,0.4970601812879405,0.16892725030826142,0.2778904665314402,0.21012269938650308,0.16557140881937468,0.8050775797531815,0.08362809232972751,0.011795314482035473,0.0014342936738063943,0.00973057421493095,0.0013243319437226812,0.012692327603882834,3.903300878442026e-05
ablation_no_terrain,feature_ablation,legacy_sampled_case_control,False,CatBoost,full minus topography,test_2025,global,Global,49672,3787,9300,0.07624013528748591,0.18722821710420356,0.4970601812879405,0.28225806451612906,0.6931608133086876,0.4011614579353557,0.4231495162319691,0.8514624266317854,0.12637873318966508,0.004942479626496682,0.00185470631130897,0.004689086878396872,0.0031744868565836614,0.005404323059987895,0.000240146388947975
ablation_no_terrain,feature_ablation,legacy_sampled_case_control,False,CatBoost,full minus topography,test_2025,eastern_siberia,Eastern Siberia,19162,2442,5896,0.12743972445464982,0.3076923076923077,0.4970601812879405,0.35244233378561735,0.8509418509418509,0.4984408731110578,0.5353086875905292,0.8730869081347552,0.15967310069234486,0.0024972925160952034,0.001737363098738421,0.002781340779982354,0.0033211453298094443,0.004313048919971193,0.0008757003772236322
ablation_no_terrain,feature_ablation,legacy_sampled_case_control,False,CatBoost,full minus topography,test_2025,far_east,Far East,1744,137,228,0.07855504587155963,0.13073394495412843,0.4970601812879405,0.3201754385964912,0.5328467153284672,0.4,0.3906321160519493,0.8409921920066861,0.11826459179345004,0.03083587783190666,0.08258181386120261,0.04642620280517738,0.09046924579894906,0.04012823515797552,0.0030197609668331745
ablation_no_terrain,feature_ablation,legacy_sampled_case_control,False,CatBoost,full minus topography,test_2025,central_asia,Central Asia,7618,304,1493,0.039905487004463114,0.19598319768968234,0.4970601812879405,0.08439383791024782,0.4144736842105263,0.14023372287145242,0.08351588759559739,0.7235429889325447,0.14373790269500342,8.022148008926088e-06,0.004652018297279932,0.00027987156411622943,0.001135675586921499,0.0066477621327037,0.0005475912361672926
ablation_no_terrain,feature_ablation,legacy_sampled_case_control,False,CatBoost,full minus topography,test_2025,europe,Europe,8878,632,809,0.07118720432529849,0.09112412705564316,0.4970601812879405,0.26081582200247216,0.3338607594936709,0.29285218598195695,0.235237256092641,0.8138097067392859,0.094719393395428,0.011341966980510385,0.01678259765474402,0.013616159716576955,0.017103787753685918,0.0005132199501097348,0.0003655845700159772
ablation_no_terrain,feature_ablation,legacy_sampled_case_control,False,CatBoost,full minus topography,test_2021-2023,global,Global,206438,36593,73449,0.17725903176740718,0.35579205378854667,0.4970601812879405,0.41916159512042367,0.8413357746016997,0.5595499900038168,0.5817849020913238,0.8715217260534929,0.15382982813724358,0.003218247424245726,0.0005983978402143475,0.0027235086971023957,0.0012268054685674059,0.0035224619466305983,0.001263740366827418
ablation_no_terrain,feature_ablation,legacy_sampled_case_control,False,CatBoost,full minus topography,test_2021-2023,eastern_siberia,Eastern Siberia,82438,22636,44908,0.2745821101919018,0.5447487809020112,0.4970601812879405,0.4769306136991182,0.9461919066972964,0.6341940068695961,0.671677566378034,0.8636255648085875,0.1866880309908054,0.001415113583935408,0.0006437607257707343,0.0013946321147166917,0.005118230593122903,0.0009869267255564983,0.00032198116408771005
ablation_no_terrain,feature_ablation,legacy_sampled_case_control,False,CatBoost,full minus topography,test_2021-2023,far_east,Far East,6484,795,1676,0.12260950030845158,0.25848241826033314,0.4970601812879405,0.3341288782816229,0.7044025157232704,0.45325779036827196,0.36888208552652413,0.8294155885074473,0.14934783689619763,0.005162866417943038,0.006226097444409851,0.006069367320626582,0.004713103782789263,0.00414101222814373,0.0017182694001139918
ablation_no_terrain,feature_ablation,legacy_sampled_case_control,False,CatBoost,full minus topography,test_2021-2023,central_asia,Central Asia,29340,2012,8041,0.06857532379004772,0.27406271301976826,0.4970601812879405,0.15607511503544336,0.6237574552683897,0.24967671341887993,0.17785928350938937,0.7843497689943477,0.15579220731442597,0.0008645332073466105,0.004123071610417169,0.0007690495036972365,0.006775752533280141,0.001502216395743064,0.0007872049432010182
ablation_no_terrain,feature_ablation,legacy_sampled_case_control,False,CatBoost,full minus topography,test_2021-2023,europe,Europe,32712,1723,2194,0.052671802396674,0.06707018831010027,0.4970601812879405,0.21695533272561532,0.2762623331398723,0.24304314526423282,0.19826108310612367,0.8570360006612722,0.0817629377067735,0.003083304993116487,0.006715164113832353,0.0045540118825575255,3.571625913533197e-05,0.004909349555612429,5.2525618925269254e-05
ablation_no_terrain,feature_ablation,legacy_sampled_case_control,False,CatBoost,full minus topography,test_2021-2025,global,Global,321173,49514,102278,0.15416613476226207,0.3184514264897734,0.4970601812879405,0.3916678073485989,0.8090439067738417,0.5278143775693054,0.5466730422677655,0.8686284552647979,0.14869601300409643,0.0032715692552746254,0.0025229239679052827,0.003500787821560224,0.0008172878324674067,0.001946352860933291,0.0009362858891344619
ablation_no_terrain,feature_ablation,legacy_sampled_case_control,False,CatBoost,full minus topography,test_2021-2025,eastern_siberia,Eastern Siberia,128260,31267,64327,0.24377826290347732,0.5015359426165601,0.4970601812879405,0.4439348951451179,0.9133271500303835,0.5974642760005858,0.6324203473350982,0.8552899692539319,0.18555971841466457,0.002600630994109504,0.00043505339285474095,0.002267325083150213,0.002451276534327854,0.0004905617259949082,0.000162450719726507
ablation_no_terrain,feature_ablation,legacy_sampled_case_control,False,CatBoost,full minus topography,test_2021-2025,far_east,Far East,10457,1230,2659,0.11762455771253706,0.25427943004685855,0.4970601812879405,0.30763444904099285,0.6650406504065041,0.42067369503728463,0.3484659855817594,0.8191960497691029,0.15112648843576007,0.0019569826780934415,0.007473486305223706,0.0033255157194318624,0.0038132826793303067,0.0015203542514865373,0.0006337665894427027
ablation_no_terrain,feature_ablation,legacy_sampled_case_control,False,CatBoost,full minus topography,test_2021-2025,central_asia,Central Asia,45961,2503,10812,0.05445921542177063,0.23524292334805597,0.4970601812879405,0.13494265630780614,0.5829005193767479,0.21915133308298912,0.15507030856500845,0.7884410261830036,0.1473441806882736,0.0003861416146038181,0.01363566795676536,0.0014919214451368033,0.002888452039973488,0.001690865951952586,0.0001213063320262297
ablation_no_terrain,feature_ablation,legacy_sampled_case_control,False,CatBoost,full minus topography,test_2021-2025,europe,Europe,52062,2848,3814,0.05470400676116938,0.07325880680726826,0.4970601812879405,0.21604614577871,0.2893258426966292,0.247373161212849,0.197803374389586,0.8392839331767291,0.08434753516394856,0.003911707779353796,0.0,0.002653710763893572,0.0012407996161826786,0.0017616162701693952,0.0006726651625968145
ablation_no_seasonality,feature_ablation,legacy_sampled_case_control,False,CatBoost,full minus month/day-of-year features,validation,global,Global,147424,28826,47903,0.19553125678315605,0.32493352507054485,0.48811979238586695,0.4067594931423919,0.6759522653160341,0.5078914100274994,0.4577344486264278,0.800417754443267,0.16010369948572079,0.00044454343759770193,0.003435190192417373,0.0006141044870121004,0.012365324771790044,0.003093605139933298,0.00030835007485057467
ablation_no_seasonality,feature_ablation,legacy_sampled_case_control,False,CatBoost,full minus month/day-of-year features,test,global,Global,321173,49514,105939,0.15416613476226207,0.3298502676127819,0.48811979238586695,0.3830317446832611,0.8195257906854627,0.5220613304342792,0.5481389991511768,0.8692417826219411,0.14840314047462358,0.003270198540650122,0.0016054970704852014,0.003370385839599441,0.0037575229946084504,0.0017162979116385503,0.0001452183550949409
ablation_no_seasonality,feature_ablation,legacy_sampled_case_control,False,CatBoost,full minus month/day-of-year features,test,eastern_siberia,Eastern Siberia,128260,31267,65529,0.24377826290347732,0.5109075315764853,0.48811979238586695,0.43762303712859957,0.9171650622061599,0.5925244844828299,0.6325588974970184,0.8560831460467666,0.18512499111861794,0.0012933944644422518,0.0033354093452195237,0.0018823120383671982,0.004490200003735136,0.002496288080073692,0.0008303673859075759
ablation_no_seasonality,feature_ablation,legacy_sampled_case_control,False,CatBoost,full minus month/day-of-year features,test,far_east,Far East,10457,1230,2754,0.11762455771253706,0.26336425361002197,0.48811979238586695,0.3068264342774147,0.6869918699186992,0.4241967871485944,0.3544115727092763,0.8190479777887624,0.1491602809448279,0.0019813630098960287,0.0063237191813431655,0.0031064606721634648,0.004778911805424136,0.0020606899717561353,0.0003570016432837983
ablation_no_seasonality,feature_ablation,legacy_sampled_case_control,False,CatBoost,full minus month/day-of-year features,test,central_asia,Central Asia,45961,2503,12097,0.05445921542177063,0.26320140989099455,0.48811979238586695,0.13135488137554766,0.6348381941669996,0.21767123287671233,0.15777984040198767,0.789211940562944,0.14843573651753741,0.004740762097245305,0.020778160696023385,0.007732351428995938,0.014462477283994768,0.00803818421676596,0.000582499417411951
ablation_no_seasonality,feature_ablation,legacy_sampled_case_control,False,CatBoost,full minus month/day-of-year features,test,europe,Europe,52062,2848,4264,0.05470400676116938,0.0819023472014137,0.48811979238586695,0.22045028142589118,0.3300561797752809,0.2643419572553431,0.1987375467299493,0.8400807106249568,0.08392966606697835,0.0038289360908758106,0.006463498913953806,0.004830866584299524,0.0026477766411983268,0.0017321295050507942,8.360096539194123e-05
ablation_no_seasonality,feature_ablation,legacy_sampled_case_control,False,CatBoost,full minus month/day-of-year features,test_2021,global,Global,87238,24772,44349,0.28395882528256033,0.5083679130654073,0.48811979238586695,0.5126609393672913,0.9178104311319232,0.6578608527075708,0.6700096096622029,0.862158730157376,0.17178456103430162,0.0016615126849485737,0.0016186631722882733,0.0009434184459055643,0.006661526331081327,0.0015797687584837672,0.0004943765010338568
ablation_no_seasonality,feature_ablation,legacy_sampled_case_control,False,CatBoost,full minus month/day-of-year features,test_2021,eastern_siberia,Eastern Siberia,44639,19789,33185,0.4433119021483456,0.7434082304711127,0.48811979238586695,0.5842097333132439,0.9796856839658397,0.7319439725148186,0.7238397997221725,0.8042903415744352,0.20113398673062455,0.0007638655968837743,0.00119632322555814,0.00026386662174174714,0.0005864640098702834,0.0015844925413559146,0.0006209007857307697
ablation_no_seasonality,feature_ablation,legacy_sampled_case_control,False,CatBoost,full minus month/day-of-year features,test_2021,far_east,Far East,2141,270,608,0.12610929472209248,0.28397944885567494,0.48811979238586695,0.34539473684210525,0.7777777777777778,0.4783599088838269,0.4439790605567352,0.8446869370706891,0.14852789265058045,0.01956758320324166,0.010475656017578498,0.01710576111617803,0.0532439920342908,0.0169333576526799,0.008789409822071746
ablation_no_seasonality,feature_ablation,legacy_sampled_case_control,False,CatBoost,full minus month/day-of-year features,test_2021,central_asia,Central Asia,10197,903,3699,0.08855545748749633,0.3627537511032657,0.48811979238586695,0.17464179507975128,0.7153931339977851,0.28074750108648416,0.21124360554859098,0.7708549747261895,0.17109287326400932,0.00025898153743785635,0.003132255952099873,8.954649641491697e-05,0.015587568109659168,3.934698541072104e-05,0.0003291250093333487
ablation_no_seasonality,feature_ablation,legacy_sampled_case_control,False,CatBoost,full minus month/day-of-year features,test_2021,europe,Europe,11926,847,1083,0.07102129800436022,0.09080999496897535,0.48811979238586695,0.3010156971375808,0.38488783943329397,0.3378238341968912,0.25508685246659335,0.8584788136889163,0.09121643900900672,0.011764773594706856,0.015027062646231217,0.013198257207152075,0.0022937848666367343,0.0012019947137294985,1.9616880011895433e-05
ablation_no_seasonality,feature_ablation,legacy_sampled_case_control,False,CatBoost,full minus month/day-of-year features,test_2022,global,Global,58312,4923,12715,0.08442516120181094,0.21805117300041157,0.48811979238586695,0.2320094376720409,0.5992281129392647,0.3345050459235741,0.25946495191148033,0.8168313159976569,0.1322313884154369,0.0024314826933770194,0.00041865410372209696,0.0024626231017858854,0.00966838518657635,0.000797228438790069,0.00032728726176633403
ablation_no_seasonality,feature_ablation,legacy_sampled_case_control,False,CatBoost,full minus month/day-of-year features,test_2022,eastern_siberia,Eastern Siberia,18946,1456,5302,0.07684999472184102,0.2798479890214293,0.48811979238586695,0.17446246699358733,0.6353021978021978,0.27374963006806746,0.23202913782827914,0.7959549098700043,0.15709656240519915,0.006424090589943013,0.01116995602149083,0.008946215746798714,0.0038367991453520218,0.006598193289653036,0.0015694447783612601
ablation_no_seasonality,feature_ablation,legacy_sampled_case_control,False,CatBoost,full minus month/day-of-year features,test_2022,far_east,Far East,2076,192,447,0.09248554913294797,0.2153179190751445,0.48811979238586695,0.2595078299776286,0.6041666666666666,0.36306729264475746,0.29638439100975067,0.7939888535031847,0.13963987098807268,0.012740662724081924,0.025779934730759492,0.01712176797212709,0.03972700592637764,0.01954606971283475,0.003885039156883367
ablation_no_seasonality,feature_ablation,legacy_sampled_case_control,False,CatBoost,full minus month/day-of-year features,test_2022,central_asia,Central Asia,9862,698,2449,0.07077671871831272,0.24832691137700263,0.48811979238586695,0.1563903634136382,0.5487106017191977,0.24340641881156658,0.17129149881618383,0.7676953014099023,0.14855543087770648,0.009695082346181756,0.03343054982687117,0.015031116206649521,0.018989123257873792,0.007658155279986877,0.0009101150770680208
ablation_no_seasonality,feature_ablation,legacy_sampled_case_control,False,CatBoost,full minus month/day-of-year features,test_2022,europe,Europe,10330,382,728,0.036979670861568247,0.07047434656340755,0.48811979238586695,0.15247252747252749,0.2905759162303665,0.2,0.15342456418521336,0.8582758617060021,0.07434342877275339,0.024095155287053492,0.0518298164220506,0.03297582222576489,0.024254792922901725,0.01201331426216481,0.0008305676057155637
ablation_no_seasonality,feature_ablation,legacy_sampled_case_control,False,CatBoost,full minus month/day-of-year features,test_2023,global,Global,60888,6898,18667,0.11328997503613192,0.30657929312836685,0.48811979238586695,0.29270905876680775,0.7921136561322122,0.4274594171719147,0.41198229001015974,0.8458179142631946,0.14778055342204421,0.0009900501601061919,0.0006241013073138818,0.0011417035503249915,0.0004968846847124467,0.00045462370098148756,0.0004663618586269573
ablation_no_seasonality,feature_ablation,legacy_sampled_case_control,False,CatBoost,full minus month/day-of-year features,test_2023,eastern_siberia,Eastern Siberia,18853,1391,7056,0.07378136105659577,0.3742640428579006,0.48811979238586695,0.16255668934240364,0.8245866283249461,0.2715757073517225,0.3136718719438484,0.8155549184298393,0.1805377829292675,0.0007933710600610498,0.004066753594171392,0.0008943069310585345,0.006840114984178944,0.0023641993535237042,0.0021466231794242327
ablation_no_seasonality,feature_ablation,legacy_sampled_case_control,False,CatBoost,full minus month/day-of-year features,test_2023,far_east,Far East,2267,333,700,0.14689016321129245,0.30877812086457873,0.48811979238586695,0.36714285714285716,0.7717717717717718,0.4975798644724105,0.36556952372569984,0.8265261124619966,0.1546713365600491,0.010270128555280466,0.012740662724081964,0.012060103381033518,0.011356313681462256,0.008207209053990994,0.0007658029150299908
ablation_no_seasonality,feature_ablation,legacy_sampled_case_control,False,CatBoost,full minus month/day-of-year features,test_2023,central_asia,Central Asia,9281,411,2715,0.044284021118413966,0.2925331322055813,0.48811979238586695,0.12228360957642725,0.8077858880778589,0.2124120281509917,0.15504579834455737,0.8293753788845092,0.1493368075578909,0.0022456579327186617,0.02580681683162587,0.004268546785646916,0.009211681711979385,0.013182909528585434,0.00047740289923143517
ablation_no_seasonality,feature_ablation,legacy_sampled_case_control,False,CatBoost,full minus month/day-of-year features,test_2023,europe,Europe,10456,494,698,0.04724560061208875,0.06675592960979342,0.48811979238586695,0.18911174785100288,0.26720647773279355,0.2214765100671141,0.1755100500549703,0.8499470050971019,0.07683833894940424,0.0008743499022478242,0.004294170735950694,0.0020971598021070734,0.01141909446911497,0.009460365904628587,0.00014948650837092457
ablation_no_seasonality,feature_ablation,legacy_sampled_case_control,False,CatBoost,full minus month/day-of-year features,test_2024,global,Global,65063,9134,20377,0.1403870095138558,0.31318875551388653,0.48811979238586695,0.3331697502085685,0.7432669148237355,0.4600996238690658,0.43788915040121495,0.8384070118413097,0.14910846586450943,0.0024545698146400128,0.004280917122568167,0.0015028743936927554,0.003237327650537611,0.0018119166571865025,0.000670635350879757
ablation_no_seasonality,feature_ablation,legacy_sampled_case_control,False,CatBoost,full minus month/day-of-year features,test_2024,eastern_siberia,Eastern Siberia,26660,6189,13890,0.23214553638409602,0.5210052513128282,0.48811979238586695,0.3700503959683225,0.830505735983196,0.511977688131879,0.4867674620235377,0.7773351097567616,0.20031737845970687,0.0003665808646344127,0.0012183618887555978,0.00011663679279460171,0.003787908522636833,0.00041818960805270846,1.7804148216017812e-05
ablation_no_seasonality,feature_ablation,legacy_sampled_case_control,False,CatBoost,full minus month/day-of-year features,test_2024,far_east,Far East,2229,298,767,0.13369223867205024,0.34410049349484073,0.48811979238586695,0.24771838331160365,0.6375838926174496,0.3568075117370892,0.3008673293438219,0.7597595223117,0.17821856019284618,0.021111272267521457,0.042711147856905496,0.02853522405261163,0.0030487150401218425,0.017167158384685497,0.004148717389626454
ablation_no_seasonality,feature_ablation,legacy_sampled_case_control,False,CatBoost,full minus month/day-of-year features,test_2024,central_asia,Central Asia,9003,187,1510,0.020770854159724537,0.16772187048761525,0.48811979238586695,0.05562913907284768,0.44919786096256686,0.09899823217442545,0.0790995194610553,0.7973328149111485,0.12425193172936995,0.006956830499557087,0.037813196854895585,0.011936341172249867,0.008471992626958611,0.01583491955634607,0.0009623698112346132
ablation_no_seasonality,feature_ablation,legacy_sampled_case_control,False,CatBoost,full minus month/day-of-year features,test_2024,europe,Europe,10472,493,890,0.04707792207792208,0.08498854087089382,0.48811979238586695,0.17191011235955056,0.3103448275862069,0.22125813449023862,0.16683827635079634,0.8053037138640231,0.08304202309291356,0.012295782976821655,0.0028685873476127885,0.011137156112741499,0.0019750145999465666,0.012273494878612509,2.6632483695525177e-05
ablation_no_seasonality,feature_ablation,legacy_sampled_case_control,False,CatBoost,full minus month/day-of-year features,test_2025,global,Global,49672,3787,9831,0.07624013528748591,0.19791834433886293,0.48811979238586695,0.26843657817109146,0.6968576709796673,0.3875752680276105,0.41355503847918124,0.8500303927981052,0.1261627703245474,0.0079762440356974,0.006491472089581433,0.009322753403496111,3.4955205654142716e-05,0.004095261808410608,0.0003045937968935751
ablation_no_seasonality,feature_ablation,legacy_sampled_case_control,False,CatBoost,full minus month/day-of-year features,test_2025,eastern_siberia,Eastern Siberia,19162,2442,6096,0.12743972445464982,0.3181296315624674,0.48811979238586695,0.3408792650918635,0.8509418509418509,0.4867650503630827,0.5247168895259706,0.8721350278617024,0.1589197226059606,0.003952826566639325,0.005501649812671811,0.004919749212140178,0.0005815625646264548,0.004518105217525232,0.0009167214820955747
ablation_no_seasonality,feature_ablation,legacy_sampled_case_control,False,CatBoost,full minus month/day-of-year features,test_2025,far_east,Far East,1744,137,232,0.07855504587155963,0.13302752293577982,0.48811979238586695,0.3103448275862069,0.5255474452554745,0.3902439024390244,0.3882769842914029,0.8352327181718667,0.1169663858098899,0.018402579038651293,0.05161363366325162,0.02813847603484611,0.08388290494489169,0.040298460583249394,0.0029988475858458287
ablation_no_seasonality,feature_ablation,legacy_sampled_case_control,False,CatBoost,full minus month/day-of-year features,test_2025,central_asia,Central Asia,7618,304,1724,0.039905487004463114,0.22630611709110002,0.48811979238586695,0.08352668213457076,0.47368421052631576,0.14201183431952663,0.08052423718874915,0.7220626358245901,0.14543609159742585,0.0025847861191272796,0.020934082337759636,0.004679468402643348,0.0014559636863584872,0.007051649419929912,0.0007137708743197481
ablation_no_seasonality,feature_ablation,legacy_sampled_case_control,False,CatBoost,full minus month/day-of-year features,test_2025,europe,Europe,8878,632,865,0.07118720432529849,0.09743185402117593,0.48811979238586695,0.2520231213872832,0.3449367088607595,0.29124916499666,0.2317791155302112,0.8141145150544798,0.09469403762684267,0.010406343406334336,0.0201391171856928,0.014127563773131391,0.012330595583182221,0.00032367116747829435,0.0004211279049439144
ablation_no_seasonality,feature_ablation,legacy_sampled_case_control,False,CatBoost,full minus month/day-of-year features,test_2021-2023,global,Global,206438,36593,75731,0.17725903176740718,0.3668462201726426,0.48811979238586695,0.4113242925618307,0.8512557046429645,0.5546454898329831,0.584353824231916,0.872519888992941,0.15353220140455145,0.001309673178583361,0.0013962616271666801,0.000890188591509666,0.0011791546409027206,0.0034848052487552947,0.0012553919879343144
ablation_no_seasonality,feature_ablation,legacy_sampled_case_control,False,CatBoost,full minus month/day-of-year features,test_2021-2023,eastern_siberia,Eastern Siberia,82438,22636,45543,0.2745821101919018,0.5524515393386545,0.48811979238586695,0.47118108161517686,0.9480031807739884,0.629490018920782,0.672839706640757,0.8647908688292618,0.18630304382157176,0.001187104046635705,0.0011587693063872901,0.0008009281082689879,0.005242525044276815,0.0012122207931712706,0.00042529174961129806
ablation_no_seasonality,feature_ablation,legacy_sampled_case_control,False,CatBoost,full minus month/day-of-year features,test_2021-2023,far_east,Far East,6484,795,1755,0.12260950030845158,0.2706662553979025,0.48811979238586695,0.3321937321937322,0.7333333333333333,0.45725490196078433,0.37394698128945214,0.8281493249136864,0.14783012188737862,0.0040389916399036965,0.004447212460292751,0.004713909653355228,0.0038801705486869714,0.0035479202798883495,0.0016508264029282695
ablation_no_seasonality,feature_ablation,legacy_sampled_case_control,False,CatBoost,full minus month/day-of-year features,test_2021-2023,central_asia,Central Asia,29340,2012,8863,0.06857532379004772,0.30207907293796865,0.48811979238586695,0.1535597427507616,0.6764413518886679,0.25029885057471263,0.18171695604923888,0.7858283281138694,0.1566353987366677,0.0013946708792963644,0.0020615358052085845,0.0017057667271468567,0.006605955796328169,0.0011180439748815973,0.0006879414012332532
ablation_no_seasonality,feature_ablation,legacy_sampled_case_control,False,CatBoost,full minus month/day-of-year features,test_2021-2023,europe,Europe,32712,1723,2509,0.052671802396674,0.07669968207385669,0.48811979238586695,0.22678357911518535,0.3302379570516541,0.2689035916824197,0.20022738762152206,0.8580298193167489,0.08129238636888383,0.0029318820886835785,0.0060436477024491024,0.00407365947179588,0.00034091861775138374,0.004530086499814035,5.368739164421363e-05
ablation_no_seasonality,feature_ablation,legacy_sampled_case_control,False,CatBoost,full minus month/day-of-year features,test_2021-2025,global,Global,321173,49514,105939,0.15416613476226207,0.3298502676127819,0.48811979238586695,0.3830317446832611,0.8195257906854627,0.5220613304342792,0.5481389991511768,0.8692417826219411,0.14840314047462358,0.005150991149154866,0.005504561384520646,0.005890955496997528,0.0004010468833375859,0.0018583290663552244,0.000934495901058246
ablation_no_seasonality,feature_ablation,legacy_sampled_case_control,False,CatBoost,full minus month/day-of-year features,test_2021-2025,eastern_siberia,Eastern Siberia,128260,31267,65529,0.24377826290347732,0.5109075315764853,0.48811979238586695,0.43762303712859957,0.9171650622061599,0.5925244844828299,0.6325588974970184,0.8560831460467666,0.18512499111861794,0.0008910078380626117,0.0018852313690371322,0.0004241558701248029,0.0004564231150214831,0.00045704481832663615,8.944146517160634e-05
ablation_no_seasonality,feature_ablation,legacy_sampled_case_control,False,CatBoost,full minus month/day-of-year features,test_2021-2025,far_east,Far East,10457,1230,2754,0.11762455771253706,0.26336425361002197,0.48811979238586695,0.3068264342774147,0.6869918699186992,0.4241967871485944,0.3544115727092763,0.8190479777887624,0.1491602809448279,0.002312184772776376,0.0005748835619402308,0.0020968023590406753,0.002447712875823181,0.0009982114433322292,0.0006904145144029613
ablation_no_seasonality,feature_ablation,legacy_sampled_case_control,False,CatBoost,full minus month/day-of-year features,test_2021-2025,central_asia,Central Asia,45961,2503,12097,0.05445921542177063,0.26320140989099455,0.48811979238586695,0.13135488137554766,0.6348381941669996,0.21767123287671233,0.15777984040198767,0.789211940562944,0.14843573651753741,0.00028573147177608896,0.007142492739258023,0.000819020548765008,0.0004089806695964924,0.00032486477352042985,0.00024626911295869266
ablation_no_seasonality,feature_ablation,legacy_sampled_case_control,False,CatBoost,full minus month/day-of-year features,test_2021-2025,europe,Europe,52062,2848,4264,0.05470400676116938,0.0819023472014137,0.48811979238586695,0.22045028142589118,0.3300561797752809,0.2643419572553431,0.1987375467299493,0.8400807106249568,0.08392966606697835,0.0015709645294606867,0.003878099348372307,0.0023504160048624452,0.001200100915516449,0.0013387846052600064,0.0006898292943971787
ablation_no_history,feature_ablation,legacy_sampled_case_control,False,CatBoost,full minus prior-fire/proximity features,validation,global,Global,147424,28826,76144,0.19553125678315605,0.5164966355545908,0.4426630744536391,0.31869878125656653,0.8418441684590301,0.4623606744784224,0.3948003517546812,0.7601645093285454,0.18544314323803215,0.0009300900178783688,0.0019887943219258353,0.001278328379518702,0.00723987708391369,0.002484838253457106,0.0005239948205447097
ablation_no_history,feature_ablation,legacy_sampled_case_control,False,CatBoost,full minus prior-fire/proximity features,test,global,Global,321173,49514,165622,0.15416613476226207,0.5156784661226193,0.4426630744536391,0.2764004781973409,0.924546592882821,0.4255726610144281,0.470805337061619,0.8441023544392969,0.1791318430405698,0.002831555182845476,0.00917426897420105,0.004328360288395148,0.0018166363241608134,0.001124094700677439,0.00010036134562039282
ablation_no_history,feature_ablation,legacy_sampled_case_control,False,CatBoost,full minus prior-fire/proximity features,test,eastern_siberia,Eastern Siberia,128260,31267,87011,0.24377826290347732,0.6783954467487915,0.4426630744536391,0.3457723736079346,0.9622285476700675,0.508733661374051,0.5414709512136593,0.8219264059602862,0.2087430835060522,0.001026141956584519,0.002610320357128289,0.001475567228381043,0.013088933870126041,0.0055314164242940425,0.0005292985613785439
ablation_no_history,feature_ablation,legacy_sampled_case_control,False,CatBoost,full minus prior-fire/proximity features,test,far_east,Far East,10457,1230,4104,0.11762455771253706,0.39246437792866024,0.4426630744536391,0.22782651072124757,0.7601626016260162,0.3505811773528309,0.2916176438250258,0.7863045533565771,0.1780290093853547,0.0009502416402118435,0.0,0.0011253012167255262,0.00437709776718332,0.002979245120091105,0.0005579683227868716
ablation_no_history,feature_ablation,legacy_sampled_case_control,False,CatBoost,full minus prior-fire/proximity features,test,central_asia,Central Asia,45961,2503,26425,0.05445921542177063,0.5749439742390288,0.4426630744536391,0.08635761589403973,0.9117059528565721,0.15777101769911506,0.09378781399237739,0.7092247644214029,0.18357329967239985,0.00037940414066748326,0.007791810261008788,0.0007500165985423312,0.0021654950788104065,0.005865128501357804,0.00019664449634592473
ablation_no_history,feature_ablation,legacy_sampled_case_control,False,CatBoost,full minus prior-fire/proximity features,test,europe,Europe,52062,2848,12757,0.05470400676116938,0.245034766240252,0.4426630744536391,0.1497217214078545,0.6706460674157303,0.24479333546940082,0.15236770835840102,0.806771193156419,0.12132495224656864,0.0004854271222188556,0.00710984880534917,0.001123924617045711,0.0013255825403743554,0.001668113310634474,0.000134505882398269
ablation_no_history,feature_ablation,legacy_sampled_case_control,False,CatBoost,full minus prior-fire/proximity features,test_2021,global,Global,87238,24772,56601,0.28395882528256033,0.6488112978289278,0.4426630744536391,0.42297839260790443,0.9664540610366543,0.5884261364334608,0.6138688516148798,0.842251819738848,0.19339808039173215,0.000300547876595753,0.0,0.0002907929132474008,0.0024858215913920166,0.0005270199591316658,0.0005774004935845289
ablation_no_history,feature_ablation,legacy_sampled_case_control,False,CatBoost,full minus prior-fire/proximity features,test_2021,eastern_siberia,Eastern Siberia,44639,19789,37110,0.4433119021483456,0.8313358274154887,0.4426630744536391,0.5284828887092428,0.9910556369700338,0.6893618517021389,0.6617532280179751,0.7733083843401,0.21793492157389543,0.0004330747699724898,0.0008773036987425838,0.00015561651392866595,0.005440053286555871,0.003617181873691695,0.00025663289599369094
ablation_no_history,feature_ablation,legacy_sampled_case_control,False,CatBoost,full minus prior-fire/proximity features,test_2021,far_east,Far East,2141,270,882,0.12610929472209248,0.4119570294255021,0.4426630744536391,0.23696145124716553,0.774074074074074,0.3628472222222222,0.3292320890446032,0.803441415761031,0.18094795699244368,0.019654915566439838,0.015713484026367745,0.02484387853261748,0.02558295161701291,0.015877953505531995,0.003943600627785354
ablation_no_history,feature_ablation,legacy_sampled_case_control,False,CatBoost,full minus prior-fire/proximity features,test_2021,central_asia,Central Asia,10197,903,6326,0.08855545748749633,0.6203785427086398,0.4426630744536391,0.1351564969965223,0.946843853820598,0.2365472402821967,0.13985776964752122,0.7072044956426478,0.19383337996686972,0.0012932653031893805,0.010962895832349594,0.002322754633907551,0.0007486942289851872,0.0019205036091070437,0.0005555518446624845
ablation_no_history,feature_ablation,legacy_sampled_case_control,False,CatBoost,full minus prior-fire/proximity features,test_2021,europe,Europe,11926,847,3506,0.07102129800436022,0.29397954049974845,0.4426630744536391,0.18311466058185966,0.7579693034238488,0.2949689869055824,0.19919641509679453,0.8228595576280386,0.1281378114718158,0.0008422792430967151,0.001669673627358998,0.0009633668848005679,7.362689613819858e-05,0.000917273087184764,0.00023148503647257997
ablation_no_history,feature_ablation,legacy_sampled_case_control,False,CatBoost,full minus prior-fire/proximity features,test_2022,global,Global,58312,4923,24639,0.08442516120181094,0.4225373851008369,0.4426630744536391,0.16826981614513575,0.842169408897014,0.28049523036330426,0.20801240395699308,0.7828673923664082,0.16702371942862873,0.001421020070009332,0.012559623111661575,0.002666233347143257,0.008445587330260797,0.000985646792171727,6.38021494436589e-05
ablation_no_history,feature_ablation,legacy_sampled_case_control,False,CatBoost,full minus prior-fire/proximity features,test_2022,eastern_siberia,Eastern Siberia,18946,1456,9595,0.07684999472184102,0.506439353953341,0.4426630744536391,0.14101094319958313,0.9292582417582418,0.24486471812505656,0.14931919390563791,0.752161930051081,0.1891368383553451,0.0007829065182071378,0.0033995518326276203,0.0012987047063586458,0.0013497954551675978,0.0033052956969103335,0.0004578433427179029
ablation_no_history,feature_ablation,legacy_sampled_case_control,False,CatBoost,full minus prior-fire/proximity features,test_2022,far_east,Far East,2076,192,772,0.09248554913294797,0.371868978805395,0.4426630744536391,0.19689119170984457,0.7916666666666666,0.3153526970954357,0.24552888206959733,0.7795774725760793,0.17324868187574796,0.0037947318030449022,0.0,0.004884461302493635,0.006444086001924044,0.018124928330573435,0.001954286258532806
ablation_no_history,feature_ablation,legacy_sampled_case_control,False,CatBoost,full minus prior-fire/proximity features,test_2022,central_asia,Central Asia,9862,698,5589,0.07077671871831272,0.5667207462989252,0.4426630744536391,0.10771157631061012,0.8624641833810889,0.1915062828057897,0.10810862534807844,0.6847754512174837,0.18093995573926525,0.002367903059534111,0.029378361969068612,0.004466715339374,0.006015312610324118,0.010632294905868733,0.0012483386301109024
ablation_no_history,feature_ablation,legacy_sampled_case_control,False,CatBoost,full minus prior-fire/proximity features,test_2022,europe,Europe,10330,382,2197,0.036979670861568247,0.2126815101645692,0.4426630744536391,0.11652253072371416,0.6701570680628273,0.19852656068243504,0.1390302061147345,0.8328672973809359,0.11314432666678426,0.00019230321947345512,0.007404259488864379,0.0006019823429123287,0.003446462601627397,0.001447098061039982,4.864650590517269e-05
ablation_no_history,feature_ablation,legacy_sampled_case_control,False,CatBoost,full minus prior-fire/proximity features,test_2023,global,Global,60888,6898,30312,0.11328997503613192,0.49783208513992905,0.4426630744536391,0.20493533913961468,0.900550884314294,0.33388873958613274,0.2787210711873046,0.8007380182889876,0.17873030251837452,0.0009572878180244036,0.0003120506536569409,0.0012909564723776353,0.009782566067141235,0.0022453077426371174,0.0003938150963552024
ablation_no_history,feature_ablation,legacy_sampled_case_control,False,CatBoost,full minus prior-fire/proximity features,test_2023,eastern_siberia,Eastern Siberia,18853,1391,11226,0.07378136105659577,0.5954490001591258,0.4426630744536391,0.1119722073757349,0.903666427030913,0.19925497344852183,0.15351479000031207,0.7426523824435123,0.20788111613537086,0.00043132380461445515,0.009658539786157007,0.0004491058051369068,0.00015124810008357284,0.001448891591446522,0.001408702177447881
ablation_no_history,feature_ablation,legacy_sampled_case_control,False,CatBoost,full minus prior-fire/proximity features,test_2023,far_east,Far East,2267,333,970,0.14689016321129245,0.4278782531980591,0.4426630744536391,0.2876288659793814,0.8378378378378378,0.42824251726784346,0.3630680054683145,0.8109622031545507,0.18001347571446355,0.007467992863680921,0.02123443787346989,0.011051456176305215,0.007322208285680663,0.0012571577748254797,0.00042419088909914827
ablation_no_history,feature_ablation,legacy_sampled_case_control,False,CatBoost,full minus prior-fire/proximity features,test_2023,central_asia,Central Asia,9281,411,5270,0.044284021118413966,0.567826742807887,0.4426630744536391,0.07058823529411765,0.9051094890510949,0.13096285865164584,0.09172343318087901,0.7094407733221416,0.1837465969044907,0.0011324040321021595,0.012043181188092035,0.002075490927283081,0.003961003588397186,0.010358222016229377,0.0006675249031373824
ablation_no_history,feature_ablation,legacy_sampled_case_control,False,CatBoost,full minus prior-fire/proximity features,test_2023,europe,Europe,10456,494,2236,0.04724560061208875,0.21384850803366487,0.4426630744536391,0.14177101967799643,0.6417004048582996,0.23223443223443224,0.15275695797623484,0.8173071843044053,0.11477925006068905,0.006398667761144403,0.03578475613292251,0.010931994309415162,2.0838410445313112e-05,0.007002202451819727,0.00028907295207415744
ablation_no_history,feature_ablation,legacy_sampled_case_control,False,CatBoost,full minus prior-fire/proximity features,test_2024,global,Global,65063,9134,33490,0.1403870095138558,0.514731875259364,0.4426630744536391,0.24882054344580473,0.9123056711188964,0.39100037537537535,0.401695289284462,0.8247837080093527,0.17933425316474236,0.0007876708571058386,0.0022663678884184135,0.0011807641351579596,0.006010787982332363,0.00186034839173399,0.000810458236197347
ablation_no_history,feature_ablation,legacy_sampled_case_control,False,CatBoost,full minus prior-fire/proximity features,test_2024,eastern_siberia,Eastern Siberia,26660,6189,18534,0.23214553638409602,0.6951987996999249,0.4426630744536391,0.30489910434876444,0.9130715786072063,0.45714516846661,0.4311995417586284,0.7433185514578122,0.21759092163946084,0.0007087027476669817,0.00015229523609443991,0.0007763608674217411,0.0063131313290510594,0.0019604900191126486,4.039063025912498e-05
ablation_no_history,feature_ablation,legacy_sampled_case_control,False,CatBoost,full minus prior-fire/proximity features,test_2024,far_east,Far East,2229,298,1085,0.13369223867205024,0.4867653656348138,0.4426630744536391,0.1889400921658986,0.6879194630872483,0.29645697758496026,0.2397577056171402,0.7123825677136372,0.1927198203821745,0.009067219376511552,0.023728415476058685,0.013332022711346892,0.009926039121121066,0.018206121371998302,0.0028039868859152336
ablation_no_history,feature_ablation,legacy_sampled_case_control,False,CatBoost,full minus prior-fire/proximity features,test_2024,central_asia,Central Asia,9003,187,4765,0.020770854159724537,0.5292680217705209,0.4426630744536391,0.03693599160545645,0.9411764705882353,0.07108239095315025,0.06625802601875005,0.732853550181003,0.17329671648578457,0.00026293466694300846,0.018906598427447793,0.0005412165131664252,0.009152508986364473,0.02583186925797347,0.00014017276792222672
ablation_no_history,feature_ablation,legacy_sampled_case_control,False,CatBoost,full minus prior-fire/proximity features,test_2024,europe,Europe,10472,493,2619,0.04707792207792208,0.25009549274255155,0.4426630744536391,0.11951126384116074,0.6348884381338742,0.2011568123393316,0.12012330261313824,0.7761443046625094,0.12102041511630066,0.008973278762351617,0.06167462797367452,0.015788435344195266,0.008470962615185264,0.017969778046611127,0.0006336503801307155
ablation_no_history,feature_ablation,legacy_sampled_case_control,False,CatBoost,full minus prior-fire/proximity features,test_2025,global,Global,49672,3787,20580,0.07624013528748591,0.41431792559188274,0.4426630744536391,0.15286686103012634,0.8307367309215739,0.25821808183198586,0.2886533253936324,0.8058873921580798,0.16851762334788967,8.25276953733567e-05,0.00185470631130897,0.0002066268389737538,0.007564941843688312,0.0012193752840067844,0.000119321844052157
ablation_no_history,feature_ablation,legacy_sampled_case_control,False,CatBoost,full minus prior-fire/proximity features,test_2025,eastern_siberia,Eastern Siberia,19162,2442,10546,0.12743972445464982,0.5503600876735205,0.4426630744536391,0.20984259434856817,0.9062244062244063,0.3407761010163228,0.431890381148024,0.8298167975500512,0.19525350868701571,0.001889862784986856,0.001737363098738421,0.0026140655840408995,0.005549015771585301,0.0008701449383428714,0.0006489186298686998
ablation_no_history,feature_ablation,legacy_sampled_case_control,False,CatBoost,full minus prior-fire/proximity features,test_2025,far_east,Far East,1744,137,395,0.07855504587155963,0.22649082568807338,0.4426630744536391,0.22784810126582278,0.656934306569343,0.3383458646616541,0.32601999872964155,0.7808038735641059,0.15878009321744477,0.02465679674350254,0.12387272079180395,0.04348775623086856,0.093820986899216,0.048568846811181725,0.0005855373305780256
ablation_no_history,feature_ablation,legacy_sampled_case_control,False,CatBoost,full minus prior-fire/proximity features,test_2025,central_asia,Central Asia,7618,304,4475,0.039905487004463114,0.5874245208716199,0.4426630744536391,0.061899441340782124,0.9111842105263158,0.11592383343795773,0.06728074274638113,0.672239522617043,0.18518260735472158,0.0012527774020706594,0.016282064040479705,0.0023285454252391174,0.00021332913851298746,0.0015853371077344863,0.00034361473131811355
ablation_no_history,feature_ablation,legacy_sampled_case_control,False,CatBoost,full minus prior-fire/proximity features,test_2025,europe,Europe,8878,632,2199,0.07118720432529849,0.2476909213786889,0.4426630744536391,0.17371532514779445,0.6044303797468354,0.26986930413281524,0.16932444650511924,0.7741027870820374,0.12976003650007154,0.002667759827633722,0.002237679687299213,0.003455961914114056,0.008286376708176321,0.0020077652906141897,0.0005484938192887206
ablation_no_history,feature_ablation,legacy_sampled_case_control,False,CatBoost,full minus prior-fire/proximity features,test_2021-2023,global,Global,206438,36593,111552,0.17725903176740718,0.5403656303587517,0.4426630744536391,0.3074709552495697,0.9373104145601617,0.46304633973471937,0.5041892033953953,0.8462141794875343,0.1816219858954016,0.004276319330765021,0.005983978402142847,0.005577521799727596,0.0011284111477710998,0.0028548965164992422,0.0007695960604730304
ablation_no_history,feature_ablation,legacy_sampled_case_control,False,CatBoost,full minus prior-fire/proximity features,test_2021-2023,eastern_siberia,Eastern Siberia,82438,22636,57931,0.2745821101919018,0.7027220456585556,0.4426630744536391,0.3835942759489738,0.9817105495670613,0.5516402497300383,0.5783883300576699,0.8300297424777965,0.20901727584509125,0.0014759699025708776,0.0009012650160790122,0.0016678306976869665,0.006563940832470272,0.0022886164152933425,3.10331250266207e-05
ablation_no_history,feature_ablation,legacy_sampled_case_control,False,CatBoost,full minus prior-fire/proximity features,test_2021-2023,far_east,Far East,6484,795,2624,0.12260950030845158,0.404688463911166,0.4426630744536391,0.24390243902439024,0.8050314465408805,0.37437847323778883,0.3166564322665809,0.8029734089067394,0.17815613648050024,9.287240038559782e-05,0.003557769968234201,0.0002719131940394054,0.00338790441022834,0.00045058415575892585,0.0005135837540570902
ablation_no_history,feature_ablation,legacy_sampled_case_control,False,CatBoost,full minus prior-fire/proximity features,test_2021-2023,central_asia,Central Asia,29340,2012,17185,0.06857532379004772,0.5857191547375596,0.4426630744536391,0.106430026185627,0.9090457256461233,0.19055060686565609,0.11128846001123079,0.7023005228290677,0.18630882702431434,0.0007416363222709353,0.006699991366927919,0.0013358824767317934,0.001466410438945859,0.001307245883351688,9.714685900085171e-05
ablation_no_history,feature_ablation,legacy_sampled_case_control,False,CatBoost,full minus prior-fire/proximity features,test_2021-2023,europe,Europe,32712,1723,7939,0.052671802396674,0.24269381266813403,0.4426630744536391,0.1530419448293236,0.7051654091700522,0.25150072448768374,0.16135544924523504,0.826174339247969,0.11913317047919177,0.0018169280382239353,0.010744262582131781,0.003136954232386494,0.0026923435093906024,0.004688919074765939,0.00043074133716063616
ablation_no_history,feature_ablation,legacy_sampled_case_control,False,CatBoost,full minus prior-fire/proximity features,test_2021-2025,global,Global,321173,49514,165622,0.15416613476226207,0.5156784661226193,0.4426630744536391,0.2764004781973409,0.924546592882821,0.4255726610144281,0.470805337061619,0.8441023544392969,0.1791318430405698,0.0014373086104443058,0.00045871344871007997,0.0017507960157566735,0.009760934815139417,0.004675259964922118,0.00087324446343819
ablation_no_history,feature_ablation,legacy_sampled_case_control,False,CatBoost,full minus prior-fire/proximity features,test_2021-2025,eastern_siberia,Eastern Siberia,128260,31267,87011,0.24377826290347732,0.6783954467487915,0.4426630744536391,0.3457723736079346,0.9622285476700675,0.508733661374051,0.5414709512136593,0.8219264059602862,0.2087430835060522,0.00024450719149923,0.0018852313690371322,0.0005283341957800521,0.0011621837644654543,0.00044181334705470837,0.00018285685546552414
ablation_no_history,feature_ablation,legacy_sampled_case_control,False,CatBoost,full minus prior-fire/proximity features,test_2021-2025,far_east,Far East,10457,1230,4104,0.11762455771253706,0.39246437792866024,0.4426630744536391,0.22782651072124757,0.7601626016260162,0.3505811773528309,0.2916176438250258,0.7863045533565771,0.1780290093853547,0.0033432869280556475,0.004599068495522238,0.004432956843824264,0.002257798581238047,0.0024712765842180894,0.0007885355382424953
ablation_no_history,feature_ablation,legacy_sampled_case_control,False,CatBoost,full minus prior-fire/proximity features,test_2021-2025,central_asia,Central Asia,45961,2503,26425,0.05445921542177063,0.5749439742390288,0.4426630744536391,0.08635761589403973,0.9117059528565721,0.15777101769911506,0.09378781399237739,0.7092247644214029,0.18357329967239985,0.0005165453826251123,0.0032465876087536686,0.0008121388406485242,0.003916189968080969,0.002417455383316753,0.0005807360652277952
ablation_no_history,feature_ablation,legacy_sampled_case_control,False,CatBoost,full minus prior-fire/proximity features,test_2021-2025,europe,Europe,52062,2848,12757,0.05470400676116938,0.245034766240252,0.4426630744536391,0.1497217214078545,0.6706460674157303,0.24479333546940082,0.15236770835840102,0.806771193156419,0.12132495224656864,0.0005853218842563354,0.014219697610698419,0.0017164011306999274,0.0005436487818339315,0.0011002580426730936,0.0005708634386099475
ablation_no_temporal_history,feature_ablation,legacy_sampled_case_control,False,CatBoost,full minus lagged meteorology,validation,global,Global,147424,28826,46005,0.19553125678315605,0.3120590948556544,0.5096086910245284,0.4017389414194109,0.6411572885589398,0.4939664042976841,0.435995239803444,0.7881436594674917,0.16752350368972707,0.003924225023988391,0.012294364899178033,0.006618396981440556,0.017722539578497978,0.0045126996028842774,0.0004287350665356767
ablation_no_temporal_history,feature_ablation,legacy_sampled_case_control,False,CatBoost,full minus lagged meteorology,test,global,Global,321173,49514,89878,0.15416613476226207,0.2798429506838993,0.5096086910245284,0.3598989741649792,0.6532899785919134,0.46411558769513317,0.46262004328022854,0.8147741123768232,0.15617268436934278,0.0005569533590369291,0.003899064314035444,0.0005163792074536182,0.0020435396035172193,0.0008521326972372806,0.00019437448790616881
ablation_no_temporal_history,feature_ablation,legacy_sampled_case_control,False,CatBoost,full minus lagged meteorology,test,eastern_siberia,Eastern Siberia,128260,31267,61208,0.24377826290347732,0.4772181506315297,0.5096086910245284,0.4100117631682133,0.8026353663606998,0.5427629088942958,0.5522077407883019,0.7968759651889579,0.1943687261051602,0.0026493584994517045,0.006815836488057373,0.003883735138143583,0.0030410693049097133,0.003322594198002225,0.0006731901189880047
ablation_no_temporal_history,feature_ablation,legacy_sampled_case_control,False,CatBoost,full minus lagged meteorology,test,far_east,Far East,10457,1230,2011,0.11762455771253706,0.19231137037391222,0.5096086910245284,0.3406265539532571,0.556910569105691,0.4227090404196236,0.3167259926257294,0.8011556751527198,0.14801637859381156,0.0010921717864164654,0.0063237191813430875,0.0009663994288208286,0.003233134100570437,0.002681678858919697,7.828127028600151e-06
ablation_no_temporal_history,feature_ablation,legacy_sampled_case_control,False,CatBoost,full minus lagged meteorology,test,central_asia,Central Asia,45961,2503,10535,0.05445921542177063,0.2292160744979439,0.5096086910245284,0.13251067869008068,0.5577307231322413,0.21414327350820678,0.17970846127307485,0.7854143852449544,0.15199745190432773,0.0027789415953552625,0.018830208130771246,0.005017361176145834,0.013145934120436683,0.004377270843379578,0.00048324967411942765
ablation_no_temporal_history,feature_ablation,legacy_sampled_case_control,False,CatBoost,full minus lagged meteorology,test,europe,Europe,52062,2848,2710,0.05470400676116938,0.052053321040298105,0.5096086910245284,0.22656826568265684,0.21558988764044945,0.2209427851745232,0.18531452675349797,0.8106942826627849,0.0900052763596106,0.0020009083857418933,0.011634298045116863,0.007229096541656307,0.005480709897458718,0.006884416075852707,0.0006343877746983513
ablation_no_temporal_history,feature_ablation,legacy_sampled_case_control,False,CatBoost,full minus lagged meteorology,test_2021,global,Global,87238,24772,37173,0.28395882528256033,0.4261101813429927,0.5096086910245284,0.5255427326285207,0.7886323268206039,0.6307530874162564,0.6197676219262466,0.8279830835434512,0.1721900863972612,0.0001174495400044932,0.0007470753102869015,0.00015673842513764917,0.003484312037066174,0.0017956942680033218,8.791212926367716e-05
ablation_no_temporal_history,feature_ablation,legacy_sampled_case_control,False,CatBoost,full minus lagged meteorology,test_2021,eastern_siberia,Eastern Siberia,44639,19789,29560,0.4433119021483456,0.6622012141849056,0.5096086910245284,0.5868064952638701,0.876547576936682,0.7029929684492087,0.6795537669431906,0.7639523735977949,0.20390046939969586,0.0018018658692926567,0.0036687245583781917,0.0024745922726812706,0.0020744826267681746,0.0006421650471518371,0.00032551347150164934
ablation_no_temporal_history,feature_ablation,legacy_sampled_case_control,False,CatBoost,full minus lagged meteorology,test_2021,far_east,Far East,2141,270,439,0.12610929472209248,0.2050443717888837,0.5096086910245284,0.4054669703872437,0.6592592592592592,0.5021156558533145,0.44357095861793744,0.8424094859156324,0.1419780707262929,0.03162636042113865,0.01833239803076233,0.0301259277327117,0.06557556651537198,0.015266267017065648,0.00638675859783453
ablation_no_temporal_history,feature_ablation,legacy_sampled_case_control,False,CatBoost,full minus lagged meteorology,test_2021,central_asia,Central Asia,10197,903,2859,0.08855545748749633,0.28037658134745513,0.5096086910245284,0.19762154599510318,0.6256921373200443,0.3003721424774056,0.2502726102771252,0.7881701742106804,0.16167669239493723,0.00023132381748444878,0.005481447916174797,0.00036769864608431204,0.020546107814030334,0.0028045890864414583,0.0002826776169516294
ablation_no_temporal_history,feature_ablation,legacy_sampled_case_control,False,CatBoost,full minus lagged meteorology,test_2021,europe,Europe,11926,847,748,0.07102129800436022,0.06272010732852591,0.5096086910245284,0.2192513368983957,0.1936245572609209,0.20564263322884013,0.1997579994435618,0.8041132201460095,0.09904597585334798,0.0009290189428744672,0.009183204950474626,0.004758557886590688,0.0019795765493723478,3.19497074646597e-05,8.057963119123772e-05
ablation_no_temporal_history,feature_ablation,legacy_sampled_case_control,False,CatBoost,full minus lagged meteorology,test_2022,global,Global,58312,4923,12452,0.08442516120181094,0.2135409521196323,0.5096086910245284,0.20301959524574364,0.5135080235628682,0.29099280575539566,0.22315522071448093,0.7709492731738823,0.1465287358205551,0.0005966489606914863,0.007117119763274942,0.0005358343892958407,0.003017646720175413,0.0012776483696763526,0.00017686538251702991
ablation_no_temporal_history,feature_ablation,legacy_sampled_case_control,False,CatBoost,full minus lagged meteorology,test_2022,eastern_siberia,Eastern Siberia,18946,1456,6376,0.07684999472184102,0.3365354164467434,0.5096086910245284,0.1491530740276035,0.6531593406593407,0.24284984678243104,0.25427820094371417,0.7477878057477114,0.185133060510849,0.004478942430858052,0.017969059686745992,0.007179807282907698,0.00661013311657918,0.010695259963705272,0.0011333270498988155
ablation_no_temporal_history,feature_ablation,legacy_sampled_case_control,False,CatBoost,full minus lagged meteorology,test_2022,far_east,Far East,2076,192,388,0.09248554913294797,0.18689788053949905,0.5096086910245284,0.30670103092783507,0.6197916666666666,0.4103448275862069,0.27389258300159375,0.8176392206298655,0.14291095813167862,0.0313785598538632,0.05892556509887899,0.0410191405312531,0.027680113619419904,0.03469969831708462,0.004527690715775776
ablation_no_temporal_history,feature_ablation,legacy_sampled_case_control,False,CatBoost,full minus lagged meteorology,test_2022,central_asia,Central Asia,9862,698,2341,0.07077671871831272,0.23737578584465627,0.5096086910245284,0.15847928235796668,0.5315186246418339,0.24415926291543272,0.1878547167933035,0.7716304394047218,0.15544811951183277,0.0053476604954890445,0.03646969072022308,0.0102450434245335,0.01958349464832885,0.004673845387766328,0.00044937586995207697
ablation_no_temporal_history,feature_ablation,legacy_sampled_case_control,False,CatBoost,full minus lagged meteorology,test_2022,europe,Europe,10330,382,442,0.036979670861568247,0.042787996127783154,0.5096086910245284,0.2149321266968326,0.2486910994764398,0.23058252427184467,0.18299708387908542,0.8609801070277485,0.07931547870164188,0.04060243825708272,0.05182981642205062,0.045551994334273496,0.038938679752360525,0.010897148938884929,0.0005287489691669926
ablation_no_temporal_history,feature_ablation,legacy_sampled_case_control,False,CatBoost,full minus lagged meteorology,test_2023,global,Global,60888,6898,12453,0.11328997503613192,0.20452305873078439,0.5096086910245284,0.241467919376857,0.4359234560742244,0.31078497235284996,0.32612250132125375,0.7675203227233375,0.14684975954841717,0.00047265157588485455,0.0015602532682845083,5.781546008582959e-06,0.007328251892201245,0.003394813384423913,0.0008846062281792668
ablation_no_temporal_history,feature_ablation,legacy_sampled_case_control,False,CatBoost,full minus lagged meteorology,test_2023,eastern_siberia,Eastern Siberia,18853,1391,5645,0.07378136105659577,0.29942184267755795,0.5096086910245284,0.1395925597874225,0.5664989216391085,0.22399090392268334,0.2628976278097958,0.7106994825201624,0.16958386670937745,0.0005279298891670114,0.0015250325978143015,0.0007987797629787032,0.0010838038246688943,0.0011789847512480853,0.0010383126490256334
ablation_no_temporal_history,feature_ablation,legacy_sampled_case_control,False,CatBoost,full minus lagged meteorology,test_2023,far_east,Far East,2267,333,400,0.14689016321129245,0.17644464049404499,0.5096086910245284,0.3475,0.4174174174174174,0.3792633015006821,0.29769101397874365,0.7532584290598768,0.15691631773621517,0.000983643541014449,0.006370331362040982,0.0032182910621636673,0.006403391741318412,0.012013816918899063,0.000900173226990419
ablation_no_temporal_history,feature_ablation,legacy_sampled_case_control,False,CatBoost,full minus lagged meteorology,test_2023,central_asia,Central Asia,9281,411,2060,0.044284021118413966,0.22195884064217217,0.5096086910245284,0.12669902912621359,0.635036496350365,0.21125050586806962,0.1782305564601047,0.8230621000282534,0.1466475866697066,0.005717642446774955,0.027527271287067508,0.009474579940873048,0.0059314740569464865,0.010221380909316773,0.0011958755541087666
ablation_no_temporal_history,feature_ablation,legacy_sampled_case_control,False,CatBoost,full minus lagged meteorology,test_2023,europe,Europe,10456,494,444,0.04724560061208875,0.04246365723029839,0.5096086910245284,0.21621621621621623,0.19433198380566802,0.2046908315565032,0.181839184921302,0.8195701357466063,0.08270352892484271,0.013523724140786982,0.015745292698485867,0.014791806136409102,0.0025809134383997625,0.006466185456221049,0.00048821901003171555
ablation_no_temporal_history,feature_ablation,legacy_sampled_case_control,False,CatBoost,full minus lagged meteorology,test_2024,global,Global,65063,9134,15853,0.1403870095138558,0.24365614865591811,0.5096086910245284,0.2998170693244181,0.5203634771184585,0.3804378276703886,0.3465186551466753,0.76135815932101,0.15633930382789127,0.0006179718081222042,0.0007554559628061378,0.000291437884519336,0.0035174034942201354,0.0029009312696164557,0.000697769390983971
ablation_no_temporal_history,feature_ablation,legacy_sampled_case_control,False,CatBoost,full minus lagged meteorology,test_2024,eastern_siberia,Eastern Siberia,26660,6189,11101,0.23214553638409602,0.4163915978994749,0.5096086910245284,0.3514998648770381,0.6304734205849087,0.4513591671486408,0.42309517294313376,0.7154661384122765,0.19982723580738213,0.00022093985375717736,0.001675247597038996,0.0006126185665814618,0.0016726528578007687,0.0009244123482805949,0.0004107183143785429
ablation_no_temporal_history,feature_ablation,legacy_sampled_case_control,False,CatBoost,full minus lagged meteorology,test_2024,far_east,Far East,2229,298,478,0.13369223867205024,0.21444593988335575,0.5096086910245284,0.3075313807531381,0.49328859060402686,0.3788659793814433,0.2900497299979069,0.7689412239024882,0.15904537176553343,0.01143891259686313,0.026101257023664545,0.016449914954763275,0.015864248853141548,0.004933691772986686,0.0009066463239856268
ablation_no_temporal_history,feature_ablation,legacy_sampled_case_control,False,CatBoost,full minus lagged meteorology,test_2024,central_asia,Central Asia,9003,187,1628,0.020770854159724537,0.18082861268466066,0.5096086910245284,0.04914004914004914,0.42780748663101603,0.0881542699724518,0.07893738700239393,0.7387716305793064,0.1401968396263419,0.00794988601440598,0.056719795282343374,0.01399055773358935,0.023429707309137546,0.019960443988614705,0.001087438959660399
ablation_no_temporal_history,feature_ablation,legacy_sampled_case_control,False,CatBoost,full minus lagged meteorology,test_2024,europe,Europe,10472,493,481,0.04707792207792208,0.045932009167303285,0.5096086910245284,0.20374220374220375,0.19878296146044624,0.20123203285420946,0.15139071946248595,0.7797213905794461,0.08583350128023738,0.0042166672991927005,0.010040055716644682,0.007007210098835112,0.0006200581287736279,0.014392380271863632,0.000788373899652905
ablation_no_temporal_history,feature_ablation,legacy_sampled_case_control,False,CatBoost,full minus lagged meteorology,test_2025,global,Global,49672,3787,11947,0.07624013528748591,0.24051779674665807,0.5096086910245284,0.21118272369632543,0.6662265645629786,0.32070674971399515,0.3759336005418229,0.8239297224703761,0.1505728553777649,0.0027488475266467397,0.001391029733481747,0.003342205956842253,0.008081429104601164,0.004137701705195478,0.00033633753763099287
ablation_no_temporal_history,feature_ablation,legacy_sampled_case_control,False,CatBoost,full minus lagged meteorology,test_2025,eastern_siberia,Eastern Siberia,19162,2442,8526,0.12743972445464982,0.44494311658490765,0.5096086910245284,0.24736101337086558,0.8636363636363636,0.38457330415754926,0.48093957227701706,0.8408202841815282,0.19808631909923724,0.0021476234143891736,0.001737363098738421,0.0027636743301493877,0.0030043260980197866,0.003942872123364985,0.0010892231308570143
ablation_no_temporal_history,feature_ablation,legacy_sampled_case_control,False,CatBoost,full minus lagged meteorology,test_2025,far_east,Far East,1744,137,306,0.07855504587155963,0.17545871559633028,0.5096086910245284,0.3333333333333333,0.7445255474452555,0.4604966139954853,0.35074065406897165,0.862210947542458,0.13584154041041036,0.038559190994145995,0.07742045049487745,0.05167318785594002,0.07371397013062515,0.044045025839514786,0.0023984660094413467
ablation_no_temporal_history,feature_ablation,legacy_sampled_case_control,False,CatBoost,full minus lagged meteorology,test_2025,central_asia,Central Asia,7618,304,1647,0.039905487004463114,0.21619847729062747,0.5096086910245284,0.07225258044930176,0.39144736842105265,0.12198872373141978,0.10571889607426528,0.7182307632802268,0.15503805473358287,0.0037902591972072655,0.013956054891839757,0.0060746934898019845,0.009429244141483096,0.009473701057343374,0.0015618550880556734
ablation_no_temporal_history,feature_ablation,legacy_sampled_case_control,False,CatBoost,full minus lagged meteorology,test_2025,europe,Europe,8878,632,595,0.07118720432529849,0.06701959900878576,0.5096086910245284,0.27058823529411763,0.254746835443038,0.2624286878565607,0.22123555426019598,0.7873792663569907,0.10381921277024751,0.019099160137229523,0.01678259765474402,0.017879361221025476,0.009175251654443719,0.0019234384699947538,0.0012074236136189877
ablation_no_temporal_history,feature_ablation,legacy_sampled_case_control,False,CatBoost,full minus lagged meteorology,test_2021-2023,global,Global,206438,36593,62078,0.17725903176740718,0.30071014057489415,0.5096086910245284,0.4038628821804826,0.68513103599049,0.5081736275096026,0.507539685684584,0.8257661218157795,0.15746757166643985,0.002178279508068728,0.004787182721714309,0.0030446963997526793,0.0002960700610895176,0.001539857713770152,0.00045304970425710166
ablation_no_temporal_history,feature_ablation,legacy_sampled_case_control,False,CatBoost,full minus lagged meteorology,test_2021-2023,eastern_siberia,Eastern Siberia,82438,22636,41581,0.2745821101919018,0.504391178825299,0.5096086910245284,0.45898367042639665,0.8431259939918714,0.5943908933771431,0.6008481180379294,0.8130458339876248,0.19173935147678817,0.0028242127863799273,0.0034763079191618704,0.0032332090316457033,0.0012309391413077402,0.003696996089110897,0.0010341992057794607
ablation_no_temporal_history,feature_ablation,legacy_sampled_case_control,False,CatBoost,full minus lagged meteorology,test_2021-2023,far_east,Far East,6484,795,1227,0.12260950030845158,0.1892350400987045,0.5096086910245284,0.3553382233088835,0.5484276729559748,0.43125618199802174,0.32711442797636325,0.7990349908407597,0.1474996130188707,0.005125132927868967,0.0008894424920585502,0.004041790364333802,0.007744700893465141,0.0020014410374561797,0.0016268785958341503
ablation_no_temporal_history,feature_ablation,legacy_sampled_case_control,False,CatBoost,full minus lagged meteorology,test_2021-2023,central_asia,Central Asia,29340,2012,7260,0.06857532379004772,0.2474437627811861,0.5096086910245284,0.16487603305785123,0.5949304174950298,0.2581967213114754,0.2088021722990649,0.7931243318048384,0.15482899927942795,0.004794785432807784,0.009792295074740835,0.006802000374904588,0.01752035585265378,0.00665276351611874,0.0011245597355003273
ablation_no_temporal_history,feature_ablation,legacy_sampled_case_control,False,CatBoost,full minus lagged meteorology,test_2021-2023,europe,Europe,32712,1723,1634,0.052671802396674,0.04995108828564441,0.5096086910245284,0.21725826193390452,0.2060359837492745,0.2114983616324099,0.1850666381453216,0.8255228059412691,0.08759168810996407,0.010962504166303197,0.016116393873197674,0.013669198858415853,6.140832032783565e-05,0.006475329229373922,0.00024689309949686223
ablation_no_temporal_history,feature_ablation,legacy_sampled_case_control,False,CatBoost,full minus lagged meteorology,test_2021-2025,global,Global,321173,49514,89878,0.15416613476226207,0.2798429506838993,0.5096086910245284,0.3598989741649792,0.6532899785919134,0.46411558769513317,0.46262004328022854,0.8147741123768232,0.15617268436934278,0.005603717781471701,0.0057339181088756856,0.006106725582755526,0.0007943406710794789,0.0030447149220869394,0.0009236871120159402
ablation_no_temporal_history,feature_ablation,legacy_sampled_case_control,False,CatBoost,full minus lagged meteorology,test_2021-2025,eastern_siberia,Eastern Siberia,128260,31267,61208,0.24377826290347732,0.4772181506315297,0.5096086910245284,0.4100117631682133,0.8026353663606998,0.5427629088942958,0.5522077407883019,0.7968759651889579,0.1943687261051602,0.002645573509328687,0.0007250889880911565,0.002480789489034651,0.0002797775263136381,0.0007474879285326187,0.00019050685516703824
ablation_no_temporal_history,feature_ablation,legacy_sampled_case_control,False,CatBoost,full minus lagged meteorology,test_2021-2025,far_east,Far East,10457,1230,2011,0.11762455771253706,0.19231137037391222,0.5096086910245284,0.3406265539532571,0.556910569105691,0.4227090404196236,0.3167259926257294,0.8011556751527198,0.14801637859381156,0.003259477227933064,0.0011497671238805398,0.0028294493423322636,0.006396776051663269,0.002283272774945861,0.001044286945333691
ablation_no_temporal_history,feature_ablation,legacy_sampled_case_control,False,CatBoost,full minus lagged meteorology,test_2021-2025,central_asia,Central Asia,45961,2503,10535,0.05445921542177063,0.2292160744979439,0.5096086910245284,0.13251067869008068,0.5577307231322413,0.21414327350820678,0.17970846127307485,0.7854143852449544,0.15199745190432773,0.002210989819230897,0.0012986350435014516,0.0029817952612615425,0.0013889241517775115,0.001921685953008489,0.0002236772705771073
ablation_no_temporal_history,feature_ablation,legacy_sampled_case_control,False,CatBoost,full minus lagged meteorology,test_2021-2025,europe,Europe,52062,2848,2710,0.05470400676116938,0.052053321040298105,0.5096086910245284,0.22656826568265684,0.21558988764044945,0.2209427851745232,0.18531452675349797,0.8106942826627849,0.0900052763596106,0.010856950216917724,0.003231749456976903,0.006934231499607532,0.010274527974296918,0.0042765210998967264,0.0009627799947248052
ablation_shorter_sequence_30d,feature_ablation,legacy_sampled_case_control,False,CatBoost,full minus >30-day weather-history windows,validation,global,Global,147424,28826,52582,0.19553125678315605,0.35667191230735834,0.47445262206724037,0.3837054505344034,0.6999236800111011,0.4956761006289308,0.44465023228709244,0.7924633016726481,0.163225117441038,0.004959834230198644,0.0019887943219258353,0.0036538392721067346,0.015932157320367207,0.002763487914736851,0.0003232575935463246
ablation_shorter_sequence_30d,feature_ablation,legacy_sampled_case_control,False,CatBoost,full minus >30-day weather-history windows,test,global,Global,321173,49514,111516,0.15416613476226207,0.34721474096514965,0.47445262206724037,0.3660819972021952,0.8244940824817223,0.5070359560330373,0.5166572773104353,0.8587375308413076,0.14848647514395738,0.0051363273690649466,0.010321052595976172,0.006878365212088916,0.005914483515526945,0.0027532636302821643,0.00022152792064182938
ablation_shorter_sequence_30d,feature_ablation,legacy_sampled_case_control,False,CatBoost,full minus >30-day weather-history windows,test,eastern_siberia,Eastern Siberia,128260,31267,66226,0.24377826290347732,0.5163418057071574,0.47445262206724037,0.42975568507836803,0.9102568202897624,0.5838573025755696,0.5946060690955253,0.8397360168216171,0.18313266802839914,0.0020378601299383603,0.0021752669642736266,0.0023257890887511965,0.006921891598592946,0.0020183401409584,0.0007810536847613588
ablation_shorter_sequence_30d,feature_ablation,legacy_sampled_case_control,False,CatBoost,full minus >30-day weather-history windows,test,far_east,Far East,10457,1230,2880,0.11762455771253706,0.2754135985464282,0.47445262206724037,0.2951388888888889,0.6910569105691057,0.41362530413625304,0.34861065778123246,0.8165480681034186,0.14824957663157032,0.0038470212163663918,0.013797205486566714,0.006260624094500255,0.010372445857168924,0.0018620009418409238,0.0004581805128574762
ablation_shorter_sequence_30d,feature_ablation,legacy_sampled_case_control,False,CatBoost,full minus >30-day weather-history windows,test,central_asia,Central Asia,45961,2503,14623,0.05445921542177063,0.31816104958551816,0.47445262206724037,0.12377761061341722,0.7231322413104275,0.21137451827630505,0.1965134357424141,0.8038558617136999,0.15018787085648694,0.0026294606021634703,0.014284985478516046,0.004445060539375957,0.020571489254190663,0.006725334300756243,0.00045399696373063915
ablation_shorter_sequence_30d,feature_ablation,legacy_sampled_case_control,False,CatBoost,full minus >30-day weather-history windows,test,europe,Europe,52062,2848,5831,0.05470400676116938,0.11200107564058238,0.47445262206724037,0.2166009260847196,0.4434691011235955,0.29104735568613893,0.20726945727824353,0.8395278589825312,0.08706255209928718,0.004282303538189383,0.004524449239767672,0.004833205812207466,0.0009309364147719799,0.003032128330569508,0.00021934952759925137
ablation_shorter_sequence_30d,feature_ablation,legacy_sampled_case_control,False,CatBoost,full minus >30-day weather-history windows,test_2021,global,Global,87238,24772,45173,0.28395882528256033,0.5178133382241684,0.47445262206724037,0.5054125251809709,0.9216454061036654,0.6528272213882336,0.6345824357681418,0.8499712033237895,0.17044251221057977,0.0016371482670170323,0.0004980502068578819,0.0014868079993800177,0.0075954107705709225,0.0015561547587311388,0.00037233736761748716
ablation_shorter_sequence_30d,feature_ablation,legacy_sampled_case_control,False,CatBoost,full minus >30-day weather-history windows,test_2021,eastern_siberia,Eastern Siberia,44639,19789,33022,0.4433119021483456,0.7397567149801743,0.47445262206724037,0.5835806432075586,0.9738238415281217,0.7298100774459866,0.6890772019202458,0.7840217900459505,0.20012703436613935,0.0022563859364279396,0.0006380390536309558,0.001942306745299285,0.0010742217966647081,0.0010197615045525004,0.000556555776660078
ablation_shorter_sequence_30d,feature_ablation,legacy_sampled_case_control,False,CatBoost,full minus >30-day weather-history windows,test_2021,far_east,Far East,2141,270,617,0.12610929472209248,0.288183092013078,0.47445262206724037,0.3192868719611021,0.7296296296296296,0.44419391206313413,0.4351267635701437,0.8462596749609045,0.14498047198576183,0.012376293972718633,0.005237828008789249,0.011110573998222323,0.04952690284929005,0.013545986252019748,0.007298111763563205
ablation_shorter_sequence_30d,feature_ablation,legacy_sampled_case_control,False,CatBoost,full minus >30-day weather-history windows,test_2021,central_asia,Central Asia,10197,903,3992,0.08855545748749633,0.39148769245856624,0.47445262206724037,0.1690881763527054,0.7475083056478405,0.27579162410623087,0.23273840365710793,0.7700075496140475,0.16871397471064212,0.0007685527173045859,0.0039153199401248204,0.0007497520188665382,0.02029823386312768,0.00014184293348828132,0.00011515024796372576
ablation_shorter_sequence_30d,feature_ablation,legacy_sampled_case_control,False,CatBoost,full minus >30-day weather-history windows,test_2021,europe,Europe,11926,847,1462,0.07102129800436022,0.12258930068757337,0.47445262206724037,0.27291381668946646,0.47107438016528924,0.3456041576440017,0.25505082023653,0.8578439505992863,0.09310960987200173,0.022361846098172582,0.03673281980189858,0.027806243284135265,0.004228404278005608,0.002414086740667087,6.482401173494982e-05
ablation_shorter_sequence_30d,feature_ablation,legacy_sampled_case_control,False,CatBoost,full minus >30-day weather-history windows,test_2022,global,Global,58312,4923,14143,0.08442516120181094,0.24254012896144875,0.47445262206724037,0.22159372127554267,0.6366036969327645,0.32875275359278294,0.2739535516952511,0.8225739985657186,0.1329225775862583,0.0007688538737332617,0.0008373082074441154,0.0009586885192275918,0.009790531824016563,0.00038661086597598744,0.00021104443768028415
ablation_shorter_sequence_30d,feature_ablation,legacy_sampled_case_control,False,CatBoost,full minus >30-day weather-history windows,test_2022,eastern_siberia,Eastern Siberia,18946,1456,5401,0.07684999472184102,0.28507336640979625,0.47445262206724037,0.1757082021847806,0.6517857142857143,0.27679743327986,0.2621543067401957,0.8026198447778637,0.15213721281793716,0.004067294316256731,0.0038852020944315662,0.0054005716606570775,0.0040926750969289254,0.007506267647101515,0.0014339590830017392
ablation_shorter_sequence_30d,feature_ablation,legacy_sampled_case_control,False,CatBoost,full minus >30-day weather-history windows,test_2022,far_east,Far East,2076,192,455,0.09248554913294797,0.21917148362235067,0.47445262206724037,0.24175824175824176,0.5729166666666666,0.3400309119010819,0.2829427802472937,0.798909677990092,0.13900570665218656,0.02752079123262143,0.029462782549439532,0.03232987445647483,0.029221297665745057,0.021506736571717807,0.004284953520466777
ablation_shorter_sequence_30d,feature_ablation,legacy_sampled_case_control,False,CatBoost,full minus >30-day weather-history windows,test_2022,central_asia,Central Asia,9862,698,3244,0.07077671871831272,0.32893936321233014,0.47445262206724037,0.15166461159062886,0.7048710601719198,0.2496194824961948,0.22843253293978413,0.7932441508381496,0.1542555034616036,0.0019029406235567532,0.021273986253463502,0.003929207995257375,0.023891110021526545,0.006002060062348915,0.000596584778660547
ablation_shorter_sequence_30d,feature_ablation,legacy_sampled_case_control,False,CatBoost,full minus >30-day weather-history windows,test_2022,europe,Europe,10330,382,1054,0.036979670861568247,0.10203291384317521,0.47445262206724037,0.1888045540796964,0.5209424083769634,0.27715877437325903,0.174808284692259,0.8672869865710069,0.07860209943258725,0.012810686556192556,0.03702129744432186,0.019037374881888055,0.029610532966086185,0.011218219750807867,0.0005947010024362243
ablation_shorter_sequence_30d,feature_ablation,legacy_sampled_case_control,False,CatBoost,full minus >30-day weather-history windows,test_2023,global,Global,60888,6898,19798,0.11328997503613192,0.3251543818157929,0.47445262206724037,0.2828568542276998,0.8118295158016816,0.4195385076415942,0.4090237028888602,0.8452535211169276,0.14525824549360392,3.083748627715428e-07,0.0006241013073138033,8.519947862403752e-05,0.004974661453733447,0.0010718800943292825,0.0007031157252556823
ablation_shorter_sequence_30d,feature_ablation,legacy_sampled_case_control,False,CatBoost,full minus >30-day weather-history windows,test_2023,eastern_siberia,Eastern Siberia,18853,1391,7269,0.07378136105659577,0.3855619795258049,0.47445262206724037,0.15765579859678086,0.8238677210639828,0.2646651270207852,0.2901367175096662,0.8031321951966193,0.1745382714709035,0.0007892229732628864,0.005083441992714181,0.0008559111881306441,0.004795366941065379,0.002025269257313802,0.0019723285923475787
ablation_shorter_sequence_30d,feature_ablation,legacy_sampled_case_control,False,CatBoost,full minus >30-day weather-history windows,test_2023,far_east,Far East,2267,333,747,0.14689016321129245,0.329510366122629,0.47445262206724037,0.3467202141900937,0.7777777777777778,0.47962962962962963,0.35112712462670037,0.81903413237436,0.15607061227179367,0.012613623455399342,0.01911099408612287,0.01573310324384203,0.007956667965325325,0.00659156917132236,0.0008654325678944232
ablation_shorter_sequence_30d,feature_ablation,legacy_sampled_case_control,False,CatBoost,full minus >30-day weather-history windows,test_2023,central_asia,Central Asia,9281,411,3089,0.044284021118413966,0.3328305139532378,0.47445262206724037,0.11233408870184526,0.8442822384428224,0.1982857142857143,0.2175991187938332,0.8625579813307658,0.14788953785460549,0.0010707005183532043,0.010322726732650316,0.0019499418628669669,0.0034725577325793794,0.005437664084676471,0.0004499524693424488
ablation_shorter_sequence_30d,feature_ablation,legacy_sampled_case_control,False,CatBoost,full minus >30-day weather-history windows,test_2023,europe,Europe,10456,494,1025,0.04724560061208875,0.09802983932670237,0.47445262206724037,0.20390243902439023,0.4230769230769231,0.27518104015799866,0.2038990163554209,0.8517447271290823,0.07928344410831337,0.004607114645761773,0.012882512207852083,0.006915978903025851,0.005801192832071303,0.007241581707862548,0.00010158349691547144
ablation_shorter_sequence_30d,feature_ablation,legacy_sampled_case_control,False,CatBoost,full minus >30-day weather-history windows,test_2024,global,Global,65063,9134,20899,0.1403870095138558,0.3212117486128829,0.47445262206724037,0.31030192832192927,0.7099846726516312,0.43185828921519664,0.4086026679112529,0.8125372876978363,0.14993142929961045,0.0033062395613304373,0.0030218238512245512,0.0037508714797287713,0.001446003356788001,0.0034583246543036066,0.0008648827511334789
ablation_shorter_sequence_30d,feature_ablation,legacy_sampled_case_control,False,CatBoost,full minus >30-day weather-history windows,test_2024,eastern_siberia,Eastern Siberia,26660,6189,13790,0.23214553638409602,0.5172543135783946,0.47445262206724037,0.36395939086294415,0.8109549200193893,0.5024275489263726,0.467735116623361,0.7616221321218634,0.1970247875138178,0.00014022325486791473,0.0015229523609445563,0.0001621243306806162,0.0024662697719844,9.371556821555756e-06,0.0002109217817415288
ablation_shorter_sequence_30d,feature_ablation,legacy_sampled_case_control,False,CatBoost,full minus >30-day weather-history windows,test_2024,far_east,Far East,2229,298,812,0.13369223867205024,0.3642889187976671,0.47445262206724037,0.2512315270935961,0.6845637583892618,0.3675675675675676,0.30605191207717375,0.7526449417660982,0.1755847019381741,0.016050460007934933,0.018982732380846964,0.0197753234227042,0.0010582819169635141,0.021786887953936754,0.0049209931625736935
ablation_shorter_sequence_30d,feature_ablation,legacy_sampled_case_control,False,CatBoost,full minus >30-day weather-history windows,test_2024,central_asia,Central Asia,9003,187,2038,0.020770854159724537,0.22636898811507275,0.47445262206724037,0.05103042198233562,0.5561497326203209,0.09348314606741573,0.10937192004912945,0.7946386977493521,0.128301187369808,0.005502572128375428,0.049157155911364304,0.009931212397890502,0.0016368227083265693,0.02329826497233518,0.001080786322464107
ablation_shorter_sequence_30d,feature_ablation,legacy_sampled_case_control,False,CatBoost,full minus >30-day weather-history windows,test_2024,europe,Europe,10472,493,1139,0.04707792207792208,0.10876623376623376,0.47445262206724037,0.16681299385425813,0.385395537525355,0.23284313725490197,0.17192571935818077,0.8040312648448151,0.08476602447196076,0.005888299786959746,0.02581728612851494,0.01032160933707421,0.001176817724772792,0.012560597956418727,0.00020288341383887888
ablation_shorter_sequence_30d,feature_ablation,legacy_sampled_case_control,False,CatBoost,full minus >30-day weather-history windows,test_2025,global,Global,49672,3787,11503,0.07624013528748591,0.231579159284909,0.47445262206724037,0.24115448143962445,0.7325059413783997,0.36285153695225636,0.39147355667708933,0.8437910541960347,0.13026108916167375,0.003936256062264531,0.00185470631130897,0.004699479844208296,0.000938794727904377,0.003985246854207209,0.0003488621619206229
ablation_shorter_sequence_30d,feature_ablation,legacy_sampled_case_control,False,CatBoost,full minus >30-day weather-history windows,test_2025,eastern_siberia,Eastern Siberia,19162,2442,6744,0.12743972445464982,0.3519465609017848,0.47445262206724037,0.30782918149466193,0.8501228501228502,0.4519921619856303,0.49295894892636233,0.8557580606922712,0.16331712832921508,0.0006073999838124795,0.0028956051645641395,0.00023662085175364097,0.00017239644639530232,0.004243854001101626,0.000622882576563414
ablation_shorter_sequence_30d,feature_ablation,legacy_sampled_case_control,False,CatBoost,full minus >30-day weather-history windows,test_2025,far_east,Far East,1744,137,249,0.07855504587155963,0.14277522935779816,0.47445262206724037,0.321285140562249,0.583941605839416,0.41450777202072536,0.4267582776663902,0.8376945752842263,0.11816307721589978,0.018736120517084034,0.056774997029576814,0.029237976291581966,0.10810683224324653,0.03987771472077985,0.0024090314108220425
ablation_shorter_sequence_30d,feature_ablation,legacy_sampled_case_control,False,CatBoost,full minus >30-day weather-history windows,test_2025,central_asia,Central Asia,7618,304,2260,0.039905487004463114,0.2966657915463376,0.47445262206724037,0.08495575221238938,0.631578947368421,0.1497659906396256,0.11458766301876105,0.754620284817869,0.148789992971025,0.006474632144982758,0.03721614637823938,0.011098312534302506,3.937494442101109e-05,0.012371194816334356,0.0007718550755274913
ablation_shorter_sequence_30d,feature_ablation,legacy_sampled_case_control,False,CatBoost,full minus >30-day weather-history windows,test_2025,europe,Europe,8878,632,1151,0.07118720432529849,0.12964631673800406,0.47445262206724037,0.2311033883579496,0.4208860759493671,0.29837352776219855,0.22692331515330819,0.8045643342226534,0.10065422314193197,0.0028856946111734507,0.004475359374598387,0.0035302017841125494,0.010793526716114788,0.0010237262454931223,0.0008300071707226829
ablation_shorter_sequence_30d,feature_ablation,legacy_sampled_case_control,False,CatBoost,full minus >30-day weather-history windows,test_2021-2023,global,Global,206438,36593,79114,0.17725903176740718,0.3832337069725535,0.47445262206724037,0.3989812169780317,0.8625966714945481,0.545602253969077,0.5529376548980539,0.865657133585633,0.15241636363484926,0.004592047155699442,0.007978637869523875,0.0058875330977865075,0.002501708813453974,0.004346654511238302,0.0012856971260001172
ablation_shorter_sequence_30d,feature_ablation,legacy_sampled_case_control,False,CatBoost,full minus >30-day weather-history windows,test_2021-2023,eastern_siberia,Eastern Siberia,82438,22636,45692,0.2745821101919018,0.5542589582474102,0.47445262206724037,0.4676092094896262,0.9438946810390528,0.6253951527924131,0.6319360568034363,0.8484341076036874,0.18324598308012902,0.0015692162903088863,0.0015450257418497463,0.0010673064665336946,0.002220471302688944,0.0012555730284261784,0.00028586444927682954
ablation_shorter_sequence_30d,feature_ablation,legacy_sampled_case_control,False,CatBoost,full minus >30-day weather-history windows,test_2021-2023,far_east,Far East,6484,795,1819,0.12260950030845158,0.28053670573719924,0.47445262206724037,0.31115997800989553,0.7119496855345911,0.43305279265493496,0.3581502302903951,0.8269385584671289,0.1469449592152393,0.011014025765110895,0.011562752396761153,0.012875085918113687,0.008342695365378508,0.004438066321114404,0.002164480875652837
ablation_shorter_sequence_30d,feature_ablation,legacy_sampled_case_control,False,CatBoost,full minus >30-day weather-history windows,test_2021-2023,central_asia,Central Asia,29340,2012,10325,0.06857532379004772,0.35190865712338104,0.47445262206724037,0.14663438256658595,0.7524850894632207,0.24544054470292614,0.22122546893604,0.8011103461200013,0.15726676810127285,0.0011756963355442653,0.0015461518539064973,0.001728972142887916,0.010028289677196059,0.0014751855754498088,0.0007630482919209798
ablation_shorter_sequence_30d,feature_ablation,legacy_sampled_case_control,False,CatBoost,full minus >30-day weather-history windows,test_2021-2023,europe,Europe,32712,1723,3541,0.052671802396674,0.10824773783321105,0.47445262206724037,0.22790172267720982,0.4683691236215902,0.3066109422492401,0.213729662834068,0.8598935383189816,0.08410896875974087,0.0065539746906065925,0.011415778993515032,0.008364384473903431,0.00020301199879892994,0.0064321787975981015,0.00036669124695578643
ablation_shorter_sequence_30d,feature_ablation,legacy_sampled_case_control,False,CatBoost,full minus >30-day weather-history windows,test_2021-2025,global,Global,321173,49514,111516,0.15416613476226207,0.34721474096514965,0.47445262206724037,0.3660819972021952,0.8244940824817223,0.5070359560330373,0.5166572773104353,0.8587375308413076,0.14848647514395738,0.005612400854778841,0.007568771903715848,0.006803729955385544,0.001123591792732004,0.002661097938246617,0.0010439213092140439
ablation_shorter_sequence_30d,feature_ablation,legacy_sampled_case_control,False,CatBoost,full minus >30-day weather-history windows,test_2021-2025,eastern_siberia,Eastern Siberia,128260,31267,66226,0.24377826290347732,0.5163418057071574,0.47445262206724037,0.42975568507836803,0.9102568202897624,0.5838573025755696,0.5946060690955253,0.8397360168216171,0.18313266802839914,0.0007936598536128529,0.0036254449404560176,1.095784109007283e-05,0.004367242936370202,3.7731091881642696e-06,0.0003193504126524096
ablation_shorter_sequence_30d,feature_ablation,legacy_sampled_case_control,False,CatBoost,full minus >30-day weather-history windows,test_2021-2025,far_east,Far East,10457,1230,2880,0.11762455771253706,0.2754135985464282,0.47445262206724037,0.2951388888888889,0.6910569105691057,0.41362530413625304,0.34861065778123246,0.8165480681034186,0.14824957663157032,0.0022290832481293627,0.004024184933582008,0.002910360983173236,0.0033186290882774227,0.0009057515749111951,0.00011115664060976972
ablation_shorter_sequence_30d,feature_ablation,legacy_sampled_case_control,False,CatBoost,full minus >30-day weather-history windows,test_2021-2025,central_asia,Central Asia,45961,2503,14623,0.05445921542177063,0.31816104958551816,0.47445262206724037,0.12377761061341722,0.7231322413104275,0.21137451827630505,0.1965134357424141,0.8038558617136999,0.15018787085648694,0.0020529397516168392,0.008441127782759553,0.0033524123829844544,0.007627730496369558,0.0017386437178834478,0.00016508030685020642
ablation_shorter_sequence_30d,feature_ablation,legacy_sampled_case_control,False,CatBoost,full minus >30-day weather-history windows,test_2021-2025,europe,Europe,52062,2848,5831,0.05470400676116938,0.11200107564058238,0.47445262206724037,0.2166009260847196,0.4434691011235955,0.29104735568613893,0.20726945727824353,0.8395278589825312,0.08706255209928718,0.001584222712103247,0.0019390496741861338,0.001053988668621111,0.0012915872217242694,0.0018725548821220902,0.0008958768404927081
ablation_no_periodic_seasonality,feature_ablation,legacy_sampled_case_control,False,CatBoost,full minus periodic seasonality encodings,validation,global,Global,147424,28826,47276,0.19553125678315605,0.32068048621662687,0.4920829446562272,0.40976393941957867,0.6720321931589537,0.5091061995742556,0.4520724582229606,0.7998343976028908,0.16051164081886823,0.001201535296913158,0.003977588643851749,0.0002007820379324023,0.011713373290272298,0.0033653437637003666,0.0004183030203273122
ablation_no_periodic_seasonality,feature_ablation,legacy_sampled_case_control,False,CatBoost,full minus periodic seasonality encodings,test,global,Global,321173,49514,105148,0.15416613476226207,0.32738742048677816,0.4920829446562272,0.3866930421881538,0.8211818879508825,0.5257917264745057,0.54627891056253,0.8694764922273414,0.14869584247424097,0.003961303216370146,0.0018348537948401629,0.004048385807888288,0.003915456891489145,0.001692490474861017,0.00011689840442403589
ablation_no_periodic_seasonality,feature_ablation,legacy_sampled_case_control,False,CatBoost,full minus periodic seasonality encodings,test,eastern_siberia,Eastern Siberia,128260,31267,65599,0.24377826290347732,0.511453297988461,0.4920829446562272,0.43778106373572767,0.9184763488662168,0.5929428282369459,0.6302041747524663,0.8549782337727195,0.18610827615782555,0.0007167871503937428,0.003915480535692511,0.0014751799720204705,0.003880753966746449,0.002419823888913524,0.0007929777288713092
ablation_no_periodic_seasonality,feature_ablation,legacy_sampled_case_control,False,CatBoost,full minus periodic seasonality encodings,test,far_east,Far East,10457,1230,2778,0.11762455771253706,0.2656593669312422,0.4920829446562272,0.30345572354211664,0.6853658536585366,0.42065868263473055,0.3490091183495905,0.8195531671367434,0.15084377717728992,0.0017474582440167373,0.008623253429104246,0.0033251134286332884,0.007318459658032298,0.0027668179493490663,0.0004473403557209436
ablation_no_periodic_seasonality,feature_ablation,legacy_sampled_case_control,False,CatBoost,full minus periodic seasonality encodings,test,central_asia,Central Asia,45961,2503,11178,0.05445921542177063,0.2432061965579513,0.4920829446562272,0.1343710860619073,0.600079904115062,0.2195745925005482,0.15673435638012506,0.7897245841692071,0.14616752925301987,0.00464147219907865,0.01688225556551903,0.007330577037581582,0.015828456774160428,0.009084694118169343,0.0006365233100845666
ablation_no_periodic_seasonality,feature_ablation,legacy_sampled_case_control,False,CatBoost,full minus periodic seasonality encodings,test,europe,Europe,52062,2848,4413,0.05470400676116938,0.08476431946525297,0.4920829446562272,0.22818944029005211,0.3535814606741573,0.2773722627737226,0.20493888954481776,0.8420446276420386,0.0844342892116714,0.006532897632214964,0.009048898479535343,0.0076026807475035535,0.0033182762815813617,0.001991954913630537,0.00016627684021783262
ablation_no_periodic_seasonality,feature_ablation,legacy_sampled_case_control,False,CatBoost,full minus periodic seasonality encodings,test_2021,global,Global,87238,24772,44149,0.28395882528256033,0.5060753341433779,0.4920829446562272,0.5139414256268545,0.9159534958824479,0.6584350198052843,0.6679063511686755,0.8607756971479874,0.1719389296662025,0.0005820374141297249,0.0016186631722882733,5.4580028934063156e-05,0.005448920825391068,0.0010259961199564373,0.0006373053741249812
ablation_no_periodic_seasonality,feature_ablation,legacy_sampled_case_control,False,CatBoost,full minus periodic seasonality encodings,test_2021,eastern_siberia,Eastern Siberia,44639,19789,33185,0.4433119021483456,0.7434082304711127,0.4920829446562272,0.5833057104113304,0.978169690231947,0.7308113414127685,0.7214348812099487,0.8014260722249511,0.201773365885387,0.0013416575046354237,0.0008773036987425838,0.000805919923666427,0.0010711574085830113,0.0014552185742182791,0.0006167369811697394
ablation_no_periodic_seasonality,feature_ablation,legacy_sampled_case_control,False,CatBoost,full minus periodic seasonality encodings,test_2021,far_east,Far East,2141,270,619,0.12610929472209248,0.28911723493694536,0.4920829446562272,0.3344103392568659,0.7666666666666667,0.46569178852643417,0.4292843739908073,0.8436239285784983,0.14993392981915613,0.022269133382777806,0.013094570021973083,0.024322386397368036,0.05383706638897778,0.017950968813126057,0.00886361729255996
ablation_no_periodic_seasonality,feature_ablation,legacy_sampled_case_control,False,CatBoost,full minus periodic seasonality encodings,test_2021,central_asia,Central Asia,10197,903,3490,0.08855545748749633,0.34225752672354615,0.4920829446562272,0.17363896848137536,0.6710963455149501,0.27589346687912586,0.2057136311987202,0.7680995324148446,0.169651442718587,0.0038082020579929756,0.01644434374852439,0.006196976915192281,0.011267742399519031,0.00020789868629773499,0.00027040253672587175
ablation_no_periodic_seasonality,feature_ablation,legacy_sampled_case_control,False,CatBoost,full minus periodic seasonality encodings,test_2021,europe,Europe,11926,847,1077,0.07102129800436022,0.09030689250377327,0.4920829446562272,0.3008356545961003,0.3825265643447462,0.3367983367983368,0.2642483106035508,0.8596956834531606,0.09165718306192562,0.007616190505184971,0.01419222583255172,0.010281125767476066,0.0017405755040546646,0.0015233002623827026,4.037102184444509e-05
ablation_no_periodic_seasonality,feature_ablation,legacy_sampled_case_control,False,CatBoost,full minus periodic seasonality encodings,test_2022,global,Global,58312,4923,12327,0.08442516120181094,0.21139731101660036,0.4920829446562272,0.2345258375922771,0.5872435506804794,0.33518840579710146,0.25704638502424976,0.816282511527131,0.13228728807885237,0.002785408044940985,0.0050238492446646925,0.0036630577702844967,0.006321963098996343,0.0004414033163922527,0.00023400277349865057
ablation_no_periodic_seasonality,feature_ablation,legacy_sampled_case_control,False,CatBoost,full minus periodic seasonality encodings,test_2022,eastern_siberia,Eastern Siberia,18946,1456,5188,0.07684999472184102,0.2738308877863401,0.4920829446562272,0.17444101773323054,0.6215659340659341,0.2724262492474413,0.22425660948293474,0.8014568175535157,0.15734187216657625,0.007358099196562726,0.015055158115922396,0.010422147965353415,0.004984649634407018,0.007476098464171288,0.001537881235660479
ablation_no_periodic_seasonality,feature_ablation,legacy_sampled_case_control,False,CatBoost,full minus periodic seasonality encodings,test_2022,far_east,Far East,2076,192,444,0.09248554913294797,0.2138728323699422,0.4920829446562272,0.25675675675675674,0.59375,0.3584905660377358,0.2930376814497801,0.8037060996107571,0.14032563435199427,0.017709526404635235,0.029462782549439452,0.02261784628516681,0.03729098701912285,0.0211841941672158,0.003955248336038063
ablation_no_periodic_seasonality,feature_ablation,legacy_sampled_case_control,False,CatBoost,full minus periodic seasonality encodings,test_2022,central_asia,Central Asia,9862,698,2250,0.07077671871831272,0.22814844859054959,0.4920829446562272,0.15866666666666668,0.5114613180515759,0.24219810040705564,0.17143645048304942,0.767395135943689,0.14603804452453298,0.009546691006287671,0.03950883161357497,0.015597034701530446,0.018295589205205236,0.005964363749071198,0.0007031340634166646
ablation_no_periodic_seasonality,feature_ablation,legacy_sampled_case_control,False,CatBoost,full minus periodic seasonality encodings,test_2022,europe,Europe,10330,382,719,0.036979670861568247,0.06960309777347531,0.4920829446562272,0.15855354659248957,0.29842931937172773,0.20708446866485014,0.15283663828008123,0.8578437719071107,0.07495452020796645,0.022246917274921202,0.0444255569331862,0.029657167123177872,0.02478026023681261,0.012941916920467323,0.0009094344395743614
ablation_no_periodic_seasonality,feature_ablation,legacy_sampled_case_control,False,CatBoost,full minus periodic seasonality encodings,test_2023,global,Global,60888,6898,18558,0.11328997503613192,0.3047891210090658,0.4920829446562272,0.29749973057441537,0.8003769208466223,0.43376807039597737,0.40775340155630646,0.8455419941549263,0.14795164423564963,9.488689283621204e-05,0.006241013073138112,0.001030880314837669,0.0008587653067532271,0.0005998713676450456,0.0005413295313633167
ablation_no_periodic_seasonality,feature_ablation,legacy_sampled_case_control,False,CatBoost,full minus periodic seasonality encodings,test_2023,eastern_siberia,Eastern Siberia,18853,1391,7111,0.07378136105659577,0.37718135044820456,0.4920829446562272,0.16270566727605118,0.8317757009345794,0.27217125382262997,0.3260535506094973,0.8199918714322756,0.18147425734648617,0.0018162083551039154,0.003050065195628524,0.0023896759758783638,0.0037188400611114143,0.0017873559044019414,0.0020277247830849054
ablation_no_periodic_seasonality,feature_ablation,legacy_sampled_case_control,False,CatBoost,full minus periodic seasonality encodings,test_2023,far_east,Far East,2267,333,704,0.14689016321129245,0.3105425672695192,0.4920829446562272,0.36363636363636365,0.7687687687687688,0.49373191899710706,0.3577736217978907,0.8239881556841225,0.15678176830637702,0.012000381579284984,0.019110994086122948,0.015000193047532173,0.008942983345946393,0.0037561019630372914,0.00014591494854118556
ablation_no_periodic_seasonality,feature_ablation,legacy_sampled_case_control,False,CatBoost,full minus periodic seasonality encodings,test_2023,central_asia,Central Asia,9281,411,2552,0.044284021118413966,0.27497036957224436,0.4920829446562272,0.12931034482758622,0.8029197080291971,0.22274721565980427,0.1538442477870802,0.8354910206085744,0.14675733944677555,0.0007142461049914891,0.017204544554417195,0.0017061148401272103,0.009275292871067585,0.012533908332654286,0.00055624180713034
ablation_no_periodic_seasonality,feature_ablation,legacy_sampled_case_control,False,CatBoost,full minus periodic seasonality encodings,test_2023,europe,Europe,10456,494,763,0.04724560061208875,0.07297245600612089,0.4920829446562272,0.22280471821756226,0.3441295546558704,0.27048528241845665,0.1898181375148025,0.8551243713967327,0.07707081890203239,0.0009903456319139481,0.004294170735950694,0.0020596520952877646,0.011469159712964125,0.008918385980382882,0.00026179667552917043
ablation_no_periodic_seasonality,feature_ablation,legacy_sampled_case_control,False,CatBoost,full minus periodic seasonality encodings,test_2024,global,Global,65063,9134,20383,0.1403870095138558,0.31328097382536924,0.4920829446562272,0.3396457832507482,0.7579373768338078,0.46908561168140395,0.43550132415093157,0.842139741648972,0.1493989143033993,0.00015282597834780895,0.002770005196955812,0.00039273328768826664,0.0061111822087264595,0.0013458280410767564,0.0005797844874190229
ablation_no_periodic_seasonality,feature_ablation,legacy_sampled_case_control,False,CatBoost,full minus periodic seasonality encodings,test_2024,eastern_siberia,Eastern Siberia,26660,6189,13989,0.23214553638409602,0.5247186796699175,0.4920829446562272,0.3724354850239474,0.8418161253837454,0.5164040043611855,0.4783162209157108,0.7759368661525675,0.20151197385784828,0.0006728870643492425,0.003959676138455831,0.0013958383933730797,0.0027070885800716876,0.0001610370639655616,0.00012796836764744854
ablation_no_periodic_seasonality,feature_ablation,legacy_sampled_case_control,False,CatBoost,full minus periodic seasonality encodings,test_2024,far_east,Far East,2229,298,774,0.13369223867205024,0.3472409152086137,0.4920829446562272,0.24935400516795866,0.6476510067114094,0.36007462686567165,0.3028753947257701,0.7575759682189914,0.18110218831846436,0.014761997717136993,0.026101257023664507,0.019354617066643792,0.0034032973627291666,0.016222199736260406,0.003952534879043978
ablation_no_periodic_seasonality,feature_ablation,legacy_sampled_case_control,False,CatBoost,full minus periodic seasonality encodings,test_2024,central_asia,Central Asia,9003,187,1318,0.020770854159724537,0.1463956458958125,0.4920829446562272,0.05993930197268589,0.42245989304812837,0.10498338870431893,0.08589636840555895,0.7879396478934753,0.12199758996256732,0.007616943372051586,0.037813196854895585,0.012853799689821567,0.008462097927686704,0.01809251667120239,0.0010040362480667935
ablation_no_periodic_seasonality,feature_ablation,legacy_sampled_case_control,False,CatBoost,full minus periodic seasonality encodings,test_2024,europe,Europe,10472,493,940,0.04707792207792208,0.08976317799847211,0.4920829446562272,0.17659574468085107,0.3367139959432049,0.2316817864619679,0.17105911448338812,0.8092946506121272,0.08359621565696185,0.005976549394136171,0.008605762042838326,0.003350593242009848,0.0037560758487391903,0.010588030927726724,0.00010726169534394653
ablation_no_periodic_seasonality,feature_ablation,legacy_sampled_case_control,False,CatBoost,full minus periodic seasonality encodings,test_2025,global,Global,49672,3787,9731,0.07624013528748591,0.19590513770333387,0.4920829446562272,0.27078409207686777,0.695801425930816,0.3898505696108892,0.4239983954821372,0.8524118990833072,0.12712843957889522,0.007017252497470949,0.0032457360447907166,0.007790984558438626,0.00014880250504560732,0.005074453879978506,0.00019159633579905017
ablation_no_periodic_seasonality,feature_ablation,legacy_sampled_case_control,False,CatBoost,full minus periodic seasonality encodings,test_2025,eastern_siberia,Eastern Siberia,19162,2442,6126,0.12743972445464982,0.31969523014299134,0.4920829446562272,0.34100555011426703,0.8554463554463555,0.4876283846872082,0.5351379700958673,0.8746555983996175,0.1611858737800555,0.002857976922605167,0.00202692361519489,0.0032378923391597043,0.0012777232696251249,0.004003243412860586,0.0008421777360849391
ablation_no_periodic_seasonality,feature_ablation,legacy_sampled_case_control,False,CatBoost,full minus periodic seasonality encodings,test_2025,far_east,Far East,1744,137,237,0.07855504587155963,0.13589449541284404,0.4920829446562272,0.3080168776371308,0.5328467153284672,0.39037433155080214,0.41169742651371566,0.8393751788480143,0.11808931810375788,0.021414640858508804,0.06193636039590193,0.03315665319165386,0.10080250089735217,0.04264628673183918,0.003041230891124955
ablation_no_periodic_seasonality,feature_ablation,legacy_sampled_case_control,False,CatBoost,full minus periodic seasonality encodings,test_2025,central_asia,Central Asia,7618,304,1568,0.039905487004463114,0.20582830139144132,0.4920829446562272,0.08290816326530612,0.4276315789473684,0.1388888888888889,0.08285661358255467,0.7261094890117006,0.14274661140156897,0.0003685080210651549,0.006978027445919879,0.0008872896353423732,0.002885099334428085,0.01055433806678823,0.0008633096986048593
ablation_no_periodic_seasonality,feature_ablation,legacy_sampled_case_control,False,CatBoost,full minus periodic seasonality encodings,test_2025,europe,Europe,8878,632,914,0.07118720432529849,0.10295111511601712,0.4920829446562272,0.2549234135667396,0.3686708860759494,0.3014230271668823,0.23419692575444856,0.8141360061034579,0.0954226349621382,0.006405654256367734,0.008950718749196772,0.0074692207322378254,0.01619405565971892,0.0011917693144187292,0.0003806597925838624
ablation_no_periodic_seasonality,feature_ablation,legacy_sampled_case_control,False,CatBoost,full minus periodic seasonality encodings,test_2021-2023,global,Global,206438,36593,75034,0.17725903176740718,0.3634699037967816,0.4920829446562272,0.4145054242076925,0.8499439783565162,0.557248694312308,0.581543694087822,0.87165885735908,0.15366368790094095,0.001106401048009551,0.0021941254141190124,0.000523603158742155,0.0016999180811163672,0.0039963253958505245,0.001376520870841176
ablation_no_periodic_seasonality,feature_ablation,legacy_sampled_case_control,False,CatBoost,full minus periodic seasonality encodings,test_2021-2023,eastern_siberia,Eastern Siberia,82438,22636,45484,0.2745821101919018,0.5517358499721002,0.4920829446562272,0.47091284847418874,0.946236084113801,0.6288608338226659,0.6706191195797011,0.8633809856085192,0.18691980110603176,0.002310979521905848,0.00012875214515409975,0.002028394378345299,0.0024539614637184835,0.0009065586922978659,0.0003118365579261538
ablation_no_periodic_seasonality,feature_ablation,legacy_sampled_case_control,False,CatBoost,full minus periodic seasonality encodings,test_2021-2023,far_east,Far East,6484,795,1767,0.12260950030845158,0.27251696483652066,0.4920829446562272,0.3265421618562535,0.7257861635220125,0.45042935206869633,0.3653166566982729,0.8293859605483825,0.14925182439977022,0.0074679480721984645,0.003557769968234201,0.007862174531228632,0.005738093259950799,0.004081210548900726,0.0017375203167488856
ablation_no_periodic_seasonality,feature_ablation,legacy_sampled_case_control,False,CatBoost,full minus periodic seasonality encodings,test_2021-2023,central_asia,Central Asia,29340,2012,8292,0.06857532379004772,0.28261758691206545,0.4920829446562272,0.15593342981186686,0.6426441351888668,0.2509704968944099,0.1792498449743032,0.7861623711332706,0.15447231846993525,0.0010444387223867483,0.004638455561719335,0.000992754652150165,0.006896064768342445,0.002073349684702148,0.0007381665184595581
ablation_no_periodic_seasonality,feature_ablation,legacy_sampled_case_control,False,CatBoost,full minus periodic seasonality encodings,test_2021-2023,europe,Europe,32712,1723,2559,0.052671802396674,0.07822817314746881,0.4920829446562272,0.23759280969128566,0.3528728961114335,0.28397944885567494,0.208970251855453,0.8601312239920679,0.08172035465225207,0.00994312746633284,0.018802459518730597,0.013229531367940953,6.835651715402428e-05,0.005352461073705954,0.00010667949779480111
ablation_no_periodic_seasonality,feature_ablation,legacy_sampled_case_control,False,CatBoost,full minus periodic seasonality encodings,test_2021-2025,global,Global,321173,49514,105148,0.15416613476226207,0.32738742048677816,0.4920829446562272,0.3866930421881538,0.8211818879508825,0.5257917264745057,0.54627891056253,0.8694764922273414,0.14869584247424097,0.004740898953927283,0.005275204660165606,0.00546004789362184,0.0008530944872809891,0.002112632079816754,0.0009146946332881712
ablation_no_periodic_seasonality,feature_ablation,legacy_sampled_case_control,False,CatBoost,full minus periodic seasonality encodings,test_2021-2025,eastern_siberia,Eastern Siberia,128260,31267,65599,0.24377826290347732,0.511453297988461,0.4920829446562272,0.43778106373572767,0.9184763488662168,0.5929428282369459,0.6302041747524663,0.8549782337727195,0.18610827615782555,0.0016626310804551177,0.0010151245833276506,0.0013170202350700204,0.0016470548257556238,0.0004640588700959452,0.0001419283839673884
ablation_no_periodic_seasonality,feature_ablation,legacy_sampled_case_control,False,CatBoost,full minus periodic seasonality encodings,test_2021-2025,far_east,Far East,10457,1230,2778,0.11762455771253706,0.2656593669312422,0.4920829446562272,0.30345572354211664,0.6853658536585366,0.42065868263473055,0.3490091183495905,0.8195531671367434,0.15084377717728992,0.00016765372355478076,0.002299534247761158,0.00027546897180051106,0.0022660438096129055,0.0017033737012753212,0.0007087337761141368
ablation_no_periodic_seasonality,feature_ablation,legacy_sampled_case_control,False,CatBoost,full minus periodic seasonality encodings,test_2021-2025,central_asia,Central Asia,45961,2503,11178,0.05445921542177063,0.2432061965579513,0.4920829446562272,0.1343710860619073,0.600079904115062,0.2195745925005482,0.15673435638012506,0.7897245841692071,0.14616752925301987,0.0014396754161258764,0.014934303000266812,0.002939219676848661,0.000332972651043077,0.0006612147520023058,0.00023148618199192103
ablation_no_periodic_seasonality,feature_ablation,legacy_sampled_case_control,False,CatBoost,full minus periodic seasonality encodings,test_2021-2025,europe,Europe,52062,2848,4413,0.05470400676116938,0.08476431946525297,0.4920829446562272,0.22818944029005211,0.3535814606741573,0.2773722627737226,0.20493888954481776,0.8420446276420386,0.0844342892116714,0.00026046646842745286,0.006463498913953806,0.002112029409610323,0.0021147151063970857,0.001305229521244061,0.0006745000523422985
ablation_no_gaussian_smoothing,feature_ablation,legacy_sampled_case_control,False,CatBoost,full minus Gaussian road/light/population rasters,validation,global,Global,147424,28826,49688,0.19553125678315605,0.3370414586498806,0.4805431956270541,0.3978022862663017,0.6857004093526677,0.5035025600529842,0.45231275676286636,0.7981153910286525,0.16095340712594058,0.0005187059110074494,0.0025311927733601323,0.0002595677902338153,0.012103957294937113,0.003195253578668803,0.0003637033134543157
ablation_no_gaussian_smoothing,feature_ablation,legacy_sampled_case_control,False,CatBoost,full minus Gaussian road/light/population rasters,test,global,Global,321173,49514,110286,0.15416613476226207,0.3433850292521476,0.4805431956270541,0.3750340025025842,0.835339499939411,0.5176595744680851,0.5428270136200537,0.8677179392474982,0.1490011113787969,0.003658783038838221,0.004587134487100564,0.004370319276837656,0.0035001610356213972,0.0018268208185927414,0.00021509721418519885
ablation_no_gaussian_smoothing,feature_ablation,legacy_sampled_case_control,False,CatBoost,full minus Gaussian road/light/population rasters,test,eastern_siberia,Eastern Siberia,128260,31267,67244,0.24377826290347732,0.5242788086698893,0.4805431956270541,0.4296888941764321,0.9241052867240221,0.5866146927754261,0.6276473050692424,0.854011623918276,0.18618494229735646,0.0018961178692249623,0.0031903915476012767,0.0024088944117354257,0.0035992887337654485,0.002729492117092516,0.0008853538900648921
ablation_no_gaussian_smoothing,feature_ablation,legacy_sampled_case_control,False,CatBoost,full minus Gaussian road/light/population rasters,test,far_east,Far East,10457,1230,2904,0.11762455771253706,0.27770871186764845,0.4805431956270541,0.296831955922865,0.7008130081300813,0.417029511369134,0.35000918464596303,0.8180830207565107,0.15111310679309398,0.00260431747532833,0.010347904114925095,0.00441805091830512,0.006565245223683463,0.002773484530158445,0.0004259481092646171
ablation_no_gaussian_smoothing,feature_ablation,legacy_sampled_case_control,False,CatBoost,full minus Gaussian road/light/population rasters,test,central_asia,Central Asia,45961,2503,12363,0.05445921542177063,0.2689889253932682,0.4805431956270541,0.12860956078621694,0.6352377147423093,0.21391093771021122,0.15432802454983582,0.7868213351305048,0.1469950422703464,0.00348121409980742,0.011038397869762457,0.005445237561415022,0.013988597922220555,0.007306289959791608,0.000591341792100115
ablation_no_gaussian_smoothing,feature_ablation,legacy_sampled_case_control,False,CatBoost,full minus Gaussian road/light/population rasters,test,europe,Europe,52062,2848,5884,0.05470400676116938,0.1130190926203373,0.4805431956270541,0.23538409245411285,0.4863061797752809,0.3172240036646816,0.21170025810456564,0.8390646075691899,0.08600863052587891,0.0018931002748062704,0.007109848805349209,0.00325122965865323,0.0066175908419405976,0.0017649324628840203,5.0237709185849796e-05
ablation_no_gaussian_smoothing,feature_ablation,legacy_sampled_case_control,False,CatBoost,full minus Gaussian road/light/population rasters,test_2021,global,Global,87238,24772,45521,0.28395882528256033,0.5218024255484995,0.4805431956270541,0.5052173722018409,0.9283868884224123,0.6543468055140625,0.6653825220140259,0.8607065841427942,0.17234114664587152,0.001346592628113867,0.002614763586004116,0.00047055150388354344,0.006231235405809923,0.001193202539780187,0.0006978493439667198
ablation_no_gaussian_smoothing,feature_ablation,legacy_sampled_case_control,False,CatBoost,full minus Gaussian road/light/population rasters,test_2021,eastern_siberia,Eastern Siberia,44639,19789,33662,0.4433119021483456,0.7540939537176012,0.4805431956270541,0.5786643693185194,0.9843347314164435,0.7288544648369535,0.7195828735693435,0.8020246335255456,0.20182513570511218,0.0010714156311337237,0.0009570585804465121,0.0005854411458110072,0.001868106773706797,0.0015619106063304977,0.0006616404637698357
ablation_no_gaussian_smoothing,feature_ablation,legacy_sampled_case_control,False,CatBoost,full minus Gaussian road/light/population rasters,test_2021,far_east,Far East,2141,270,634,0.12610929472209248,0.2961233068659505,0.4805431956270541,0.3280757097791798,0.7703703703703704,0.46017699115044247,0.43458016071322725,0.8440920878120236,0.1498738933373066,0.01988031422840417,0.0,0.019918477577668906,0.0552461146284076,0.01913374932286065,0.009018980586295723
ablation_no_gaussian_smoothing,feature_ablation,legacy_sampled_case_control,False,CatBoost,full minus Gaussian road/light/population rasters,test_2021,central_asia,Central Asia,10197,903,3784,0.08855545748749633,0.3710895361380798,0.4805431956270541,0.17283298097251584,0.7242524916943521,0.27906976744186046,0.20670131690296156,0.76621510775954,0.17077584411727614,0.0014760889336357997,0.010179831844324567,0.0026800562287171378,0.010527033101768741,0.0004082565691817251,0.00031308304126414767
ablation_no_gaussian_smoothing,feature_ablation,legacy_sampled_case_control,False,CatBoost,full minus Gaussian road/light/population rasters,test_2021,europe,Europe,11926,847,1498,0.07102129800436022,0.12560791547878586,0.4805431956270541,0.30507343124165553,0.5395513577331759,0.38976545842217486,0.27956900031210086,0.858163966353908,0.09331521666321918,0.012198218096523989,0.022540593969346864,0.01583798440787867,0.004405265823502151,0.0026178791553791605,0.00015709958008805724
ablation_no_gaussian_smoothing,feature_ablation,legacy_sampled_case_control,False,CatBoost,full minus Gaussian road/light/population rasters,test_2022,global,Global,58312,4923,13210,0.08442516120181094,0.22653999176841816,0.4805431956270541,0.2255109765329296,0.6051188299817185,0.3285722164010368,0.2530483837113629,0.8135452653133632,0.13286690399195614,0.0026684922771508532,0.0046051951409425175,0.003510768959623246,0.006538817370223471,0.0005594134281480949,0.0002967217626513302
ablation_no_gaussian_smoothing,feature_ablation,legacy_sampled_case_control,False,CatBoost,full minus Gaussian road/light/population rasters,test_2022,eastern_siberia,Eastern Siberia,18946,1456,5492,0.07684999472184102,0.2898764910799113,0.4805431956270541,0.16842680262199564,0.6353021978021978,0.2662636729994243,0.2230592262482213,0.7942131178569858,0.15849693760450353,0.005596747839428172,0.011655606283294697,0.0080229150057886,0.004473308049809116,0.006975578807559239,0.0014640254232615535
ablation_no_gaussian_smoothing,feature_ablation,legacy_sampled_case_control,False,CatBoost,full minus Gaussian road/light/population rasters,test_2022,far_east,Far East,2076,192,471,0.09248554913294797,0.22687861271676302,0.4805431956270541,0.2505307855626327,0.6145833333333334,0.3559577677224736,0.309539854563258,0.800828246638358,0.1407503909099544,0.013287947708186993,0.029462782549439452,0.018345677249778654,0.03648738582095895,0.02212836375130409,0.0038651623962431647
ablation_no_gaussian_smoothing,feature_ablation,legacy_sampled_case_control,False,CatBoost,full minus Gaussian road/light/population rasters,test_2022,central_asia,Central Asia,9862,698,2463,0.07077671871831272,0.2497465017237883,0.4805431956270541,0.15022330491270808,0.5300859598853869,0.2341031319202784,0.16332937458996552,0.7610058325902154,0.14640970939591927,0.01084470509475045,0.039508831613575005,0.01702477650646696,0.015797897285095442,0.005956072771077443,0.0007593915067143466
ablation_no_gaussian_smoothing,feature_ablation,legacy_sampled_case_control,False,CatBoost,full minus Gaussian road/light/population rasters,test_2022,europe,Europe,10330,382,917,0.036979670861568247,0.08877057115198451,0.4805431956270541,0.15376226826608505,0.36910994764397903,0.21709006928406466,0.15003809396658202,0.8543828431403508,0.076532618284508,0.015860092386382346,0.03517023257210578,0.0218973019305642,0.026084332579426016,0.01384856283822701,0.0010779904615774501
ablation_no_gaussian_smoothing,feature_ablation,legacy_sampled_case_control,False,CatBoost,full minus Gaussian road/light/population rasters,test_2023,global,Global,60888,6898,19673,0.11328997503613192,0.32310143213769543,0.4805431956270541,0.2885680882427693,0.8229921716439548,0.42730796733280646,0.40570226783686786,0.8436170836056267,0.14810041392041484,0.0012890431207949237,0.004368709151196701,0.0020034668040819882,1.4830927425580211e-05,0.0011835982402675343,0.0005919163258759453
ablation_no_gaussian_smoothing,feature_ablation,legacy_sampled_case_control,False,CatBoost,full minus Gaussian road/light/population rasters,test_2023,eastern_siberia,Eastern Siberia,18853,1391,7381,0.07378136105659577,0.39150267861878746,0.4805431956270541,0.1577022083728492,0.8368080517613228,0.265389876880985,0.32065501979688216,0.818331225301715,0.1814300860075484,0.0004280403654322006,0.00508344199271426,0.00035566336149207676,0.003987824850444833,0.0010353925073523283,0.0019139685192463474
ablation_no_gaussian_smoothing,feature_ablation,legacy_sampled_case_control,False,CatBoost,full minus Gaussian road/light/population rasters,test_2023,far_east,Far East,2267,333,728,0.14689016321129245,0.3211292456991619,0.4805431956270541,0.35302197802197804,0.7717717717717718,0.48444863336475025,0.3610821222863789,0.8227226709646565,0.15669147227679275,0.01249882509956181,0.02123443787346989,0.01594977701924543,0.008325823656298994,0.006205638203766836,0.0007989014031438266
ablation_no_gaussian_smoothing,feature_ablation,legacy_sampled_case_control,False,CatBoost,full minus Gaussian road/light/population rasters,test_2023,central_asia,Central Asia,9281,411,2810,0.044284021118413966,0.3027690981575261,0.4805431956270541,0.1195729537366548,0.8175182481751825,0.20863085998137224,0.15192047845197565,0.8311106356481976,0.1478108063600533,0.001030877002295312,0.0034409089108834385,0.0014709621682198661,0.010117908156866737,0.01209099314110964,0.0004722941847596076
ablation_no_gaussian_smoothing,feature_ablation,legacy_sampled_case_control,False,CatBoost,full minus Gaussian road/light/population rasters,test_2023,europe,Europe,10456,494,1100,0.04724560061208875,0.10520275439938791,0.4805431956270541,0.24363636363636362,0.5425101214574899,0.33626097867001253,0.20177280882394416,0.8539605358662513,0.07841448399239359,0.011461311520213706,0.03292197564228869,0.017221772423225718,0.016847284400697302,0.010156519863528434,0.00021216733650030798
ablation_no_gaussian_smoothing,feature_ablation,legacy_sampled_case_control,False,CatBoost,full minus Gaussian road/light/population rasters,test_2024,global,Global,65063,9134,21353,0.1403870095138558,0.3281896008484085,0.4805431956270541,0.32674565634805414,0.7638493540617474,0.45770328336668087,0.43115236070282065,0.8364192686774826,0.1496771989692356,5.211006243106548e-05,0.004029098468299428,0.0007839622873337263,0.00615958116063165,0.0010628030325200049,0.0004572186077532512
ablation_no_gaussian_smoothing,feature_ablation,legacy_sampled_case_control,False,CatBoost,full minus Gaussian road/light/population rasters,test_2024,eastern_siberia,Eastern Siberia,26660,6189,14319,0.23214553638409602,0.5370967741935484,0.4805431956270541,0.3653886444584119,0.8453708191953466,0.5102399063779989,0.4821390043845903,0.7746055352026111,0.20102188910712207,0.0005692124317024577,0.00426426661064471,0.001334988613257572,0.0036569071276174752,6.729670327129312e-05,3.670231748328685e-05
ablation_no_gaussian_smoothing,feature_ablation,legacy_sampled_case_control,False,CatBoost,full minus Gaussian road/light/population rasters,test_2024,far_east,Far East,2229,298,823,0.13369223867205024,0.36922386720502465,0.4805431956270541,0.244228432563791,0.674496644295302,0.3586083853702052,0.2947095034360606,0.7521792095760099,0.1818816684891356,0.019290749632351754,0.045083989404511395,0.02712348051003137,0.0037403381525548222,0.01815328233183912,0.003814643632421862
ablation_no_gaussian_smoothing,feature_ablation,legacy_sampled_case_control,False,CatBoost,full minus Gaussian road/light/population rasters,test_2024,central_asia,Central Asia,9003,187,1574,0.020770854159724537,0.17483061201821615,0.4805431956270541,0.0590851334180432,0.49732620320855614,0.10562180579216354,0.08277355307695192,0.8045893101507224,0.12256955822538905,0.009412824011026414,0.06428243465332252,0.01648237415572852,0.015097779198980645,0.015598158160430515,0.0013397068053501743
ablation_no_gaussian_smoothing,feature_ablation,legacy_sampled_case_control,False,CatBoost,full minus Gaussian road/light/population rasters,test_2024,europe,Europe,10472,493,1192,0.04707792207792208,0.11382734912146678,0.4805431956270541,0.18959731543624161,0.45841784989858014,0.26824925816023737,0.16988123571111396,0.8025904094338476,0.08536914669717925,0.0010432673066097834,0.031554460823740436,0.006289434988724949,0.0025787313292012374,0.014453897226707967,3.689485195549717e-05
ablation_no_gaussian_smoothing,feature_ablation,legacy_sampled_case_control,False,CatBoost,full minus Gaussian road/light/population rasters,test_2025,global,Global,49672,3787,10529,0.07624013528748591,0.21197052665485586,0.4805431956270541,0.25928388260993446,0.7208872458410351,0.38139145012573344,0.4217539567970384,0.8512103239465122,0.12716855550147482,0.004923880014710204,0.003245736044790638,0.004885005956140263,0.002658657384487483,0.00479992471913601,0.00032109029082095657
ablation_no_gaussian_smoothing,feature_ablation,legacy_sampled_case_control,False,CatBoost,full minus Gaussian road/light/population rasters,test_2025,eastern_siberia,Eastern Siberia,19162,2442,6390,0.12743972445464982,0.33347249765160214,0.4805431956270541,0.3276995305164319,0.8574938574938575,0.4741847826086957,0.5311975058613418,0.8720360203613791,0.16116170083328105,0.003225465470297159,0.0014478025822820307,0.003588043876067843,0.0009901235932992004,0.004254496042809794,0.0009614421976346386
ablation_no_gaussian_smoothing,feature_ablation,legacy_sampled_case_control,False,CatBoost,full minus Gaussian road/light/population rasters,test_2025,far_east,Far East,1744,137,248,0.07855504587155963,0.14220183486238533,0.4805431956270541,0.31451612903225806,0.5693430656934306,0.4051948051948052,0.3883178928280452,0.8370405025458874,0.11839342537693374,0.019693008415718888,0.06709772376222713,0.032396839917517455,0.09736981752744413,0.03878249075816828,0.0030616950960405467
ablation_no_gaussian_smoothing,feature_ablation,legacy_sampled_case_control,False,CatBoost,full minus Gaussian road/light/population rasters,test_2025,central_asia,Central Asia,7618,304,1732,0.039905487004463114,0.2273562614859543,0.4805431956270541,0.07909930715935334,0.4506578947368421,0.13457760314341846,0.08368236981939277,0.7257384450153275,0.14379357767526094,0.004023379976496669,0.023260091486399584,0.00686038747043382,0.0033481059360488466,0.0112282255956326,0.0005616916260595033
ablation_no_gaussian_smoothing,feature_ablation,legacy_sampled_case_control,False,CatBoost,full minus Gaussian road/light/population rasters,test_2025,europe,Europe,8878,632,1177,0.07118720432529849,0.1325749042577157,0.4805431956270541,0.24893797790994052,0.46360759493670883,0.32393587617468217,0.24256808081737447,0.8105810603990581,0.09691761126339929,0.009327752166888857,0.012307238280145592,0.010908369792142414,0.016256214998544263,0.0005671538377948186,0.0005003552890860404
ablation_no_gaussian_smoothing,feature_ablation,legacy_sampled_case_control,False,CatBoost,full minus Gaussian road/light/population rasters,test_2021-2023,global,Global,206438,36593,78404,0.17725903176740718,0.37979441769441674,0.4805431956270541,0.40372940156114484,0.8650288306506709,0.5505187091837178,0.5783755458218588,0.8707709733049318,0.1540412611024022,0.002783425596188985,0.003989318934761898,0.0033920393592993853,0.002581693189387523,0.0036807134163763747,0.0012608221546660926
ablation_no_gaussian_smoothing,feature_ablation,legacy_sampled_case_control,False,CatBoost,full minus Gaussian road/light/population rasters,test_2021-2023,eastern_siberia,Eastern Siberia,82438,22636,46535,0.2745821101919018,0.5644848249593634,0.4805431956270541,0.4634791017513699,0.9528185191729988,0.6236139422590392,0.6670379896996329,0.862540034186208,0.18720319056861806,0.00029874567925638866,0.0024462907579287587,0.00025587260417188985,0.0025029688549722613,0.0012675315006894902,0.00043165067929074806
ablation_no_gaussian_smoothing,feature_ablation,legacy_sampled_case_control,False,CatBoost,full minus Gaussian road/light/population rasters,test_2021-2023,far_east,Far East,6484,795,1833,0.12260950030845158,0.28269586674892044,0.4805431956270541,0.3180578286961266,0.7333333333333333,0.4436834094368341,0.37051619045282175,0.8281998472170171,0.14933642578897718,0.0014137580990679762,0.0,0.0013917235960148166,0.00562013996521837,0.004503730910086902,0.0017138555369994848
ablation_no_gaussian_smoothing,feature_ablation,legacy_sampled_case_control,False,CatBoost,full minus Gaussian road/light/population rasters,test_2021-2023,central_asia,Central Asia,29340,2012,9057,0.06857532379004772,0.30869120654396726,0.4805431956270541,0.15016009716241582,0.6759443339960238,0.24573132170927817,0.17693503732815524,0.7816235181853841,0.15532126551990713,0.0009455448882213093,0.009792295074740756,0.0006092833453431677,0.005319365790673079,0.00039934786091338744,0.0005979808977456272
ablation_no_gaussian_smoothing,feature_ablation,legacy_sampled_case_control,False,CatBoost,full minus Gaussian road/light/population rasters,test_2021-2023,europe,Europe,32712,1723,3515,0.052671802396674,0.10745292247493275,0.4805431956270541,0.24637268847795163,0.5026117237376668,0.33066055746468115,0.21738349429144432,0.8583322968569885,0.08325266157462054,0.00031115603329943476,0.016116393873197635,0.0038154936532378107,0.002744815147203751,0.006723191689025149,0.00027163116253381663
ablation_no_gaussian_smoothing,feature_ablation,legacy_sampled_case_control,False,CatBoost,full minus Gaussian road/light/population rasters,test_2021-2025,global,Global,321173,49514,110286,0.15416613476226207,0.3433850292521476,0.4805431956270541,0.3750340025025842,0.835339499939411,0.5176595744680851,0.5428270136200537,0.8677179392474982,0.1490011113787969,0.006162620121478128,0.007798128628070888,0.007359094631355864,0.0005978004631060078,0.002322913027664894,0.001049363422186218
ablation_no_gaussian_smoothing,feature_ablation,legacy_sampled_case_control,False,CatBoost,full minus Gaussian road/light/population rasters,test_2021-2025,eastern_siberia,Eastern Siberia,128260,31267,67244,0.24377826290347732,0.5242788086698893,0.4805431956270541,0.4296888941764321,0.9241052867240221,0.5866146927754261,0.6276473050692424,0.854011623918276,0.18618494229735646,0.0019051826850183086,0.0017402135714188855,0.0014305181308794182,0.0017184063667020299,0.0005492630587786057,0.0001758117733297396
ablation_no_gaussian_smoothing,feature_ablation,legacy_sampled_case_control,False,CatBoost,full minus Gaussian road/light/population rasters,test_2021-2025,far_east,Far East,10457,1230,2904,0.11762455771253706,0.27770871186764845,0.4805431956270541,0.296831955922865,0.7008130081300813,0.417029511369134,0.35000918464596303,0.8180830207565107,0.15111310679309398,0.0012037609004492225,0.0011497671238805398,0.0009852920649338014,0.005661769464069862,0.002233273418875994,0.0008633124785012883
ablation_no_gaussian_smoothing,feature_ablation,legacy_sampled_case_control,False,CatBoost,full minus Gaussian road/light/population rasters,test_2021-2025,central_asia,Central Asia,45961,2503,12363,0.05445921542177063,0.2689889253932682,0.4805431956270541,0.12860956078621694,0.6352377147423093,0.21391093771021122,0.15432802454983582,0.7868213351305048,0.1469950422703464,0.0016392838890402527,0.012337032913263908,0.0029754584179732435,0.0026792067746878845,0.002706250776233242,0.00012164345113259715
ablation_no_gaussian_smoothing,feature_ablation,legacy_sampled_case_control,False,CatBoost,full minus Gaussian road/light/population rasters,test_2021-2025,europe,Europe,52062,2848,5884,0.05470400676116938,0.1130190926203373,0.4805431956270541,0.23538409245411285,0.4863061797752809,0.3172240036646816,0.21170025810456564,0.8390646075691899,0.08600863052587891,0.000726260290305414,0.0025853995655815377,0.001202933574445458,0.0023078095543037098,0.002318565708481029,0.0006731768938331239
ablation_static_only,feature_ablation,legacy_sampled_case_control,False,CatBoost,static non-weather features,validation,global,Global,147424,28826,52231,0.19553125678315605,0.35429102452789235,0.44845285685006103,0.3675786410369321,0.6660306667591758,0.47371602699335036,0.4207609876794155,0.7683430034503804,0.17305311769405177,0.0036816897440829503,0.012294364899178033,0.0061464163460180875,0.016133128056416583,0.0038360135119729845,8.296248090115285e-05
ablation_static_only,feature_ablation,legacy_sampled_case_control,False,CatBoost,static non-weather features,test,global,Global,321173,49514,103404,0.15416613476226207,0.32195732517988745,0.44845285685006103,0.3354609106030714,0.7005695358888395,0.45368105782183915,0.4475095859880401,0.8037379537438616,0.15967572308948674,0.0012842552799214476,0.002752280692260323,0.0017516273748786823,0.005492582962707419,0.0009648112889564775,4.773786371410455e-05
ablation_static_only,feature_ablation,legacy_sampled_case_control,False,CatBoost,static non-weather features,test,eastern_siberia,Eastern Siberia,128260,31267,69697,0.24377826290347732,0.5434040230781225,0.44845285685006103,0.3829433117637775,0.853615633095596,0.528703300186205,0.5409341884909721,0.7894175905754302,0.19954067659339592,0.00021077728407412568,0.0030453737499831083,0.0003876835700419588,0.0014124004223235636,0.0009275088648844049,7.167040036138173e-05
ablation_static_only,feature_ablation,legacy_sampled_case_control,False,CatBoost,static non-weather features,test,far_east,Far East,10457,1230,4270,0.11762455771253706,0.40833891173376685,0.44845285685006103,0.21053864168618266,0.7308943089430894,0.3269090909090909,0.23839487321822866,0.7339355338389193,0.19334933929298986,0.0003821870421703703,0.0022995342477610797,0.000690662711220836,0.0013798833675841577,0.004337046947918481,0.0005800291892474125
ablation_static_only,feature_ablation,legacy_sampled_case_control,False,CatBoost,static non-weather features,test,central_asia,Central Asia,45961,2503,6636,0.05445921542177063,0.14438328147777463,0.44845285685006103,0.16184448462929477,0.42908509788254096,0.23503665608928767,0.17538467827801327,0.775127539437373,0.12962644697336756,0.005456387757077681,0.015583620522017576,0.008091221725398686,0.016963510789956865,0.005389891664672719,0.00012383182712423008
ablation_static_only,feature_ablation,legacy_sampled_case_control,False,CatBoost,static non-weather features,test,europe,Europe,52062,2848,2926,0.05470400676116938,0.05620222042948792,0.44845285685006103,0.21428571428571427,0.22015449438202248,0.2171804641496363,0.1467165533129345,0.7400592047149733,0.09091353644458526,0.00014089885631183717,0.0019390496741861535,0.0008957696506943222,0.00636375300005334,0.0020394072382499484,0.0001817282733320557
ablation_static_only,feature_ablation,legacy_sampled_case_control,False,CatBoost,static non-weather features,test_2021,global,Global,87238,24772,41243,0.28395882528256033,0.4727641624062908,0.44845285685006103,0.5035278713963581,0.8383255288228645,0.6291600393849882,0.611238163449995,0.8204804398575871,0.17792108771087523,0.002061273938325608,0.0013696380688593324,0.0012163693959668768,0.004158072601991884,0.0019290620696248218,7.993081199924351e-05
ablation_static_only,feature_ablation,legacy_sampled_case_control,False,CatBoost,static non-weather features,test_2021,eastern_siberia,Eastern Siberia,44639,19789,32508,0.4433119021483456,0.7282421201191783,0.44845285685006103,0.5675218407776548,0.9322856132194653,0.7055471633172075,0.6766241693181938,0.7635595380357337,0.21113201582347865,0.002055681296003415,0.0023128915694122735,0.002249116836141281,0.0021752104501391043,0.001911742565663606,0.0005288446516003079
ablation_static_only,feature_ablation,legacy_sampled_case_control,False,CatBoost,static non-weather features,test_2021,far_east,Far East,2141,270,841,0.12610929472209248,0.3928070994862214,0.44845285685006103,0.22473246135552913,0.7,0.3402340234023402,0.3228716497134366,0.7589623295128372,0.18591235601238248,0.012300915542604486,0.010475656017578498,0.01549346791157851,0.047906615846603155,0.021583294757222232,0.004669312130454894
ablation_static_only,feature_ablation,legacy_sampled_case_control,False,CatBoost,static non-weather features,test_2021,central_asia,Central Asia,10197,903,1988,0.08855545748749633,0.19495930175541826,0.44845285685006103,0.2193158953722334,0.48283499446290146,0.30162573503977863,0.24914956493752718,0.7768295481598888,0.14267543970623534,0.0038023847319643687,0.00861370386827467,0.005276277511150624,0.019733387720792143,0.001006339172904012,0.00014718274468779742
ablation_static_only,feature_ablation,legacy_sampled_case_control,False,CatBoost,static non-weather features,test_2021,europe,Europe,11926,847,822,0.07102129800436022,0.0689250377326849,0.44845285685006103,0.2141119221411192,0.2077922077922078,0.21090473337327742,0.1531262673763577,0.7188014743955959,0.10107637100352719,0.002419825517383041,0.008348368136795127,0.005439367889141181,0.0035293747122889726,0.003529274702039802,2.4771303626136356e-05
ablation_static_only,feature_ablation,legacy_sampled_case_control,False,CatBoost,static non-weather features,test_2022,global,Global,58312,4923,14075,0.08442516120181094,0.24137398820139938,0.44845285685006103,0.16376554174067495,0.46821044078813734,0.24265712180229498,0.19783269583163576,0.7434676109522447,0.1510660375100227,0.0027632548148804345,0.007117119763274903,0.003987490104526308,0.0013071672605369038,0.0024335370086241486,0.0006096414334373637
ablation_static_only,feature_ablation,legacy_sampled_case_control,False,CatBoost,static non-weather features,test_2022,eastern_siberia,Eastern Siberia,18946,1456,7340,0.07684999472184102,0.3874168689960942,0.44845285685006103,0.117574931880109,0.5927197802197802,0.19622555707139608,0.21863527346459996,0.6905781718281718,0.19320731871947971,0.00276531000090616,0.013598207330510481,0.004596674806373858,0.0015343790834442834,0.007281338547859668,0.0009561953399633815
ablation_static_only,feature_ablation,legacy_sampled_case_control,False,CatBoost,static non-weather features,test_2022,far_east,Far East,2076,192,828,0.09248554913294797,0.3988439306358382,0.44845285685006103,0.17391304347826086,0.75,0.2823529411764706,0.2030898861571048,0.7452768378450105,0.18928314935020984,0.0014522225437617255,0.02209708691207961,0.0034353196791230716,0.009692932751571041,0.007427271914582913,1.1892638662379842e-05
ablation_static_only,feature_ablation,legacy_sampled_case_control,False,CatBoost,static non-weather features,test_2022,central_asia,Central Asia,9862,698,1610,0.07077671871831272,0.1632528898803488,0.44845285685006103,0.1701863354037267,0.39255014326647564,0.23743500866551126,0.18004251979107533,0.7567494237448393,0.13627590581269577,0.006657586283115533,0.02330008018236474,0.010789933925276187,0.021127527669585332,0.004685397483770806,0.0003229953559860486
ablation_static_only,feature_ablation,legacy_sampled_case_control,False,CatBoost,static non-weather features,test_2022,europe,Europe,10330,382,485,0.036979670861568247,0.04695062923523717,0.44845285685006103,0.2020618556701031,0.25654450261780104,0.22606689734717417,0.15415637768340532,0.8216255944524091,0.08028790498923254,0.03832428061168274,0.05182981642205062,0.04410146179920065,0.03370059344409581,0.01023258538931508,6.79806658097494e-05
ablation_static_only,feature_ablation,legacy_sampled_case_control,False,CatBoost,static non-weather features,test_2023,global,Global,60888,6898,15728,0.11328997503613192,0.25831034029693867,0.44845285685006103,0.24459562563580875,0.5576978834444767,0.3400512684522231,0.3265493796814285,0.7767276268260753,0.1485676682319906,0.0031045577237832477,0.009049468956050265,0.0046849598994623725,0.007762668171754331,0.004521206443963103,0.0009218503928062598
ablation_static_only,feature_ablation,legacy_sampled_case_control,False,CatBoost,static non-weather features,test_2023,eastern_siberia,Eastern Siberia,18853,1391,7064,0.07378136105659577,0.37468837850739933,0.44845285685006103,0.13590033975084936,0.6901509705248023,0.22708456534594915,0.27962035817443154,0.7606628990250247,0.17155572226169272,0.0012712442983756444,0.001525032597814223,0.0018578738235386003,0.011279508900866875,0.004314754065686268,0.00017141400246895738
ablation_static_only,feature_ablation,legacy_sampled_case_control,False,CatBoost,static non-weather features,test_2023,far_east,Far East,2267,333,927,0.14689016321129245,0.40891045434494927,0.44845285685006103,0.255663430420712,0.7117117117117117,0.3761904761904762,0.25442647698337506,0.7235490402501777,0.19596738987981904,0.0049907037874309815,0.02123443787346989,0.008346108748407615,0.0032558751118618103,0.009770147126011906,0.00076644782103856
ablation_static_only,feature_ablation,legacy_sampled_case_control,False,CatBoost,static non-weather features,test_2023,central_asia,Central Asia,9281,411,1347,0.044284021118413966,0.14513522249757568,0.44845285685006103,0.1633259094283593,0.5352798053527981,0.2502844141069397,0.16543176892241485,0.811784851202967,0.1244085285550992,0.004198913682151619,0.013763635643533754,0.006435248590305522,0.012634638933442351,0.004771885063447335,0.000809100309051861
ablation_static_only,feature_ablation,legacy_sampled_case_control,False,CatBoost,static non-weather features,test_2023,europe,Europe,10456,494,506,0.04724560061208875,0.04839326702371844,0.44845285685006103,0.22134387351778656,0.22672064777327935,0.224,0.14634194565619718,0.7494830558551646,0.08354474751322451,0.0015342166466131319,0.0057255609812675865,0.0036797887439985535,0.0026749802007452915,0.008792230526117922,0.0006625112054180858
ablation_static_only,feature_ablation,legacy_sampled_case_control,False,CatBoost,static non-weather features,test_2024,global,Global,65063,9134,18556,0.1403870095138558,0.28520049797888203,0.44845285685006103,0.2809872817417547,0.5708342456754981,0.37659804983748646,0.3219399711131751,0.7469343786199449,0.15893403892336608,0.004784219017536743,0.01032456482501727,0.006547699698611921,0.001101924212555853,0.00426386018777886,0.0007469083304122974
ablation_static_only,feature_ablation,legacy_sampled_case_control,False,CatBoost,static non-weather features,test_2024,eastern_siberia,Eastern Siberia,26660,6189,13031,0.23214553638409602,0.4887846961740435,0.44845285685006103,0.3307497505947356,0.6963968330909679,0.44849115504682624,0.3937070382344834,0.6999668353181272,0.20352123461364305,0.0017632241348208434,0.0031981999579835524,0.0022840605963255567,0.0007919382361714289,0.001732875233748363,0.00017953640373931162
ablation_static_only,feature_ablation,legacy_sampled_case_control,False,CatBoost,static non-weather features,test_2024,far_east,Far East,2229,298,1009,0.13369223867205024,0.452669358456707,0.44845285685006103,0.22398414271555997,0.7583892617449665,0.3458301453710788,0.2425946342839892,0.7073924558336433,0.20196819762874826,0.01143665195050908,0.016609890833240985,0.015240108438769811,0.005729709258515178,0.011950224780148698,0.0037518105654950518
ablation_static_only,feature_ablation,legacy_sampled_case_control,False,CatBoost,static non-weather features,test_2024,central_asia,Central Asia,9003,187,827,0.020770854159724537,0.09185826946573364,0.44845285685006103,0.060459492140266025,0.26737967914438504,0.09861932938856016,0.08713829219562108,0.743992449314324,0.11436711433579586,0.0016801650991121037,0.015125278741958258,0.003270803669440645,0.02497925705734548,0.005768485532004267,0.0007358675406959158
ablation_static_only,feature_ablation,legacy_sampled_case_control,False,CatBoost,static non-weather features,test_2024,europe,Europe,10472,493,469,0.04707792207792208,0.04478609625668449,0.44845285685006103,0.17697228144989338,0.16835699797160245,0.17255717255717257,0.12378383713169991,0.7206845328536783,0.08563607185347415,0.016346974809636497,0.008605762042838307,0.012393567488841658,0.009211231661244402,0.008725562000461007,0.00033030740884819494
ablation_static_only,feature_ablation,legacy_sampled_case_control,False,CatBoost,static non-weather features,test_2025,global,Global,49672,3787,13802,0.07624013528748591,0.27786277983572233,0.44845285685006103,0.18511809882625707,0.6746765249537893,0.2905224856444369,0.29144084326743425,0.7783426402195659,0.15232676004657636,0.0021568849896791936,0.002782059466963494,0.0023963053176709,0.0005528226455345975,0.0016774300186171505,0.00042766845898134027
ablation_static_only,feature_ablation,legacy_sampled_case_control,False,CatBoost,static non-weather features,test_2025,eastern_siberia,Eastern Siberia,19162,2442,9754,0.12743972445464982,0.5090282851476882,0.44845285685006103,0.2161164650399836,0.8632268632268633,0.34568711052804196,0.37882444858447917,0.7986005103080462,0.20079548682110515,0.004287998788631568,0.015636267888646027,0.006738081925474886,0.001476560933115266,0.006558926698417198,0.0009776840682580328
ablation_static_only,feature_ablation,legacy_sampled_case_control,False,CatBoost,static non-weather features,test_2025,far_east,Far East,1744,137,665,0.07855504587155963,0.38130733944954126,0.44845285685006103,0.1548872180451128,0.7518248175182481,0.256857855361596,0.21749679761099988,0.7523289985873846,0.1929006211818915,0.01643103430749178,0.08774317722752785,0.027721066562590727,0.0492342207328641,0.07189454777442789,0.0045323634338026815
ablation_static_only,feature_ablation,legacy_sampled_case_control,False,CatBoost,static non-weather features,test_2025,central_asia,Central Asia,7618,304,864,0.039905487004463114,0.11341559464426358,0.44845285685006103,0.1087962962962963,0.3092105263157895,0.16095890410958905,0.10005122243399914,0.7110282371227494,0.1279422425372293,0.015052094176059282,0.03954215552687933,0.021833006505201157,0.013216636813263337,0.018136447325374415,0.0015930651705411238
ablation_static_only,feature_ablation,legacy_sampled_case_control,False,CatBoost,static non-weather features,test_2025,europe,Europe,8878,632,644,0.07118720432529849,0.07253886010362694,0.44845285685006103,0.2453416149068323,0.25,0.2476489028213166,0.170580001769862,0.7062246520752679,0.10452859324209324,0.019921669974683417,0.0313275156221888,0.02555449219736816,0.007513738097217228,0.005854574389235592,0.0011552676677219211
ablation_static_only,feature_ablation,legacy_sampled_case_control,False,CatBoost,static non-weather features,test_2021-2023,global,Global,206438,36593,71046,0.17725903176740718,0.3441517550063457,0.44845285685006103,0.3788953635672663,0.7356324980187467,0.5001718707903269,0.498463375511795,0.8187923774021828,0.1616777473736193,0.0009124016734258541,0.0025930573075952966,0.0013958363307713492,0.0025674852901753295,7.036159755943425e-05,0.00014811078769010142
ablation_static_only,feature_ablation,legacy_sampled_case_control,False,CatBoost,static non-weather features,test_2021-2023,eastern_siberia,Eastern Siberia,82438,22636,46912,0.2745821101919018,0.5690579587083626,0.44845285685006103,0.4321282401091405,0.8955645873829299,0.5829642836602059,0.5982727294302039,0.8121708984881894,0.197961716036333,0.0009640476248422059,0.0020600343224663024,0.0013136535927480565,0.00133359611215725,0.00140867253436272,0.00030222972519180574
ablation_static_only,feature_ablation,legacy_sampled_case_control,False,CatBoost,static non-weather features,test_2021-2023,far_east,Far East,6484,795,2596,0.12260950030845158,0.40037014188772363,0.44845285685006103,0.21956856702619415,0.7169811320754716,0.3361840165143026,0.2509330721097444,0.739850489358809,0.19050713219171747,0.0006375188760727855,0.008894424920585502,0.0017460559920814884,0.004641439898345832,0.0019729082101048304,0.0020857430842398297
ablation_static_only,feature_ablation,legacy_sampled_case_control,False,CatBoost,static non-weather features,test_2021-2023,central_asia,Central Asia,29340,2012,4945,0.06857532379004772,0.1685412406271302,0.44845285685006103,0.18806875631951467,0.46222664015904574,0.26735661923242776,0.20254005165353223,0.7801877442895321,0.1347460802770676,0.006266265767761814,0.012884598782553712,0.008485066682318798,0.020113803588561713,0.00699197679370842,0.0012291018138179028
ablation_static_only,feature_ablation,legacy_sampled_case_control,False,CatBoost,static non-weather features,test_2021-2023,europe,Europe,32712,1723,1813,0.052671802396674,0.055423086329175836,0.44845285685006103,0.21290678433535576,0.2240278583865351,0.21832579185520362,0.1466676214947989,0.7547282377752711,0.08890788515300542,0.006589414137990619,0.021488525164263545,0.01374022902708437,0.0010603525173193548,0.010797726587334217,0.0006525714226237983
ablation_static_only,feature_ablation,legacy_sampled_case_control,False,CatBoost,static non-weather features,test_2021-2025,global,Global,321173,49514,103404,0.15416613476226207,0.32195732517988745,0.44845285685006103,0.3354609106030714,0.7005695358888395,0.45368105782183915,0.4475095859880401,0.8037379537438616,0.15967572308948674,0.0010029997545525332,0.00022935672435503998,0.000964399045547961,0.004592434825434821,0.00148080629825065,6.273026496579398e-05
ablation_static_only,feature_ablation,legacy_sampled_case_control,False,CatBoost,static non-weather features,test_2021-2025,eastern_siberia,Eastern Siberia,128260,31267,69697,0.24377826290347732,0.5434040230781225,0.44845285685006103,0.3829433117637775,0.853615633095596,0.528703300186205,0.5409341884909721,0.7894175905754302,0.19954067659339592,0.0006149015264957253,0.005220640714256656,0.0015847526738737817,0.0015712727976180513,0.0017776809771445114,0.0001605106485749921
ablation_static_only,feature_ablation,legacy_sampled_case_control,False,CatBoost,static non-weather features,test_2021-2025,far_east,Far East,10457,1230,4270,0.11762455771253706,0.40833891173376685,0.44845285685006103,0.21053864168618266,0.7308943089430894,0.3269090909090909,0.23839487321822866,0.7339355338389193,0.19334933929298986,0.0033977447819851917,0.013797205486566714,0.005473808946646001,0.0013930197042509704,0.003230737208285577,8.247072528427889e-05
ablation_static_only,feature_ablation,legacy_sampled_case_control,False,CatBoost,static non-weather features,test_2021-2025,central_asia,Central Asia,45961,2503,6636,0.05445921542177063,0.14438328147777463,0.44845285685006103,0.16184448462929477,0.42908509788254096,0.23503665608928767,0.17538467827801327,0.775127539437373,0.12962644697336756,0.0019705079638556214,0.0006493175217507258,0.0021815605944388184,0.005988918165936759,0.0037077297469734795,0.00013468241898392352
ablation_static_only,feature_ablation,legacy_sampled_case_control,False,CatBoost,static non-weather features,test_2021-2025,europe,Europe,52062,2848,2926,0.05470400676116938,0.05620222042948792,0.44845285685006103,0.21428571428571427,0.22015449438202248,0.2171804641496363,0.1467165533129345,0.7400592047149733,0.09091353644458526,0.0026751914271816663,0.0025853995655815377,0.0026311734312473994,0.004411611046055134,0.003518514657919714,0.00042286919877538513
ablation_dynamic_weather_fwi_only,feature_ablation,legacy_sampled_case_control,False,CatBoost,meteorology plus fire-weather variables,validation,global,Global,147424,28826,77498,0.19553125678315605,0.5256810288691122,0.41254350851141697,0.30567240444914706,0.8217928259210435,0.4456002407734848,0.3700892076364626,0.7401747399422725,0.18087843460226766,0.00024399201616321346,0.0005423984514343758,0.00033886161579917167,0.00621732827685137,0.002492614575341359,0.0003683674989619903
ablation_dynamic_weather_fwi_only,feature_ablation,legacy_sampled_case_control,False,CatBoost,meteorology plus fire-weather variables,test,global,Global,321173,49514,172595,0.15416613476226207,0.5373895065899064,0.41254350851141697,0.26762073061212666,0.9328674718261502,0.41592191221427316,0.48220962013270774,0.8442549625085876,0.17379738154950355,0.00034333227169353,0.0041284210383904845,7.561799812875535e-06,0.0022182071167536647,0.0024400589032212965,0.0002502910347399406
ablation_dynamic_weather_fwi_only,feature_ablation,legacy_sampled_case_control,False,CatBoost,meteorology plus fire-weather variables,test,eastern_siberia,Eastern Siberia,128260,31267,87294,0.24377826290347732,0.6806019023857789,0.41254350851141697,0.3483286365615048,0.9724949627402693,0.512934270122553,0.5649907154698324,0.8297566963220231,0.19877293551559713,0.00243743842630964,0.004060498333310837,0.0032090447135857013,0.011030922318412734,0.005415284246573042,0.0008900806724174737
ablation_dynamic_weather_fwi_only,feature_ablation,legacy_sampled_case_control,False,CatBoost,meteorology plus fire-weather variables,test,far_east,Far East,10457,1230,4443,0.11762455771253706,0.42488285359089606,0.41254350851141697,0.21089354040063021,0.7617886178861789,0.33033668253128856,0.29171372189096745,0.7743986585850469,0.16734260978127072,0.0026801503425155403,0.005173952057462548,0.0037776736302792004,0.0030280309237576625,0.00414595906621578,0.0005807224186516298
ablation_dynamic_weather_fwi_only,feature_ablation,legacy_sampled_case_control,False,CatBoost,meteorology plus fire-weather variables,test,central_asia,Central Asia,45961,2503,28147,0.05445921542177063,0.612410521964274,0.41254350851141697,0.07613600028422211,0.8561725928885338,0.139836867862969,0.08600611580265748,0.6720934970078797,0.1893134784517394,0.0013800893692019257,0.007791810261008788,0.0024320719316417894,0.0009067814785393791,0.008927111612427954,0.0009341281886500388
ablation_dynamic_weather_fwi_only,feature_ablation,legacy_sampled_case_control,False,CatBoost,meteorology plus fire-weather variables,test,europe,Europe,52062,2848,16560,0.05470400676116938,0.3180822865045523,0.41254350851141697,0.12657004830917876,0.7359550561797753,0.2159934047815334,0.15283672471405546,0.7783321831836926,0.1315455319779311,0.0008868490333858676,0.0,0.0012881967242290692,0.0021316821500071696,0.001972826977301487,4.634479652589607e-05
ablation_dynamic_weather_fwi_only,feature_ablation,legacy_sampled_case_control,False,CatBoost,meteorology plus fire-weather variables,test_2021,global,Global,87238,24772,58658,0.28395882528256033,0.6723904720420001,0.41254350851141697,0.41167445190766816,0.9748102696592927,0.578880498621599,0.6212787369421915,0.8408343543053414,0.19032072289456745,0.0012292342000119515,0.0012451255171448618,0.0009968053338051026,0.00273545037776666,0.0005486081628819382,0.0007455675429484883
ablation_dynamic_weather_fwi_only,feature_ablation,legacy_sampled_case_control,False,CatBoost,meteorology plus fire-weather variables,test_2021,eastern_siberia,Eastern Siberia,44639,19789,37312,0.4433119021483456,0.8358610183919891,0.41254350851141697,0.5271762435677531,0.9939865581888928,0.6889546592879284,0.6761090212462292,0.7796774878387511,0.21104046786783953,0.0003174129017680409,0.00135583298896584,0.0005971963030596858,0.002531853691330567,0.0021767588543646567,0.0003206853340487418
ablation_dynamic_weather_fwi_only,feature_ablation,legacy_sampled_case_control,False,CatBoost,meteorology plus fire-weather variables,test_2021,far_east,Far East,2141,270,962,0.12610929472209248,0.44932274638019615,0.41254350851141697,0.21621621621621623,0.7703703703703704,0.33766233766233766,0.3202362857485656,0.7768186946968347,0.17137759485643383,0.005490627353003744,0.010475656017578498,0.005672722134723943,0.012153502979822702,0.0036155290611177434,0.003816254650359786
ablation_dynamic_weather_fwi_only,feature_ablation,legacy_sampled_case_control,False,CatBoost,meteorology plus fire-weather variables,test_2021,central_asia,Central Asia,10197,903,7164,0.08855545748749633,0.7025595763459841,0.41254350851141697,0.11809045226130653,0.9368770764119602,0.2097433990330978,0.13689783531273758,0.6889821747606966,0.20675144370522308,0.0014822991560855068,0.018010471724574366,0.002789579289164062,0.0011589191605121778,0.00773812812440172,0.0001285477438089606
ablation_dynamic_weather_fwi_only,feature_ablation,legacy_sampled_case_control,False,CatBoost,meteorology plus fire-weather variables,test_2021,europe,Europe,11926,847,4120,0.07102129800436022,0.3454636927720946,0.41254350851141697,0.17160194174757282,0.8347107438016529,0.28467888061203944,0.25677817216039506,0.8266212080184461,0.1349776655312832,0.0004660781624377672,0.0008348368136795775,0.0006901028482940864,0.0017078757563659464,0.0023927618179961207,0.00044613382701816617
ablation_dynamic_weather_fwi_only,feature_ablation,legacy_sampled_case_control,False,CatBoost,meteorology plus fire-weather variables,test_2022,global,Global,58312,4923,25045,0.08442516120181094,0.4294999314034847,0.41254350851141697,0.15647833898981833,0.7960593134267723,0.2615456486919381,0.19463396215054374,0.759971106406926,0.1593592351969417,0.0027277335657726913,0.01339693131910569,0.004533479646130342,0.007061568708078162,0.0014184305576326666,6.379753041595468e-06
ablation_dynamic_weather_fwi_only,feature_ablation,legacy_sampled_case_control,False,CatBoost,meteorology plus fire-weather variables,test_2022,eastern_siberia,Eastern Siberia,18946,1456,9148,0.07684999472184102,0.48284598332101764,0.41254350851141697,0.144949715784871,0.9107142857142857,0.25009430403621274,0.1441321590006204,0.7495779181510315,0.1725983068086621,0.001157317399418449,0.006313453403451295,0.001960912716834095,0.001705489556415637,0.0035661973469910783,0.0006314752800722352
ablation_dynamic_weather_fwi_only,feature_ablation,legacy_sampled_case_control,False,CatBoost,meteorology plus fire-weather variables,test_2022,far_east,Far East,2076,192,844,0.09248554913294797,0.40655105973025046,0.41254350851141697,0.18246445497630331,0.8020833333333334,0.2972972972972973,0.2789623422192141,0.7849019152512385,0.16139042336102374,0.00817406935052105,0.003682847818679961,0.01113185612693494,0.004062838518485782,0.010846221402306493,0.00281086925594005
ablation_dynamic_weather_fwi_only,feature_ablation,legacy_sampled_case_control,False,CatBoost,meteorology plus fire-weather variables,test_2022,central_asia,Central Asia,9862,698,5822,0.07077671871831272,0.5903467856418576,0.41254350851141697,0.09584335279972518,0.7994269340974212,0.17116564417177915,0.09154572727674828,0.6236093896760588,0.18399626501590288,0.0010673210790144508,0.014182657502308947,0.0020267204735922783,0.004835716582921444,0.010164960112959975,0.0006871960439644697
ablation_dynamic_weather_fwi_only,feature_ablation,legacy_sampled_case_control,False,CatBoost,meteorology plus fire-weather variables,test_2022,europe,Europe,10330,382,3073,0.036979670861568247,0.2974830590513069,0.41254350851141697,0.08200455580865604,0.6596858638743456,0.1458755426917511,0.09305172512232905,0.7463025007526046,0.12356679661841792,7.941925437710494e-06,0.01110638923329653,0.0002524112367645412,0.0033615552284629274,0.004535369440630898,0.0006485051172743055
ablation_dynamic_weather_fwi_only,feature_ablation,legacy_sampled_case_control,False,CatBoost,meteorology plus fire-weather variables,test_2023,global,Global,60888,6898,32932,0.11328997503613192,0.5408619103928525,0.41254350851141697,0.19227499089031944,0.9179472310814729,0.31795129299522973,0.2995186032796263,0.8103854938934764,0.1769601394602116,0.0011659944150508774,0.002496405229255213,0.0017431660856337358,0.014443565302596507,0.0056535470122951485,2.864192949963256e-05
ablation_dynamic_weather_fwi_only,feature_ablation,legacy_sampled_case_control,False,CatBoost,meteorology plus fire-weather variables,test_2023,eastern_siberia,Eastern Siberia,18853,1391,11773,0.07378136105659577,0.6244629501936031,0.41254350851141697,0.1112715535547439,0.9417685118619699,0.19902765116985718,0.17770699039996,0.7760761150781885,0.20197933667023088,0.001349458138023702,0.0,0.0021616906149711864,0.0014992270566173895,0.0031989557240429275,0.0018833444616248654
ablation_dynamic_weather_fwi_only,feature_ablation,legacy_sampled_case_control,False,CatBoost,meteorology plus fire-weather variables,test_2023,far_east,Far East,2267,333,1062,0.14689016321129245,0.46846052051168946,0.41254350851141697,0.2721280602636535,0.8678678678678678,0.414336917562724,0.368074252225558,0.804133243895395,0.17019840566137925,0.00451198424362771,0.02123443787346989,0.007648791011511003,0.006338397701665828,0.003616112778504358,7.766842613139802e-05
ablation_dynamic_weather_fwi_only,feature_ablation,legacy_sampled_case_control,False,CatBoost,meteorology plus fire-weather variables,test_2023,central_asia,Central Asia,9281,411,5752,0.044284021118413966,0.6197608016377546,0.41254350851141697,0.057719054242002785,0.8077858880778589,0.10773973714100275,0.09039889813628989,0.6703187704529058,0.19357000083745038,0.001592702483269368,0.024086362376184074,0.0029889319525264013,0.0006482573400134661,0.01269654655823367,0.00031258482961576945
ablation_dynamic_weather_fwi_only,feature_ablation,legacy_sampled_case_control,False,CatBoost,meteorology plus fire-weather variables,test_2023,europe,Europe,10456,494,3164,0.04724560061208875,0.30260137719969393,0.41254350851141697,0.10745891276864729,0.6882591093117408,0.1858939311098961,0.15620425075010236,0.7797937831776947,0.1270288305499234,0.0053421186297282035,0.04723587809545764,0.009716686316624668,0.010044642755324223,0.014840579921971346,0.0003416437897256391
ablation_dynamic_weather_fwi_only,feature_ablation,legacy_sampled_case_control,False,CatBoost,meteorology plus fire-weather variables,test_2024,global,Global,65063,9134,34918,0.1403870095138558,0.5366798333922506,0.41254350851141697,0.24500257746720888,0.9366104663893147,0.3884046127304095,0.391374544094525,0.8273342111079924,0.17428530675382764,0.0011932864230725466,0.0007554559628061378,0.0015654720246145724,0.0025449137114771795,0.001074411122533299,0.0004695745422308627
ablation_dynamic_weather_fwi_only,feature_ablation,legacy_sampled_case_control,False,CatBoost,meteorology plus fire-weather variables,test_2024,eastern_siberia,Eastern Siberia,26660,6189,18721,0.23214553638409602,0.7022130532633158,0.41254350851141697,0.31269697131563484,0.9458717078687995,0.4700120433560819,0.4159520354503851,0.750778379061611,0.21052418503026069,0.00013800897126815438,0.000913771416566718,4.263715036709041e-05,0.0025597326412352605,0.0004495124252178714,0.00015131733074384948
ablation_dynamic_weather_fwi_only,feature_ablation,legacy_sampled_case_control,False,CatBoost,meteorology plus fire-weather variables,test_2024,far_east,Far East,2229,298,1137,0.13369223867205024,0.5100942126514132,0.41254350851141697,0.18557607739665788,0.7080536912751678,0.2940766550522648,0.2505469891644148,0.7078286453101812,0.18599866929121628,0.014903842487824158,0.04745683095211729,0.022771256043120074,0.007799497878818864,0.023208012371236868,0.0025169340117861764
ablation_dynamic_weather_fwi_only,feature_ablation,legacy_sampled_case_control,False,CatBoost,meteorology plus fire-weather variables,test_2024,central_asia,Central Asia,9003,187,4834,0.020770854159724537,0.5369321337332,0.41254350851141697,0.031650806785271,0.8181818181818182,0.06094403505277833,0.04436266565451234,0.6903406058017993,0.17084465185784903,0.001310655021810034,0.03403187716940601,0.002524111019444955,0.014250218596587013,0.028257172361603296,0.00041066156529803477
ablation_dynamic_weather_fwi_only,feature_ablation,legacy_sampled_case_control,False,CatBoost,meteorology plus fire-weather variables,test_2024,europe,Europe,10472,493,3619,0.04707792207792208,0.34558823529411764,0.41254350851141697,0.09892235424150318,0.7261663286004056,0.17412451361867703,0.11677819390880768,0.7525515550201061,0.13551786829016113,0.0033249241203442866,0.02725157980232137,0.005933418637691145,0.0051549301293500015,0.016011296675803872,0.00038622332367098107
ablation_dynamic_weather_fwi_only,feature_ablation,legacy_sampled_case_control,False,CatBoost,meteorology plus fire-weather variables,test_2025,global,Global,49672,3787,21042,0.07624013528748591,0.42361894024802704,0.41254350851141697,0.15378766276969869,0.8545022445207288,0.260662934471787,0.3237624578683513,0.8217282393823965,0.15721125770938782,0.0006602564350829356,0.0004636765778272228,0.0009702551221713289,0.0069329541683556765,0.0011279701367024714,0.00011689847385799919
ablation_dynamic_weather_fwi_only,feature_ablation,legacy_sampled_case_control,False,CatBoost,meteorology plus fire-weather variables,test_2025,eastern_siberia,Eastern Siberia,19162,2442,10340,0.12743972445464982,0.539609644087256,0.41254350851141697,0.21731141199226306,0.9201474201474201,0.3515881708652793,0.5053728526965444,0.85424262752313,0.17657042772834128,0.001317420124256779,0.005212089296215342,0.0021047994340431383,0.0014888214390266637,0.0011056812902606426,0.0007672672992404154
ablation_dynamic_weather_fwi_only,feature_ablation,legacy_sampled_case_control,False,CatBoost,meteorology plus fire-weather variables,test_2025,far_east,Far East,1744,137,438,0.07855504587155963,0.2511467889908257,0.41254350851141697,0.17123287671232876,0.5474452554744526,0.2608695652173913,0.27313978909854547,0.7501669248134304,0.1419179481153497,0.018322602508744134,0.08774317722752785,0.031116443448080407,0.04565820608828961,0.04500856598257478,0.0007284944391778641
ablation_dynamic_weather_fwi_only,feature_ablation,legacy_sampled_case_control,False,CatBoost,meteorology plus fire-weather variables,test_2025,central_asia,Central Asia,7618,304,4575,0.039905487004463114,0.6005513258072985,0.41254350851141697,0.05551912568306011,0.8355263157894737,0.10411969665915147,0.051759478701521394,0.6207181522818531,0.18949639900535695,0.0005429767605527364,0.009304036594559865,0.0010272366810251707,0.0005937162167176248,0.00041549507146541236,0.00011133762857114825
ablation_dynamic_weather_fwi_only,feature_ablation,legacy_sampled_case_control,False,CatBoost,meteorology plus fire-weather variables,test_2025,europe,Europe,8878,632,2584,0.07118720432529849,0.2910565442667267,0.41254350851141697,0.16989164086687306,0.694620253164557,0.27300995024875624,0.17403127470681914,0.7555025720180402,0.1368526997833004,0.002135518046494694,0.005594199218248033,0.003196875328436324,0.0017832482380821886,0.0009442161620128016,0.0003984495955079105
ablation_dynamic_weather_fwi_only,feature_ablation,legacy_sampled_case_control,False,CatBoost,meteorology plus fire-weather variables,test_2021-2023,global,Global,206438,36593,116635,0.17725903176740718,0.5649880351485677,0.41254350851141697,0.29492862348351695,0.9400431776569289,0.4489910460229201,0.5152298169156505,0.843947971913805,0.1776344661260703,0.004180422046263279,0.004587716774976167,0.005369179211651642,0.004231019074076912,0.0026073247897776893,0.001103053383394527
ablation_dynamic_weather_fwi_only,feature_ablation,legacy_sampled_case_control,False,CatBoost,meteorology plus fire-weather variables,test_2021-2023,eastern_siberia,Eastern Siberia,82438,22636,58233,0.2745821101919018,0.7063854047890535,0.41254350851141697,0.3830474129788951,0.9854214525534547,0.5516576191123916,0.6005242202791551,0.8353901166687436,0.2001334263348609,0.0007105923985349307,0.0016737778870038462,0.000999099073129674,0.0006318652879507181,0.0005325624642058946,0.00026441774446467803
ablation_dynamic_weather_fwi_only,feature_ablation,legacy_sampled_case_control,False,CatBoost,meteorology plus fire-weather variables,test_2021-2023,far_east,Far East,6484,795,2868,0.12260950030845158,0.44231955582973476,0.41254350851141697,0.22698744769874477,0.8188679245283019,0.35544635544635544,0.3183907213701207,0.7918974165083008,0.16776769511404335,0.0011233714575414756,0.0008894424920585502,0.0014617691762496964,0.00013509688809657216,0.00022568293852811156,0.0005600199256255825
ablation_dynamic_weather_fwi_only,feature_ablation,legacy_sampled_case_control,False,CatBoost,meteorology plus fire-weather variables,test_2021-2023,central_asia,Central Asia,29340,2012,18738,0.06857532379004772,0.6386503067484662,0.41254350851141697,0.09264596008111858,0.8628230616302187,0.16732530120481928,0.10458052887422496,0.6644893064767134,0.19493315660604535,0.0012573746890275417,0.010307679026043001,0.0022442759177669844,0.0010346756918236907,0.0040190707368427964,0.0002752738822039335
ablation_dynamic_weather_fwi_only,feature_ablation,legacy_sampled_case_control,False,CatBoost,meteorology plus fire-weather variables,test_2021-2023,europe,Europe,32712,1723,10357,0.052671802396674,0.31661164098801664,0.41254350851141697,0.12542241961958095,0.7539175856065002,0.21506622516556292,0.16411147099102524,0.7947135286448693,0.1288335198222163,0.0007444206779236865,0.004029098468299428,0.001258173987309364,0.0012537144450210438,0.0005761956013122846,0.00035187223346641117
ablation_dynamic_weather_fwi_only,feature_ablation,legacy_sampled_case_control,False,CatBoost,meteorology plus fire-weather variables,test_2021-2025,global,Global,321173,49514,172595,0.15416613476226207,0.5373895065899064,0.41254350851141697,0.26762073061212666,0.9328674718261502,0.41592191221427316,0.48220962013270774,0.8442549625085876,0.17379738154950355,0.0015332925901491,0.002752280692260323,0.0021249673075403965,0.007054716381673686,0.003187457859509123,0.0008517347627392677
ablation_dynamic_weather_fwi_only,feature_ablation,legacy_sampled_case_control,False,CatBoost,meteorology plus fire-weather variables,test_2021-2025,eastern_siberia,Eastern Siberia,128260,31267,87294,0.24377826290347732,0.6806019023857789,0.41254350851141697,0.3483286365615048,0.9724949627402693,0.512934270122553,0.5649907154698324,0.8297566963220231,0.19877293551559713,0.0007384522978352737,0.004640569523783746,0.0014460438820754805,0.0016550646940409707,1.4191109526225038e-05,0.00021446382787006628
ablation_dynamic_weather_fwi_only,feature_ablation,legacy_sampled_case_control,False,CatBoost,meteorology plus fire-weather variables,test_2021-2025,far_east,Far East,10457,1230,4443,0.11762455771253706,0.42488285359089606,0.41254350851141697,0.21089354040063021,0.7617886178861789,0.33033668253128856,0.29171372189096745,0.7743986585850469,0.16734260978127072,0.0022458433511708164,0.0,0.0027383428751398507,0.006899450092884559,0.0033496764864631694,0.0010633549470048431
ablation_dynamic_weather_fwi_only,feature_ablation,legacy_sampled_case_control,False,CatBoost,meteorology plus fire-weather variables,test_2021-2025,central_asia,Central Asia,45961,2503,28147,0.05445921542177063,0.612410521964274,0.41254350851141697,0.07613600028422211,0.8561725928885338,0.139836867862969,0.08600611580265748,0.6720934970078797,0.1893134784517394,0.0005302458814109989,0.01038908034801169,0.0010337815194849532,0.003071591246195524,0.0011742205736128353,0.0001590284773917457
ablation_dynamic_weather_fwi_only,feature_ablation,legacy_sampled_case_control,False,CatBoost,meteorology plus fire-weather variables,test_2021-2025,europe,Europe,52062,2848,16560,0.05470400676116938,0.3180822865045523,0.41254350851141697,0.12657004830917876,0.7359550561797753,0.2159934047815334,0.15283672471405546,0.7783321831836926,0.1315455319779311,0.0012301066110961588,0.006463498913953884,0.0015275146509090647,0.002354389099456462,0.00041592577904984497,0.0007845366074666245
