experiment_id,model,feature_set,split,region,region_display,threshold,precision,recall,f1
logistic_regression_full,Logistic Regression (linear SGD),full features,validation,global,Global,1.0,0.2878542043943851,0.9539651703323389,0.4422589801941185
logistic_regression_full,Logistic Regression (linear SGD),full features,test,global,Global,1.0,0.2436765139274209,0.9685543482651371,0.389387788242936
logistic_regression_full,Logistic Regression (linear SGD),full features,test,eastern_siberia,Eastern Siberia,1.0,0.3268160562009353,0.9879425592477692,0.4911555431887745
logistic_regression_full,Logistic Regression (linear SGD),full features,test,far_east,Far East,1.0,0.16432947583390062,0.9813008130081301,0.2815160349854227
logistic_regression_full,Logistic Regression (linear SGD),full features,test,central_asia,Central Asia,1.0,0.08384458077709611,0.9500599280862965,0.1540903936497651
logistic_regression_full,Logistic Regression (linear SGD),full features,test,europe,Europe,1.0,0.12616215135459363,0.8862359550561798,0.22088037105101951
logistic_regression_full,Logistic Regression (linear SGD),full features,test_2021,global,Global,1.0,0.395207266402551,0.9906345874374294,0.5650081735086224
logistic_regression_full,Logistic Regression (linear SGD),full features,test_2021,eastern_siberia,Eastern Siberia,1.0,0.5144443865046671,0.997069078781141,0.6787059491254321
logistic_regression_full,Logistic Regression (linear SGD),full features,test_2021,far_east,Far East,1.0,0.17978290366350066,0.9814814814814815,0.3038990825688073
logistic_regression_full,Logistic Regression (linear SGD),full features,test_2021,central_asia,Central Asia,1.0,0.13119975731836797,0.9579180509413068,0.2307897545357524
logistic_regression_full,Logistic Regression (linear SGD),full features,test_2021,europe,Europe,1.0,0.16105476673427993,0.9374262101534829,0.27488315734810453
logistic_regression_full,Logistic Regression (linear SGD),full features,test_2022,global,Global,1.0,0.1461487194135009,0.935405240706886,0.25279973649538867
logistic_regression_full,Logistic Regression (linear SGD),full features,test_2022,eastern_siberia,Eastern Siberia,1.0,0.13317191283292978,0.9821428571428571,0.2345415778251599
logistic_regression_full,Logistic Regression (linear SGD),full features,test_2022,far_east,Far East,1.0,0.13389121338912133,1.0,0.23616236162361623
logistic_regression_full,Logistic Regression (linear SGD),full features,test_2022,central_asia,Central Asia,1.0,0.10834553440702782,0.9541547277936963,0.1945945945945946
logistic_regression_full,Logistic Regression (linear SGD),full features,test_2022,europe,Europe,1.0,0.09029649595687332,0.8769633507853403,0.16373411534701857
logistic_regression_full,Logistic Regression (linear SGD),full features,test_2023,global,Global,1.0,0.18786791500812916,0.9715859669469411,0.31485483416329985
logistic_regression_full,Logistic Regression (linear SGD),full features,test_2023,eastern_siberia,Eastern Siberia,1.0,0.10872230850976866,0.9561466570812365,0.19524368761009983
logistic_regression_full,Logistic Regression (linear SGD),full features,test_2023,far_east,Far East,1.0,0.19320214669051877,0.972972972972973,0.32238805970149254
logistic_regression_full,Logistic Regression (linear SGD),full features,test_2023,central_asia,Central Asia,1.0,0.06990220934444041,0.9391727493917275,0.13011966964436203
logistic_regression_full,Logistic Regression (linear SGD),full features,test_2023,europe,Europe,1.0,0.1221058434399118,0.8967611336032388,0.21494420184376517
logistic_regression_full,Logistic Regression (linear SGD),full features,test_2024,global,Global,1.0,0.21771567747724652,0.9297131596233852,0.352811649598039
logistic_regression_full,Logistic Regression (linear SGD),full features,test_2024,eastern_siberia,Eastern Siberia,1.0,0.29542432152883813,0.9691387946356439,0.45281594443605616
logistic_regression_full,Logistic Regression (linear SGD),full features,test_2024,far_east,Far East,1.0,0.17439812096300647,0.9966442953020134,0.29685157421289354
logistic_regression_full,Logistic Regression (linear SGD),full features,test_2024,central_asia,Central Asia,1.0,0.03340969835815197,0.9358288770053476,0.06451612903225806
logistic_regression_full,Logistic Regression (linear SGD),full features,test_2024,europe,Europe,1.0,0.10313075506445672,0.795131845841785,0.18258034466697717
logistic_regression_full,Logistic Regression (linear SGD),full features,test_2025,global,Global,1.0,0.12684055532183425,0.9553736466860312,0.223948500510662
logistic_regression_full,Logistic Regression (linear SGD),full features,test_2025,eastern_siberia,Eastern Siberia,1.0,0.18626842513576417,0.9832104832104832,0.3132011479259066
logistic_regression_full,Logistic Regression (linear SGD),full features,test_2025,far_east,Far East,1.0,0.12204351939451277,0.9416058394160584,0.21608040201005024
logistic_regression_full,Logistic Regression (linear SGD),full features,test_2025,central_asia,Central Asia,1.0,0.058823529411764705,0.9407894736842105,0.11072396438250097
logistic_regression_full,Logistic Regression (linear SGD),full features,test_2025,europe,Europe,1.0,0.14224028448056897,0.8860759493670886,0.2451302254322609
logistic_regression_full,Logistic Regression (linear SGD),full features,test_2021-2023,global,Global,1.0,0.27728830341050614,0.9796135872981171,0.4322300596852957
logistic_regression_full,Logistic Regression (linear SGD),full features,test_2021-2023,eastern_siberia,Eastern Siberia,1.0,0.3667509172441908,0.993594274606821,0.5357487404866546
logistic_regression_full,Logistic Regression (linear SGD),full features,test_2021-2023,far_east,Far East,1.0,0.1703380588876772,0.9823899371069182,0.2903345724907063
logistic_regression_full,Logistic Regression (linear SGD),full features,test_2021-2023,central_asia,Central Asia,1.0,0.10497207315737597,0.9527833001988072,0.1891092039064812
logistic_regression_full,Logistic Regression (linear SGD),full features,test_2021-2023,europe,Europe,1.0,0.12813824584284317,0.9123621590249564,0.2247158887856479
logistic_regression_full,Logistic Regression (linear SGD),full features,test_2021-2025,global,Global,1.0,0.2436765139274209,0.9685543482651371,0.389387788242936
logistic_regression_full,Logistic Regression (linear SGD),full features,test_2021-2025,eastern_siberia,Eastern Siberia,1.0,0.3268160562009353,0.9879425592477692,0.4911555431887745
logistic_regression_full,Logistic Regression (linear SGD),full features,test_2021-2025,far_east,Far East,1.0,0.16432947583390062,0.9813008130081301,0.2815160349854227
logistic_regression_full,Logistic Regression (linear SGD),full features,test_2021-2025,central_asia,Central Asia,1.0,0.08384458077709611,0.9500599280862965,0.1540903936497651
logistic_regression_full,Logistic Regression (linear SGD),full features,test_2021-2025,europe,Europe,1.0,0.12616215135459363,0.8862359550561798,0.22088037105101951
poisson_point_process_full,Poisson Point-Process GLM,full features,validation,global,Global,0.3036547601222992,0.337274388016076,0.8005966835495733,0.4746069449157335
poisson_point_process_full,Poisson Point-Process GLM,full features,test,global,Global,0.3036547601222992,0.29631200530863266,0.8747828896877651,0.4426774864454676
poisson_point_process_full,Poisson Point-Process GLM,full features,test,eastern_siberia,Eastern Siberia,0.3036547601222992,0.3776934284180661,0.9451818210893274,0.539716745957101
poisson_point_process_full,Poisson Point-Process GLM,full features,test,far_east,Far East,0.3036547601222992,0.21334971334971334,0.8471544715447155,0.3408570493948315
poisson_point_process_full,Poisson Point-Process GLM,full features,test,central_asia,Central Asia,0.3036547601222992,0.09382842509603073,0.7319216939672393,0.166333757036499
poisson_point_process_full,Poisson Point-Process GLM,full features,test,europe,Europe,0.3036547601222992,0.1443079023724185,0.59375,0.2321845393381848
poisson_point_process_full,Poisson Point-Process GLM,full features,test_2021,global,Global,0.3036547601222992,0.452092288120892,0.9468351364443727,0.611978657064955
poisson_point_process_full,Poisson Point-Process GLM,full features,test_2021,eastern_siberia,Eastern Siberia,0.3036547601222992,0.5552554516248258,0.9869119207640609,0.7106728284996907
poisson_point_process_full,Poisson Point-Process GLM,full features,test_2021,far_east,Far East,0.3036547601222992,0.2306910569105691,0.8407407407407408,0.3620414673046252
poisson_point_process_full,Poisson Point-Process GLM,full features,test_2021,central_asia,Central Asia,0.3036547601222992,0.14142023737678536,0.778516057585825,0.2393598910452843
poisson_point_process_full,Poisson Point-Process GLM,full features,test_2021,europe,Europe,0.3036547601222992,0.19741207697412078,0.7024793388429752,0.3082103082103082
poisson_point_process_full,Poisson Point-Process GLM,full features,test_2022,global,Global,0.3036547601222992,0.17642136581283993,0.7708714198659354,0.2871302110917757
poisson_point_process_full,Poisson Point-Process GLM,full features,test_2022,eastern_siberia,Eastern Siberia,0.3036547601222992,0.16598044261451364,0.885989010989011,0.2795838751625488
poisson_point_process_full,Poisson Point-Process GLM,full features,test_2022,far_east,Far East,0.3036547601222992,0.1837160751565762,0.9166666666666666,0.3060869565217391
poisson_point_process_full,Poisson Point-Process GLM,full features,test_2022,central_asia,Central Asia,0.3036547601222992,0.12479627473806752,0.7679083094555874,0.2147005808131384
poisson_point_process_full,Poisson Point-Process GLM,full features,test_2022,europe,Europe,0.3036547601222992,0.10570918822479929,0.6204188481675392,0.18064024390243902
poisson_point_process_full,Poisson Point-Process GLM,full features,test_2023,global,Global,0.3036547601222992,0.22361019513519803,0.8356045230501594,0.3528079571537873
poisson_point_process_full,Poisson Point-Process GLM,full features,test_2023,eastern_siberia,Eastern Siberia,0.3036547601222992,0.12280137280137281,0.8231488138030194,0.21371908539430703
poisson_point_process_full,Poisson Point-Process GLM,full features,test_2023,far_east,Far East,0.3036547601222992,0.25237683664649957,0.8768768768768769,0.3919463087248322
poisson_point_process_full,Poisson Point-Process GLM,full features,test_2023,central_asia,Central Asia,0.3036547601222992,0.06993006993006994,0.6326034063260341,0.12593848389440543
poisson_point_process_full,Poisson Point-Process GLM,full features,test_2023,europe,Europe,0.3036547601222992,0.11405405405405405,0.4271255060728745,0.18003412969283278
poisson_point_process_full,Poisson Point-Process GLM,full features,test_2024,global,Global,0.3036547601222992,0.25521034011699184,0.7976790015327349,0.3866995727516387
poisson_point_process_full,Poisson Point-Process GLM,full features,test_2024,eastern_siberia,Eastern Siberia,0.3036547601222992,0.32537439105070065,0.8741315236710292,0.4742286115007013
poisson_point_process_full,Poisson Point-Process GLM,full features,test_2024,far_east,Far East,0.3036547601222992,0.2150706436420722,0.9194630872483222,0.3486005089058524
poisson_point_process_full,Poisson Point-Process GLM,full features,test_2024,central_asia,Central Asia,0.3036547601222992,0.04221165279429251,0.7593582887700535,0.07997747113489158
poisson_point_process_full,Poisson Point-Process GLM,full features,test_2024,europe,Europe,0.3036547601222992,0.11804670912951168,0.563894523326572,0.1952247191011236
poisson_point_process_full,Poisson Point-Process GLM,full features,test_2025,global,Global,0.3036547601222992,0.163280784441194,0.7958806443094798,0.270970062033624
poisson_point_process_full,Poisson Point-Process GLM,full features,test_2025,eastern_siberia,Eastern Siberia,0.3036547601222992,0.23294117647058823,0.8918918918918919,0.3694029850746269
poisson_point_process_full,Poisson Point-Process GLM,full features,test_2025,far_east,Far East,0.3036547601222992,0.14285714285714285,0.5328467153284672,0.22530864197530864
poisson_point_process_full,Poisson Point-Process GLM,full features,test_2025,central_asia,Central Asia,0.3036547601222992,0.06011960969468052,0.6282894736842105,0.10973858086756678
poisson_point_process_full,Poisson Point-Process GLM,full features,test_2025,europe,Europe,0.3036547601222992,0.16393442622950818,0.5854430379746836,0.25614399446175146
poisson_point_process_full,Poisson Point-Process GLM,full features,test_2021-2023,global,Global,0.3036547601222992,0.3329064526212829,0.902194408766704,0.486351114450288
poisson_point_process_full,Poisson Point-Process GLM,full features,test_2021-2023,eastern_siberia,Eastern Siberia,0.3036547601222992,0.4202299642235359,0.9703569535253579,0.5864762031907083
poisson_point_process_full,Poisson Point-Process GLM,full features,test_2021-2023,far_east,Far East,0.3036547601222992,0.22426589222329785,0.8742138364779874,0.3569594247560349
poisson_point_process_full,Poisson Point-Process GLM,full features,test_2021-2023,central_asia,Central Asia,0.3036547601222992,0.11544978434996919,0.7450298210735586,0.19991997866097627
poisson_point_process_full,Poisson Point-Process GLM,full features,test_2021-2023,europe,Europe,0.3036547601222992,0.14677737123557558,0.6053395240858966,0.236266847887643
poisson_point_process_full,Poisson Point-Process GLM,full features,test_2021-2025,global,Global,0.3036547601222992,0.29631200530863266,0.8747828896877651,0.4426774864454676
poisson_point_process_full,Poisson Point-Process GLM,full features,test_2021-2025,eastern_siberia,Eastern Siberia,0.3036547601222992,0.3776934284180661,0.9451818210893274,0.539716745957101
poisson_point_process_full,Poisson Point-Process GLM,full features,test_2021-2025,far_east,Far East,0.3036547601222992,0.21334971334971334,0.8471544715447155,0.3408570493948315
poisson_point_process_full,Poisson Point-Process GLM,full features,test_2021-2025,central_asia,Central Asia,0.3036547601222992,0.09382842509603073,0.7319216939672393,0.166333757036499
poisson_point_process_full,Poisson Point-Process GLM,full features,test_2021-2025,europe,Europe,0.3036547601222992,0.1443079023724185,0.59375,0.2321845393381848
catboost_full,CatBoost,all features,validation,global,Global,0.4920829446562272,0.40976393941957867,0.6720321931589537,0.5091061995742556
catboost_full,CatBoost,all features,test,global,Global,0.4920829446562272,0.3866930421881538,0.8211818879508825,0.5257917264745057
catboost_full,CatBoost,all features,test,eastern_siberia,Eastern Siberia,0.4920829446562272,0.43778106373572767,0.9184763488662168,0.5929428282369459
catboost_full,CatBoost,all features,test,far_east,Far East,0.4920829446562272,0.30345572354211664,0.6853658536585366,0.42065868263473055
catboost_full,CatBoost,all features,test,central_asia,Central Asia,0.4920829446562272,0.1343710860619073,0.600079904115062,0.2195745925005482
catboost_full,CatBoost,all features,test,europe,Europe,0.4920829446562272,0.22818944029005211,0.3535814606741573,0.2773722627737226
catboost_full,CatBoost,all features,test_2021,global,Global,0.4920829446562272,0.5139414256268545,0.9159534958824479,0.6584350198052843
catboost_full,CatBoost,all features,test_2021,eastern_siberia,Eastern Siberia,0.4920829446562272,0.5833057104113304,0.978169690231947,0.7308113414127685
catboost_full,CatBoost,all features,test_2021,far_east,Far East,0.4920829446562272,0.3344103392568659,0.7666666666666667,0.46569178852643417
catboost_full,CatBoost,all features,test_2021,central_asia,Central Asia,0.4920829446562272,0.17363896848137536,0.6710963455149501,0.27589346687912586
catboost_full,CatBoost,all features,test_2021,europe,Europe,0.4920829446562272,0.3008356545961003,0.3825265643447462,0.3367983367983368
catboost_full,CatBoost,all features,test_2022,global,Global,0.4920829446562272,0.2345258375922771,0.5872435506804794,0.33518840579710146
catboost_full,CatBoost,all features,test_2022,eastern_siberia,Eastern Siberia,0.4920829446562272,0.17444101773323054,0.6215659340659341,0.2724262492474413
catboost_full,CatBoost,all features,test_2022,far_east,Far East,0.4920829446562272,0.25675675675675674,0.59375,0.3584905660377358
catboost_full,CatBoost,all features,test_2022,central_asia,Central Asia,0.4920829446562272,0.15866666666666668,0.5114613180515759,0.24219810040705564
catboost_full,CatBoost,all features,test_2022,europe,Europe,0.4920829446562272,0.15855354659248957,0.29842931937172773,0.20708446866485014
catboost_full,CatBoost,all features,test_2023,global,Global,0.4920829446562272,0.29749973057441537,0.8003769208466223,0.43376807039597737
catboost_full,CatBoost,all features,test_2023,eastern_siberia,Eastern Siberia,0.4920829446562272,0.16270566727605118,0.8317757009345794,0.27217125382262997
catboost_full,CatBoost,all features,test_2023,far_east,Far East,0.4920829446562272,0.36363636363636365,0.7687687687687688,0.49373191899710706
catboost_full,CatBoost,all features,test_2023,central_asia,Central Asia,0.4920829446562272,0.12931034482758622,0.8029197080291971,0.22274721565980427
catboost_full,CatBoost,all features,test_2023,europe,Europe,0.4920829446562272,0.22280471821756226,0.3441295546558704,0.27048528241845665
catboost_full,CatBoost,all features,test_2024,global,Global,0.4920829446562272,0.3396457832507482,0.7579373768338078,0.46908561168140395
catboost_full,CatBoost,all features,test_2024,eastern_siberia,Eastern Siberia,0.4920829446562272,0.3724354850239474,0.8418161253837454,0.5164040043611855
catboost_full,CatBoost,all features,test_2024,far_east,Far East,0.4920829446562272,0.24935400516795866,0.6476510067114094,0.36007462686567165
catboost_full,CatBoost,all features,test_2024,central_asia,Central Asia,0.4920829446562272,0.05993930197268589,0.42245989304812837,0.10498338870431893
catboost_full,CatBoost,all features,test_2024,europe,Europe,0.4920829446562272,0.17659574468085107,0.3367139959432049,0.2316817864619679
catboost_full,CatBoost,all features,test_2025,global,Global,0.4920829446562272,0.27078409207686777,0.695801425930816,0.3898505696108892
catboost_full,CatBoost,all features,test_2025,eastern_siberia,Eastern Siberia,0.4920829446562272,0.34100555011426703,0.8554463554463555,0.4876283846872082
catboost_full,CatBoost,all features,test_2025,far_east,Far East,0.4920829446562272,0.3080168776371308,0.5328467153284672,0.39037433155080214
catboost_full,CatBoost,all features,test_2025,central_asia,Central Asia,0.4920829446562272,0.08290816326530612,0.4276315789473684,0.1388888888888889
catboost_full,CatBoost,all features,test_2025,europe,Europe,0.4920829446562272,0.2549234135667396,0.3686708860759494,0.3014230271668823
catboost_full,CatBoost,all features,test_2021-2023,global,Global,0.4920829446562272,0.4145054242076925,0.8499439783565162,0.557248694312308
catboost_full,CatBoost,all features,test_2021-2023,eastern_siberia,Eastern Siberia,0.4920829446562272,0.47091284847418874,0.946236084113801,0.6288608338226659
catboost_full,CatBoost,all features,test_2021-2023,far_east,Far East,0.4920829446562272,0.3265421618562535,0.7257861635220125,0.45042935206869633
catboost_full,CatBoost,all features,test_2021-2023,central_asia,Central Asia,0.4920829446562272,0.15593342981186686,0.6426441351888668,0.2509704968944099
catboost_full,CatBoost,all features,test_2021-2023,europe,Europe,0.4920829446562272,0.23759280969128566,0.3528728961114335,0.28397944885567494
catboost_full,CatBoost,all features,test_2021-2025,global,Global,0.4920829446562272,0.3866930421881538,0.8211818879508825,0.5257917264745057
catboost_full,CatBoost,all features,test_2021-2025,eastern_siberia,Eastern Siberia,0.4920829446562272,0.43778106373572767,0.9184763488662168,0.5929428282369459
catboost_full,CatBoost,all features,test_2021-2025,far_east,Far East,0.4920829446562272,0.30345572354211664,0.6853658536585366,0.42065868263473055
catboost_full,CatBoost,all features,test_2021-2025,central_asia,Central Asia,0.4920829446562272,0.1343710860619073,0.600079904115062,0.2195745925005482
catboost_full,CatBoost,all features,test_2021-2025,europe,Europe,0.4920829446562272,0.22818944029005211,0.3535814606741573,0.2773722627737226
catboost_deployment_weighted,CatBoost deployment-weighted,all features,validation,global,Global,0.4627082306595781,0.2458606218288027,0.8556164573648789,0.38196417924316456
catboost_deployment_weighted,CatBoost deployment-weighted,all features,test,global,Global,0.4627082306595781,0.1954436617435242,0.8522842024477926,0.3179710134007452
catboost_deployment_weighted,CatBoost deployment-weighted,all features,test,eastern_siberia,Eastern Siberia,0.4627082306595781,0.25845524478633997,0.9294783637701091,0.4044477844578045
catboost_deployment_weighted,CatBoost deployment-weighted,all features,test,far_east,Far East,0.4627082306595781,0.10624272974020939,0.6682926829268293,0.1833389093342255
catboost_deployment_weighted,CatBoost deployment-weighted,all features,test,central_asia,Central Asia,0.4627082306595781,0.07028034143593744,0.6480223731522173,0.1268079118129935
catboost_deployment_weighted,CatBoost deployment-weighted,all features,test,europe,Europe,0.4627082306595781,0.0567584287039901,0.1288623595505618,0.07880609834657505
catboost_deployment_weighted,CatBoost deployment-weighted,all features,test_2021,global,Global,0.4627082306595781,0.3535240202275601,0.9030760536089133,0.5081315586244491
catboost_deployment_weighted,CatBoost deployment-weighted,all features,test_2021,eastern_siberia,Eastern Siberia,0.4627082306595781,0.46258218621487845,0.949264743039062,0.6220404649160568
catboost_deployment_weighted,CatBoost deployment-weighted,all features,test_2021,far_east,Far East,0.4627082306595781,0.07661822985468957,0.42962962962962964,0.13004484304932734
catboost_deployment_weighted,CatBoost deployment-weighted,all features,test_2021,central_asia,Central Asia,0.4627082306595781,0.12313710879284649,0.7320044296788483,0.210811672779461
catboost_deployment_weighted,CatBoost deployment-weighted,all features,test_2021,europe,Europe,0.4627082306595781,0.06556195965417867,0.10743801652892562,0.0814317673378076
catboost_deployment_weighted,CatBoost deployment-weighted,all features,test_2022,global,Global,0.4627082306595781,0.10350678733031674,0.7806215722120659,0.18277805521866305
catboost_deployment_weighted,CatBoost deployment-weighted,all features,test_2022,eastern_siberia,Eastern Siberia,0.4627082306595781,0.0825339479257506,0.9100274725274725,0.1513420902341519
catboost_deployment_weighted,CatBoost deployment-weighted,all features,test_2022,far_east,Far East,0.4627082306595781,0.08727514990006663,0.6822916666666666,0.15475487300649735
catboost_deployment_weighted,CatBoost deployment-weighted,all features,test_2022,central_asia,Central Asia,0.4627082306595781,0.08759565042287555,0.6232091690544412,0.15360169491525424
catboost_deployment_weighted,CatBoost deployment-weighted,all features,test_2022,europe,Europe,0.4627082306595781,0.048280907095830286,0.17277486910994763,0.07547169811320754
catboost_deployment_weighted,CatBoost deployment-weighted,all features,test_2023,global,Global,0.4627082306595781,0.1407397926532702,0.7970426210495796,0.23923590714270174
catboost_deployment_weighted,CatBoost deployment-weighted,all features,test_2023,eastern_siberia,Eastern Siberia,0.4627082306595781,0.07248908296943231,0.8353702372393961,0.1334022157166638
catboost_deployment_weighted,CatBoost deployment-weighted,all features,test_2023,far_east,Far East,0.4627082306595781,0.15759312320916904,0.8258258258258259,0.2646775745909528
catboost_deployment_weighted,CatBoost deployment-weighted,all features,test_2023,central_asia,Central Asia,0.4627082306595781,0.04948268106162843,0.5352798053527981,0.09059089973234506
catboost_deployment_weighted,CatBoost deployment-weighted,all features,test_2023,europe,Europe,0.4627082306595781,0.05064308681672026,0.12753036437246965,0.07249712313003452
catboost_deployment_weighted,CatBoost deployment-weighted,all features,test_2024,global,Global,0.4627082306595781,0.17639284969047786,0.832931902780819,0.29113173251698077
catboost_deployment_weighted,CatBoost deployment-weighted,all features,test_2024,eastern_siberia,Eastern Siberia,0.4627082306595781,0.2408266923548472,0.888673452900307,0.3789575223068178
catboost_deployment_weighted,CatBoost deployment-weighted,all features,test_2024,far_east,Far East,0.4627082306595781,0.12966360856269113,0.7114093959731543,0.21934816347646147
catboost_deployment_weighted,CatBoost deployment-weighted,all features,test_2024,central_asia,Central Asia,0.4627082306595781,0.030186109850204267,0.7112299465240641,0.05791421728717614
catboost_deployment_weighted,CatBoost deployment-weighted,all features,test_2024,europe,Europe,0.4627082306595781,0.03944124897288414,0.0973630831643002,0.056140350877192984
catboost_deployment_weighted,CatBoost deployment-weighted,all features,test_2025,global,Global,0.4627082306595781,0.0864475461503827,0.7604964351729602,0.1552476955420193
catboost_deployment_weighted,CatBoost deployment-weighted,all features,test_2025,eastern_siberia,Eastern Siberia,0.4627082306595781,0.13539080052027905,0.9377559377559378,0.23661913618516223
catboost_deployment_weighted,CatBoost deployment-weighted,all features,test_2025,far_east,Far East,0.4627082306595781,0.06557377049180328,0.6423357664233577,0.11899932386747802
catboost_deployment_weighted,CatBoost deployment-weighted,all features,test_2025,central_asia,Central Asia,0.4627082306595781,0.044438736193167225,0.569078947368421,0.08243983797950917
catboost_deployment_weighted,CatBoost deployment-weighted,all features,test_2025,europe,Europe,0.4627082306595781,0.0792,0.15664556962025317,0.10520722635494155
catboost_deployment_weighted,CatBoost deployment-weighted,all features,test_2021-2023,global,Global,0.4627082306595781,0.22737017200461737,0.8666138332467959,0.36022855065713993
catboost_deployment_weighted,CatBoost deployment-weighted,all features,test_2021-2023,eastern_siberia,Eastern Siberia,0.4627082306595781,0.2926279008982983,0.9397420038876126,0.4462860199939158
catboost_deployment_weighted,CatBoost deployment-weighted,all features,test_2021-2023,far_east,Far East,0.4627082306595781,0.10966386554621849,0.6566037735849056,0.18793879387938794
catboost_deployment_weighted,CatBoost deployment-weighted,all features,test_2021-2023,central_asia,Central Asia,0.4627082306595781,0.08903924221921515,0.6540755467196819,0.15674130538351597
catboost_deployment_weighted,CatBoost deployment-weighted,all features,test_2021-2023,europe,Europe,0.4627082306595781,0.05501375343835959,0.1276842716192687,0.07689619014330654
catboost_deployment_weighted,CatBoost deployment-weighted,all features,test_2021-2025,global,Global,0.4627082306595781,0.1954436617435242,0.8522842024477926,0.3179710134007452
catboost_deployment_weighted,CatBoost deployment-weighted,all features,test_2021-2025,eastern_siberia,Eastern Siberia,0.4627082306595781,0.25845524478633997,0.9294783637701091,0.4044477844578045
catboost_deployment_weighted,CatBoost deployment-weighted,all features,test_2021-2025,far_east,Far East,0.4627082306595781,0.10624272974020939,0.6682926829268293,0.1833389093342255
catboost_deployment_weighted,CatBoost deployment-weighted,all features,test_2021-2025,central_asia,Central Asia,0.4627082306595781,0.07028034143593744,0.6480223731522173,0.1268079118129935
catboost_deployment_weighted,CatBoost deployment-weighted,all features,test_2021-2025,europe,Europe,0.4627082306595781,0.0567584287039901,0.1288623595505618,0.07880609834657505
catboost_weather_only,Weather-only CatBoost,meteorology/history features only,validation,global,Global,0.4820661726878472,0.26900726659242025,0.8463192950808298,0.4082500104589382
catboost_weather_only,Weather-only CatBoost,meteorology/history features only,test,global,Global,0.4820661726878472,0.22527276925741335,0.9457325200953266,0.3638715994125463
catboost_weather_only,Weather-only CatBoost,meteorology/history features only,test,eastern_siberia,Eastern Siberia,0.4820661726878472,0.31074898785425104,0.9819298301723862,0.47209515096065874
catboost_weather_only,Weather-only CatBoost,meteorology/history features only,test,far_east,Far East,0.4820661726878472,0.1370379683178275,0.8861788617886179,0.23736933797909407
catboost_weather_only,Weather-only CatBoost,meteorology/history features only,test,central_asia,Central Asia,0.4820661726878472,0.06906824641303975,0.8058330003995205,0.12723143884438276
catboost_weather_only,Weather-only CatBoost,meteorology/history features only,test,europe,Europe,0.4820661726878472,0.09076382230744647,0.797752808988764,0.1629842180774749
catboost_weather_only,Weather-only CatBoost,meteorology/history features only,test_2021,global,Global,0.4820661726878472,0.37111831985501287,0.983691264330696,0.5389183152167903
catboost_weather_only,Weather-only CatBoost,meteorology/history features only,test_2021,eastern_siberia,Eastern Siberia,0.4820661726878472,0.5015272616199155,0.9956541512961746,0.6670503597122303
catboost_weather_only,Weather-only CatBoost,meteorology/history features only,test_2021,far_east,Far East,0.4820661726878472,0.14369158878504673,0.9111111111111111,0.248234106962664
catboost_weather_only,Weather-only CatBoost,meteorology/history features only,test_2021,central_asia,Central Asia,0.4820661726878472,0.11618081960287284,0.9136212624584718,0.20614692653673164
catboost_weather_only,Weather-only CatBoost,meteorology/history features only,test_2021,europe,Europe,0.4820661726878472,0.1227460711331679,0.8760330578512396,0.21532211259431225
catboost_weather_only,Weather-only CatBoost,meteorology/history features only,test_2022,global,Global,0.4820661726878472,0.13128241244637942,0.8330286410725167,0.22681894859102347
catboost_weather_only,Weather-only CatBoost,meteorology/history features only,test_2022,eastern_siberia,Eastern Siberia,0.4820661726878472,0.1227894257064722,0.9251373626373627,0.21680347658136165
catboost_weather_only,Weather-only CatBoost,meteorology/history features only,test_2022,far_east,Far East,0.4820661726878472,0.11678832116788321,0.9166666666666666,0.20718069452619187
catboost_weather_only,Weather-only CatBoost,meteorology/history features only,test_2022,central_asia,Central Asia,0.4820661726878472,0.0878561736770692,0.7421203438395415,0.15711252653927812
catboost_weather_only,Weather-only CatBoost,meteorology/history features only,test_2022,europe,Europe,0.4820661726878472,0.06374407582938389,0.7041884816753927,0.11690569317687961
catboost_weather_only,Weather-only CatBoost,meteorology/history features only,test_2023,global,Global,0.4820661726878472,0.16290550070521861,0.9376630907509423,0.2775846530191837
catboost_weather_only,Weather-only CatBoost,meteorology/history features only,test_2023,eastern_siberia,Eastern Siberia,0.4820661726878472,0.09426987060998152,0.9532710280373832,0.17157275021026072
catboost_weather_only,Weather-only CatBoost,meteorology/history features only,test_2023,far_east,Far East,0.4820661726878472,0.18356643356643357,0.9459459459459459,0.3074670571010249
catboost_weather_only,Weather-only CatBoost,meteorology/history features only,test_2023,central_asia,Central Asia,0.4820661726878472,0.05453917846047635,0.7688564476885644,0.10185334407735697
catboost_weather_only,Weather-only CatBoost,meteorology/history features only,test_2023,europe,Europe,0.4820661726878472,0.07054848966613672,0.7186234817813765,0.12848353239232718
catboost_weather_only,Weather-only CatBoost,meteorology/history features only,test_2024,global,Global,0.4820661726878472,0.2045147369169848,0.9442741405736808,0.33621143313777846
catboost_weather_only,Weather-only CatBoost,meteorology/history features only,test_2024,eastern_siberia,Eastern Siberia,0.4820661726878472,0.2823638470451912,0.9843270318306673,0.4388416654660712
catboost_weather_only,Weather-only CatBoost,meteorology/history features only,test_2024,far_east,Far East,0.4820661726878472,0.14531878230901782,0.8489932885906041,0.24816086316821973
catboost_weather_only,Weather-only CatBoost,meteorology/history features only,test_2024,central_asia,Central Asia,0.4820661726878472,0.0236664162283997,0.6737967914438503,0.0457267283614589
catboost_weather_only,Weather-only CatBoost,meteorology/history features only,test_2024,europe,Europe,0.4820661726878472,0.07574340751823452,0.821501014198783,0.1386986301369863
catboost_weather_only,Weather-only CatBoost,meteorology/history features only,test_2025,global,Global,0.4820661726878472,0.11223016636876117,0.862160021124901,0.198607013595304
catboost_weather_only,Weather-only CatBoost,meteorology/history features only,test_2025,eastern_siberia,Eastern Siberia,0.4820661726878472,0.17313802991552352,0.9148239148239148,0.29116976213750406
catboost_weather_only,Weather-only CatBoost,meteorology/history features only,test_2025,far_east,Far East,0.4820661726878472,0.0782472613458529,0.7299270072992701,0.1413427561837456
catboost_weather_only,Weather-only CatBoost,meteorology/history features only,test_2025,central_asia,Central Asia,0.4820661726878472,0.04559748427672956,0.7631578947368421,0.08605341246290801
catboost_weather_only,Weather-only CatBoost,meteorology/history features only,test_2025,europe,Europe,0.4820661726878472,0.1141750227894257,0.7927215189873418,0.199601593625498
catboost_weather_only,Weather-only CatBoost,meteorology/history features only,test_2021-2023,global,Global,0.4820661726878472,0.25575573010841635,0.9547454431175362,0.40343887849603915
catboost_weather_only,Weather-only CatBoost,meteorology/history features only,test_2021-2023,eastern_siberia,Eastern Siberia,0.4820661726878472,0.34787475513821087,0.9885138717087825,0.5146392511327308
catboost_weather_only,Weather-only CatBoost,meteorology/history features only,test_2021-2023,far_east,Far East,0.4820661726878472,0.14934143870314084,0.9270440251572327,0.25724258289703317
catboost_weather_only,Weather-only CatBoost,meteorology/history features only,test_2021-2023,central_asia,Central Asia,0.4820661726878472,0.08828694587834601,0.8245526838966203,0.15949622650579243
catboost_weather_only,Weather-only CatBoost,meteorology/history features only,test_2021-2023,europe,Europe,0.4820661726878472,0.0892985552722756,0.7928032501450958,0.16051703877790835
catboost_weather_only,Weather-only CatBoost,meteorology/history features only,test_2021-2025,global,Global,0.4820661726878472,0.22527276925741335,0.9457325200953266,0.3638715994125463
catboost_weather_only,Weather-only CatBoost,meteorology/history features only,test_2021-2025,eastern_siberia,Eastern Siberia,0.4820661726878472,0.31074898785425104,0.9819298301723862,0.47209515096065874
catboost_weather_only,Weather-only CatBoost,meteorology/history features only,test_2021-2025,far_east,Far East,0.4820661726878472,0.1370379683178275,0.8861788617886179,0.23736933797909407
catboost_weather_only,Weather-only CatBoost,meteorology/history features only,test_2021-2025,central_asia,Central Asia,0.4820661726878472,0.06906824641303975,0.8058330003995205,0.12723143884438276
catboost_weather_only,Weather-only CatBoost,meteorology/history features only,test_2021-2025,europe,Europe,0.4820661726878472,0.09076382230744647,0.797752808988764,0.1629842180774749
catboost_fwi_only,FWI-only CatBoost,fire-weather variables only,validation,global,Global,0.4773367906247884,0.2581589449587748,0.8841670713938805,0.3996330908178625
catboost_fwi_only,FWI-only CatBoost,fire-weather variables only,test,global,Global,0.4773367906247884,0.2130441354292624,0.9109342812133941,0.34532550358693237
catboost_fwi_only,FWI-only CatBoost,fire-weather variables only,test,eastern_siberia,Eastern Siberia,0.4773367906247884,0.31001721609385957,0.9329964499312374,0.46539305228732103
catboost_fwi_only,FWI-only CatBoost,fire-weather variables only,test,far_east,Far East,0.4773367906247884,0.19054002297970127,0.8089430894308943,0.30843149411035337
catboost_fwi_only,FWI-only CatBoost,fire-weather variables only,test,central_asia,Central Asia,0.4773367906247884,0.06623406323251958,0.9256891729924092,0.12362278244631186
catboost_fwi_only,FWI-only CatBoost,fire-weather variables only,test,europe,Europe,0.4773367906247884,0.07943362120907813,0.8332162921348315,0.1450400342277367
catboost_fwi_only,FWI-only CatBoost,fire-weather variables only,test_2021,global,Global,0.4773367906247884,0.36770844907223693,0.9351687388987566,0.5278616431020929
catboost_fwi_only,FWI-only CatBoost,fire-weather variables only,test_2021,eastern_siberia,Eastern Siberia,0.4773367906247884,0.5116747949758875,0.9490120774167466,0.664872902357856
catboost_fwi_only,FWI-only CatBoost,fire-weather variables only,test_2021,far_east,Far East,0.4773367906247884,0.21256931608133087,0.8518518518518519,0.34023668639053256
catboost_fwi_only,FWI-only CatBoost,fire-weather variables only,test_2021,central_asia,Central Asia,0.4773367906247884,0.11080157021653793,0.9689922480620154,0.19886363636363635
catboost_fwi_only,FWI-only CatBoost,fire-weather variables only,test_2021,europe,Europe,0.4773367906247884,0.10642541672602934,0.8819362455726092,0.18993135011441648
catboost_fwi_only,FWI-only CatBoost,fire-weather variables only,test_2022,global,Global,0.4773367906247884,0.1233908252816921,0.9053422709729839,0.21718156125134003
catboost_fwi_only,FWI-only CatBoost,fire-weather variables only,test_2022,eastern_siberia,Eastern Siberia,0.4773367906247884,0.11010425020048116,0.9429945054945055,0.19718512135573746
catboost_fwi_only,FWI-only CatBoost,fire-weather variables only,test_2022,far_east,Far East,0.4773367906247884,0.1603585657370518,0.8385416666666666,0.2692307692307692
catboost_fwi_only,FWI-only CatBoost,fire-weather variables only,test_2022,central_asia,Central Asia,0.4773367906247884,0.0868920921460326,0.9240687679083095,0.1588474325821943
catboost_fwi_only,FWI-only CatBoost,fire-weather variables only,test_2022,europe,Europe,0.4773367906247884,0.05736103711596519,0.8455497382198953,0.10743389323133211
catboost_fwi_only,FWI-only CatBoost,fire-weather variables only,test_2023,global,Global,0.4773367906247884,0.15506429173693087,0.8531458393737316,0.2624303232998885
catboost_fwi_only,FWI-only CatBoost,fire-weather variables only,test_2023,eastern_siberia,Eastern Siberia,0.4773367906247884,0.09079445145018916,0.7764198418404026,0.16257714887851873
catboost_fwi_only,FWI-only CatBoost,fire-weather variables only,test_2023,far_east,Far East,0.4773367906247884,0.21108179419525067,0.7207207207207207,0.32653061224489793
catboost_fwi_only,FWI-only CatBoost,fire-weather variables only,test_2023,central_asia,Central Asia,0.4773367906247884,0.05265441921018371,0.8856447688564477,0.099399235390497
catboost_fwi_only,FWI-only CatBoost,fire-weather variables only,test_2023,europe,Europe,0.4773367906247884,0.0694131902371473,0.8117408906882592,0.12789028863020252
catboost_fwi_only,FWI-only CatBoost,fire-weather variables only,test_2024,global,Global,0.4773367906247884,0.19225535368968893,0.881650974381432,0.3156739381823171
catboost_fwi_only,FWI-only CatBoost,fire-weather variables only,test_2024,eastern_siberia,Eastern Siberia,0.4773367906247884,0.2900556798667846,0.900630150266602,0.43879398567267575
catboost_fwi_only,FWI-only CatBoost,fire-weather variables only,test_2024,far_east,Far East,0.4773367906247884,0.21080139372822299,0.8120805369127517,0.334716459197787
catboost_fwi_only,FWI-only CatBoost,fire-weather variables only,test_2024,central_asia,Central Asia,0.4773367906247884,0.024139472507822977,0.8663101604278075,0.04697013627138301
catboost_fwi_only,FWI-only CatBoost,fire-weather variables only,test_2024,europe,Europe,0.4773367906247884,0.06508264462809918,0.7667342799188641,0.11998095540390415
catboost_fwi_only,FWI-only CatBoost,fire-weather variables only,test_2025,global,Global,0.4773367906247884,0.10817990290372813,0.9355690520200687,0.1939350812852373
catboost_fwi_only,FWI-only CatBoost,fire-weather variables only,test_2025,eastern_siberia,Eastern Siberia,0.4773367906247884,0.17121552161007747,0.9684684684684685,0.29098738849584743
catboost_fwi_only,FWI-only CatBoost,fire-weather variables only,test_2025,far_east,Far East,0.4773367906247884,0.14336075205640422,0.8905109489051095,0.24696356275303644
catboost_fwi_only,FWI-only CatBoost,fire-weather variables only,test_2025,central_asia,Central Asia,0.4773367906247884,0.04488241139450149,0.8914473684210527,0.08546199936928414
catboost_fwi_only,FWI-only CatBoost,fire-weather variables only,test_2025,europe,Europe,0.4773367906247884,0.0929242773541408,0.8291139240506329,0.16711848190081327
catboost_fwi_only,FWI-only CatBoost,fire-weather variables only,test_2021-2023,global,Global,0.4773367906247884,0.24445190189240848,0.9156942584647337,0.38588793495597895
catboost_fwi_only,FWI-only CatBoost,fire-weather variables only,test_2021-2023,eastern_siberia,Eastern Siberia,0.4773367906247884,0.3476943734852951,0.93801908464393,0.507335372264169
catboost_fwi_only,FWI-only CatBoost,fire-weather variables only,test_2021-2023,far_east,Far East,0.4773367906247884,0.19578032888613092,0.7937106918238994,0.31408661025385765
catboost_fwi_only,FWI-only CatBoost,fire-weather variables only,test_2021-2023,central_asia,Central Asia,0.4773367906247884,0.08473890163270814,0.9363817097415507,0.15541348731697258
catboost_fwi_only,FWI-only CatBoost,fire-weather variables only,test_2021-2023,europe,Europe,0.4773367906247884,0.07982851250881857,0.8537434706906558,0.14600496277915634
catboost_fwi_only,FWI-only CatBoost,fire-weather variables only,test_2021-2025,global,Global,0.4773367906247884,0.2130441354292624,0.9109342812133941,0.34532550358693237
catboost_fwi_only,FWI-only CatBoost,fire-weather variables only,test_2021-2025,eastern_siberia,Eastern Siberia,0.4773367906247884,0.31001721609385957,0.9329964499312374,0.46539305228732103
catboost_fwi_only,FWI-only CatBoost,fire-weather variables only,test_2021-2025,far_east,Far East,0.4773367906247884,0.19054002297970127,0.8089430894308943,0.30843149411035337
catboost_fwi_only,FWI-only CatBoost,fire-weather variables only,test_2021-2025,central_asia,Central Asia,0.4773367906247884,0.06623406323251958,0.9256891729924092,0.12362278244631186
catboost_fwi_only,FWI-only CatBoost,fire-weather variables only,test_2021-2025,europe,Europe,0.4773367906247884,0.07943362120907813,0.8332162921348315,0.1450400342277367
random_forest_full,Random Forest,full features,validation,global,Global,0.3723723590373993,0.4068770947350558,0.6654062304863665,0.5049757792754844
random_forest_full,Random Forest,full features,test,global,Global,0.3723723590373993,0.38924094500663403,0.7939370683039141,0.5223775480373136
random_forest_full,Random Forest,full features,test,eastern_siberia,Eastern Siberia,0.3723723590373993,0.4451196964581424,0.88547030415454,0.5924293325915306
random_forest_full,Random Forest,full features,test,far_east,Far East,0.3723723590373993,0.31216361679224974,0.7073170731707317,0.43315907393577296
random_forest_full,Random Forest,full features,test,central_asia,Central Asia,0.3723723590373993,0.14966832504145938,0.7211346384338794,0.24788848451555312
random_forest_full,Random Forest,full features,test,europe,Europe,0.3723723590373993,0.22939560439560439,0.293188202247191,0.2573982737361282
random_forest_full,Random Forest,full features,test_2021,global,Global,0.3723723590373993,0.5201309781856754,0.9105441627644114,0.6620681558014617
random_forest_full,Random Forest,full features,test_2021,eastern_siberia,Eastern Siberia,0.3723723590373993,0.5917851305929878,0.9697811915710748,0.7350338963575779
random_forest_full,Random Forest,full features,test_2021,far_east,Far East,0.3723723590373993,0.325,0.7703703703703704,0.45714285714285713
random_forest_full,Random Forest,full features,test_2021,central_asia,Central Asia,0.3723723590373993,0.19765395894428153,0.7464008859357697,0.3125434732204962
random_forest_full,Random Forest,full features,test_2021,europe,Europe,0.3723723590373993,0.22727272727272727,0.2538370720188902,0.23982152816508645
random_forest_full,Random Forest,full features,test_2022,global,Global,0.3723723590373993,0.24847441714911594,0.6451350802356287,0.35876870940412314
random_forest_full,Random Forest,full features,test_2022,eastern_siberia,Eastern Siberia,0.3723723590373993,0.17628826036419992,0.625,0.2750075551526141
random_forest_full,Random Forest,full features,test_2022,far_east,Far East,0.3723723590373993,0.25457875457875456,0.7239583333333334,0.37669376693766937
random_forest_full,Random Forest,full features,test_2022,central_asia,Central Asia,0.3723723590373993,0.18539934947596676,0.7349570200573066,0.2961038961038961
random_forest_full,Random Forest,full features,test_2022,europe,Europe,0.3723723590373993,0.22321428571428573,0.4581151832460733,0.30017152658662094
random_forest_full,Random Forest,full features,test_2023,global,Global,0.3723723590373993,0.29700085689802913,0.7536967236880255,0.4260951522353809
random_forest_full,Random Forest,full features,test_2023,eastern_siberia,Eastern Siberia,0.3723723590373993,0.15923661845832712,0.7677929547088426,0.2637688318103235
random_forest_full,Random Forest,full features,test_2023,far_east,Far East,0.3723723590373993,0.33724340175953077,0.6906906906906907,0.45320197044334976
random_forest_full,Random Forest,full features,test_2023,central_asia,Central Asia,0.3723723590373993,0.1377702416278084,0.7907542579075426,0.23465703971119134
random_forest_full,Random Forest,full features,test_2023,europe,Europe,0.3723723590373993,0.231433506044905,0.27125506072874495,0.24976700838769805
random_forest_full,Random Forest,full features,test_2024,global,Global,0.3723723590373993,0.3283053365329677,0.6290781694766805,0.4314461630875507
random_forest_full,Random Forest,full features,test_2024,eastern_siberia,Eastern Siberia,0.3723723590373993,0.3709936575052854,0.7088382614315721,0.487065615632286
random_forest_full,Random Forest,full features,test_2024,far_east,Far East,0.3723723590373993,0.30060422960725075,0.6677852348993288,0.41458333333333336
random_forest_full,Random Forest,full features,test_2024,central_asia,Central Asia,0.3723723590373993,0.07632311977715878,0.732620320855615,0.13824419778002017
random_forest_full,Random Forest,full features,test_2024,europe,Europe,0.3723723590373993,0.23970588235294119,0.3306288032454361,0.27791986359761295
random_forest_full,Random Forest,full features,test_2025,global,Global,0.3723723590373993,0.26771013314361214,0.6955373646686032,0.3866138265081462
random_forest_full,Random Forest,full features,test_2025,eastern_siberia,Eastern Siberia,0.3723723590373993,0.35055957867017773,0.8722358722358723,0.5001173984503404
random_forest_full,Random Forest,full features,test_2025,far_east,Far East,0.3723723590373993,0.3657587548638132,0.6861313868613139,0.47715736040609136
random_forest_full,Random Forest,full features,test_2025,central_asia,Central Asia,0.3723723590373993,0.09022556390977443,0.5131578947368421,0.15346778160354158
random_forest_full,Random Forest,full features,test_2025,europe,Europe,0.3723723590373993,0.22734254992319508,0.23417721518987342,0.23070927513639908
random_forest_full,Random Forest,full features,test_2021-2023,global,Global,0.3723723590373993,0.41995573839490585,0.8452709534610444,0.5611269343105418
random_forest_full,Random Forest,full features,test_2021-2023,eastern_siberia,Eastern Siberia,0.3723723590373993,0.4778771050611766,0.9351917299876303,0.6325335405025846
random_forest_full,Random Forest,full features,test_2021-2023,far_east,Far East,0.3723723590373993,0.3088865096359743,0.7257861635220125,0.4333458505444987
random_forest_full,Random Forest,full features,test_2021-2023,central_asia,Central Asia,0.3723723590373993,0.17713214620431114,0.7514910536779325,0.28668941979522183
random_forest_full,Random Forest,full features,test_2021-2023,europe,Europe,0.3723723590373993,0.22693806842789085,0.3041207196749855,0.25992063492063494
random_forest_full,Random Forest,full features,test_2021-2025,global,Global,0.3723723590373993,0.38924094500663403,0.7939370683039141,0.5223775480373136
random_forest_full,Random Forest,full features,test_2021-2025,eastern_siberia,Eastern Siberia,0.3723723590373993,0.4451196964581424,0.88547030415454,0.5924293325915306
random_forest_full,Random Forest,full features,test_2021-2025,far_east,Far East,0.3723723590373993,0.31216361679224974,0.7073170731707317,0.43315907393577296
random_forest_full,Random Forest,full features,test_2021-2025,central_asia,Central Asia,0.3723723590373993,0.14966832504145938,0.7211346384338794,0.24788848451555312
random_forest_full,Random Forest,full features,test_2021-2025,europe,Europe,0.3723723590373993,0.22939560439560439,0.293188202247191,0.2573982737361282
ablation_full,CatBoost,all features,validation,global,Global,0.4920829446562272,0.40976393941957867,0.6720321931589537,0.5091061995742556
ablation_full,CatBoost,all features,test,global,Global,0.4920829446562272,0.3866930421881538,0.8211818879508825,0.5257917264745057
ablation_full,CatBoost,all features,test,eastern_siberia,Eastern Siberia,0.4920829446562272,0.43778106373572767,0.9184763488662168,0.5929428282369459
ablation_full,CatBoost,all features,test,far_east,Far East,0.4920829446562272,0.30345572354211664,0.6853658536585366,0.42065868263473055
ablation_full,CatBoost,all features,test,central_asia,Central Asia,0.4920829446562272,0.1343710860619073,0.600079904115062,0.2195745925005482
ablation_full,CatBoost,all features,test,europe,Europe,0.4920829446562272,0.22818944029005211,0.3535814606741573,0.2773722627737226
ablation_full,CatBoost,all features,test_2021,global,Global,0.4920829446562272,0.5139414256268545,0.9159534958824479,0.6584350198052843
ablation_full,CatBoost,all features,test_2021,eastern_siberia,Eastern Siberia,0.4920829446562272,0.5833057104113304,0.978169690231947,0.7308113414127685
ablation_full,CatBoost,all features,test_2021,far_east,Far East,0.4920829446562272,0.3344103392568659,0.7666666666666667,0.46569178852643417
ablation_full,CatBoost,all features,test_2021,central_asia,Central Asia,0.4920829446562272,0.17363896848137536,0.6710963455149501,0.27589346687912586
ablation_full,CatBoost,all features,test_2021,europe,Europe,0.4920829446562272,0.3008356545961003,0.3825265643447462,0.3367983367983368
ablation_full,CatBoost,all features,test_2022,global,Global,0.4920829446562272,0.2345258375922771,0.5872435506804794,0.33518840579710146
ablation_full,CatBoost,all features,test_2022,eastern_siberia,Eastern Siberia,0.4920829446562272,0.17444101773323054,0.6215659340659341,0.2724262492474413
ablation_full,CatBoost,all features,test_2022,far_east,Far East,0.4920829446562272,0.25675675675675674,0.59375,0.3584905660377358
ablation_full,CatBoost,all features,test_2022,central_asia,Central Asia,0.4920829446562272,0.15866666666666668,0.5114613180515759,0.24219810040705564
ablation_full,CatBoost,all features,test_2022,europe,Europe,0.4920829446562272,0.15855354659248957,0.29842931937172773,0.20708446866485014
ablation_full,CatBoost,all features,test_2023,global,Global,0.4920829446562272,0.29749973057441537,0.8003769208466223,0.43376807039597737
ablation_full,CatBoost,all features,test_2023,eastern_siberia,Eastern Siberia,0.4920829446562272,0.16270566727605118,0.8317757009345794,0.27217125382262997
ablation_full,CatBoost,all features,test_2023,far_east,Far East,0.4920829446562272,0.36363636363636365,0.7687687687687688,0.49373191899710706
ablation_full,CatBoost,all features,test_2023,central_asia,Central Asia,0.4920829446562272,0.12931034482758622,0.8029197080291971,0.22274721565980427
ablation_full,CatBoost,all features,test_2023,europe,Europe,0.4920829446562272,0.22280471821756226,0.3441295546558704,0.27048528241845665
ablation_full,CatBoost,all features,test_2024,global,Global,0.4920829446562272,0.3396457832507482,0.7579373768338078,0.46908561168140395
ablation_full,CatBoost,all features,test_2024,eastern_siberia,Eastern Siberia,0.4920829446562272,0.3724354850239474,0.8418161253837454,0.5164040043611855
ablation_full,CatBoost,all features,test_2024,far_east,Far East,0.4920829446562272,0.24935400516795866,0.6476510067114094,0.36007462686567165
ablation_full,CatBoost,all features,test_2024,central_asia,Central Asia,0.4920829446562272,0.05993930197268589,0.42245989304812837,0.10498338870431893
ablation_full,CatBoost,all features,test_2024,europe,Europe,0.4920829446562272,0.17659574468085107,0.3367139959432049,0.2316817864619679
ablation_full,CatBoost,all features,test_2025,global,Global,0.4920829446562272,0.27078409207686777,0.695801425930816,0.3898505696108892
ablation_full,CatBoost,all features,test_2025,eastern_siberia,Eastern Siberia,0.4920829446562272,0.34100555011426703,0.8554463554463555,0.4876283846872082
ablation_full,CatBoost,all features,test_2025,far_east,Far East,0.4920829446562272,0.3080168776371308,0.5328467153284672,0.39037433155080214
ablation_full,CatBoost,all features,test_2025,central_asia,Central Asia,0.4920829446562272,0.08290816326530612,0.4276315789473684,0.1388888888888889
ablation_full,CatBoost,all features,test_2025,europe,Europe,0.4920829446562272,0.2549234135667396,0.3686708860759494,0.3014230271668823
ablation_full,CatBoost,all features,test_2021-2023,global,Global,0.4920829446562272,0.4145054242076925,0.8499439783565162,0.557248694312308
ablation_full,CatBoost,all features,test_2021-2023,eastern_siberia,Eastern Siberia,0.4920829446562272,0.47091284847418874,0.946236084113801,0.6288608338226659
ablation_full,CatBoost,all features,test_2021-2023,far_east,Far East,0.4920829446562272,0.3265421618562535,0.7257861635220125,0.45042935206869633
ablation_full,CatBoost,all features,test_2021-2023,central_asia,Central Asia,0.4920829446562272,0.15593342981186686,0.6426441351888668,0.2509704968944099
ablation_full,CatBoost,all features,test_2021-2023,europe,Europe,0.4920829446562272,0.23759280969128566,0.3528728961114335,0.28397944885567494
ablation_full,CatBoost,all features,test_2021-2025,global,Global,0.4920829446562272,0.3866930421881538,0.8211818879508825,0.5257917264745057
ablation_full,CatBoost,all features,test_2021-2025,eastern_siberia,Eastern Siberia,0.4920829446562272,0.43778106373572767,0.9184763488662168,0.5929428282369459
ablation_full,CatBoost,all features,test_2021-2025,far_east,Far East,0.4920829446562272,0.30345572354211664,0.6853658536585366,0.42065868263473055
ablation_full,CatBoost,all features,test_2021-2025,central_asia,Central Asia,0.4920829446562272,0.1343710860619073,0.600079904115062,0.2195745925005482
ablation_full,CatBoost,all features,test_2021-2025,europe,Europe,0.4920829446562272,0.22818944029005211,0.3535814606741573,0.2773722627737226
ablation_weather_only,Weather-only CatBoost,meteorology/history features only,validation,global,Global,0.4820661726878472,0.26900726659242025,0.8463192950808298,0.4082500104589382
ablation_weather_only,Weather-only CatBoost,meteorology/history features only,test,global,Global,0.4820661726878472,0.22527276925741335,0.9457325200953266,0.3638715994125463
ablation_weather_only,Weather-only CatBoost,meteorology/history features only,test,eastern_siberia,Eastern Siberia,0.4820661726878472,0.31074898785425104,0.9819298301723862,0.47209515096065874
ablation_weather_only,Weather-only CatBoost,meteorology/history features only,test,far_east,Far East,0.4820661726878472,0.1370379683178275,0.8861788617886179,0.23736933797909407
ablation_weather_only,Weather-only CatBoost,meteorology/history features only,test,central_asia,Central Asia,0.4820661726878472,0.06906824641303975,0.8058330003995205,0.12723143884438276
ablation_weather_only,Weather-only CatBoost,meteorology/history features only,test,europe,Europe,0.4820661726878472,0.09076382230744647,0.797752808988764,0.1629842180774749
ablation_weather_only,Weather-only CatBoost,meteorology/history features only,test_2021,global,Global,0.4820661726878472,0.37111831985501287,0.983691264330696,0.5389183152167903
ablation_weather_only,Weather-only CatBoost,meteorology/history features only,test_2021,eastern_siberia,Eastern Siberia,0.4820661726878472,0.5015272616199155,0.9956541512961746,0.6670503597122303
ablation_weather_only,Weather-only CatBoost,meteorology/history features only,test_2021,far_east,Far East,0.4820661726878472,0.14369158878504673,0.9111111111111111,0.248234106962664
ablation_weather_only,Weather-only CatBoost,meteorology/history features only,test_2021,central_asia,Central Asia,0.4820661726878472,0.11618081960287284,0.9136212624584718,0.20614692653673164
ablation_weather_only,Weather-only CatBoost,meteorology/history features only,test_2021,europe,Europe,0.4820661726878472,0.1227460711331679,0.8760330578512396,0.21532211259431225
ablation_weather_only,Weather-only CatBoost,meteorology/history features only,test_2022,global,Global,0.4820661726878472,0.13128241244637942,0.8330286410725167,0.22681894859102347
ablation_weather_only,Weather-only CatBoost,meteorology/history features only,test_2022,eastern_siberia,Eastern Siberia,0.4820661726878472,0.1227894257064722,0.9251373626373627,0.21680347658136165
ablation_weather_only,Weather-only CatBoost,meteorology/history features only,test_2022,far_east,Far East,0.4820661726878472,0.11678832116788321,0.9166666666666666,0.20718069452619187
ablation_weather_only,Weather-only CatBoost,meteorology/history features only,test_2022,central_asia,Central Asia,0.4820661726878472,0.0878561736770692,0.7421203438395415,0.15711252653927812
ablation_weather_only,Weather-only CatBoost,meteorology/history features only,test_2022,europe,Europe,0.4820661726878472,0.06374407582938389,0.7041884816753927,0.11690569317687961
ablation_weather_only,Weather-only CatBoost,meteorology/history features only,test_2023,global,Global,0.4820661726878472,0.16290550070521861,0.9376630907509423,0.2775846530191837
ablation_weather_only,Weather-only CatBoost,meteorology/history features only,test_2023,eastern_siberia,Eastern Siberia,0.4820661726878472,0.09426987060998152,0.9532710280373832,0.17157275021026072
ablation_weather_only,Weather-only CatBoost,meteorology/history features only,test_2023,far_east,Far East,0.4820661726878472,0.18356643356643357,0.9459459459459459,0.3074670571010249
ablation_weather_only,Weather-only CatBoost,meteorology/history features only,test_2023,central_asia,Central Asia,0.4820661726878472,0.05453917846047635,0.7688564476885644,0.10185334407735697
ablation_weather_only,Weather-only CatBoost,meteorology/history features only,test_2023,europe,Europe,0.4820661726878472,0.07054848966613672,0.7186234817813765,0.12848353239232718
ablation_weather_only,Weather-only CatBoost,meteorology/history features only,test_2024,global,Global,0.4820661726878472,0.2045147369169848,0.9442741405736808,0.33621143313777846
ablation_weather_only,Weather-only CatBoost,meteorology/history features only,test_2024,eastern_siberia,Eastern Siberia,0.4820661726878472,0.2823638470451912,0.9843270318306673,0.4388416654660712
ablation_weather_only,Weather-only CatBoost,meteorology/history features only,test_2024,far_east,Far East,0.4820661726878472,0.14531878230901782,0.8489932885906041,0.24816086316821973
ablation_weather_only,Weather-only CatBoost,meteorology/history features only,test_2024,central_asia,Central Asia,0.4820661726878472,0.0236664162283997,0.6737967914438503,0.0457267283614589
ablation_weather_only,Weather-only CatBoost,meteorology/history features only,test_2024,europe,Europe,0.4820661726878472,0.07574340751823452,0.821501014198783,0.1386986301369863
ablation_weather_only,Weather-only CatBoost,meteorology/history features only,test_2025,global,Global,0.4820661726878472,0.11223016636876117,0.862160021124901,0.198607013595304
ablation_weather_only,Weather-only CatBoost,meteorology/history features only,test_2025,eastern_siberia,Eastern Siberia,0.4820661726878472,0.17313802991552352,0.9148239148239148,0.29116976213750406
ablation_weather_only,Weather-only CatBoost,meteorology/history features only,test_2025,far_east,Far East,0.4820661726878472,0.0782472613458529,0.7299270072992701,0.1413427561837456
ablation_weather_only,Weather-only CatBoost,meteorology/history features only,test_2025,central_asia,Central Asia,0.4820661726878472,0.04559748427672956,0.7631578947368421,0.08605341246290801
ablation_weather_only,Weather-only CatBoost,meteorology/history features only,test_2025,europe,Europe,0.4820661726878472,0.1141750227894257,0.7927215189873418,0.199601593625498
ablation_weather_only,Weather-only CatBoost,meteorology/history features only,test_2021-2023,global,Global,0.4820661726878472,0.25575573010841635,0.9547454431175362,0.40343887849603915
ablation_weather_only,Weather-only CatBoost,meteorology/history features only,test_2021-2023,eastern_siberia,Eastern Siberia,0.4820661726878472,0.34787475513821087,0.9885138717087825,0.5146392511327308
ablation_weather_only,Weather-only CatBoost,meteorology/history features only,test_2021-2023,far_east,Far East,0.4820661726878472,0.14934143870314084,0.9270440251572327,0.25724258289703317
ablation_weather_only,Weather-only CatBoost,meteorology/history features only,test_2021-2023,central_asia,Central Asia,0.4820661726878472,0.08828694587834601,0.8245526838966203,0.15949622650579243
ablation_weather_only,Weather-only CatBoost,meteorology/history features only,test_2021-2023,europe,Europe,0.4820661726878472,0.0892985552722756,0.7928032501450958,0.16051703877790835
ablation_weather_only,Weather-only CatBoost,meteorology/history features only,test_2021-2025,global,Global,0.4820661726878472,0.22527276925741335,0.9457325200953266,0.3638715994125463
ablation_weather_only,Weather-only CatBoost,meteorology/history features only,test_2021-2025,eastern_siberia,Eastern Siberia,0.4820661726878472,0.31074898785425104,0.9819298301723862,0.47209515096065874
ablation_weather_only,Weather-only CatBoost,meteorology/history features only,test_2021-2025,far_east,Far East,0.4820661726878472,0.1370379683178275,0.8861788617886179,0.23736933797909407
ablation_weather_only,Weather-only CatBoost,meteorology/history features only,test_2021-2025,central_asia,Central Asia,0.4820661726878472,0.06906824641303975,0.8058330003995205,0.12723143884438276
ablation_weather_only,Weather-only CatBoost,meteorology/history features only,test_2021-2025,europe,Europe,0.4820661726878472,0.09076382230744647,0.797752808988764,0.1629842180774749
ablation_fwi_only,FWI-only CatBoost,fire-weather variables only,validation,global,Global,0.4773367906247884,0.2581589449587748,0.8841670713938805,0.3996330908178625
ablation_fwi_only,FWI-only CatBoost,fire-weather variables only,test,global,Global,0.4773367906247884,0.2130441354292624,0.9109342812133941,0.34532550358693237
ablation_fwi_only,FWI-only CatBoost,fire-weather variables only,test,eastern_siberia,Eastern Siberia,0.4773367906247884,0.31001721609385957,0.9329964499312374,0.46539305228732103
ablation_fwi_only,FWI-only CatBoost,fire-weather variables only,test,far_east,Far East,0.4773367906247884,0.19054002297970127,0.8089430894308943,0.30843149411035337
ablation_fwi_only,FWI-only CatBoost,fire-weather variables only,test,central_asia,Central Asia,0.4773367906247884,0.06623406323251958,0.9256891729924092,0.12362278244631186
ablation_fwi_only,FWI-only CatBoost,fire-weather variables only,test,europe,Europe,0.4773367906247884,0.07943362120907813,0.8332162921348315,0.1450400342277367
ablation_fwi_only,FWI-only CatBoost,fire-weather variables only,test_2021,global,Global,0.4773367906247884,0.36770844907223693,0.9351687388987566,0.5278616431020929
ablation_fwi_only,FWI-only CatBoost,fire-weather variables only,test_2021,eastern_siberia,Eastern Siberia,0.4773367906247884,0.5116747949758875,0.9490120774167466,0.664872902357856
ablation_fwi_only,FWI-only CatBoost,fire-weather variables only,test_2021,far_east,Far East,0.4773367906247884,0.21256931608133087,0.8518518518518519,0.34023668639053256
ablation_fwi_only,FWI-only CatBoost,fire-weather variables only,test_2021,central_asia,Central Asia,0.4773367906247884,0.11080157021653793,0.9689922480620154,0.19886363636363635
ablation_fwi_only,FWI-only CatBoost,fire-weather variables only,test_2021,europe,Europe,0.4773367906247884,0.10642541672602934,0.8819362455726092,0.18993135011441648
ablation_fwi_only,FWI-only CatBoost,fire-weather variables only,test_2022,global,Global,0.4773367906247884,0.1233908252816921,0.9053422709729839,0.21718156125134003
ablation_fwi_only,FWI-only CatBoost,fire-weather variables only,test_2022,eastern_siberia,Eastern Siberia,0.4773367906247884,0.11010425020048116,0.9429945054945055,0.19718512135573746
ablation_fwi_only,FWI-only CatBoost,fire-weather variables only,test_2022,far_east,Far East,0.4773367906247884,0.1603585657370518,0.8385416666666666,0.2692307692307692
ablation_fwi_only,FWI-only CatBoost,fire-weather variables only,test_2022,central_asia,Central Asia,0.4773367906247884,0.0868920921460326,0.9240687679083095,0.1588474325821943
ablation_fwi_only,FWI-only CatBoost,fire-weather variables only,test_2022,europe,Europe,0.4773367906247884,0.05736103711596519,0.8455497382198953,0.10743389323133211
ablation_fwi_only,FWI-only CatBoost,fire-weather variables only,test_2023,global,Global,0.4773367906247884,0.15506429173693087,0.8531458393737316,0.2624303232998885
ablation_fwi_only,FWI-only CatBoost,fire-weather variables only,test_2023,eastern_siberia,Eastern Siberia,0.4773367906247884,0.09079445145018916,0.7764198418404026,0.16257714887851873
ablation_fwi_only,FWI-only CatBoost,fire-weather variables only,test_2023,far_east,Far East,0.4773367906247884,0.21108179419525067,0.7207207207207207,0.32653061224489793
ablation_fwi_only,FWI-only CatBoost,fire-weather variables only,test_2023,central_asia,Central Asia,0.4773367906247884,0.05265441921018371,0.8856447688564477,0.099399235390497
ablation_fwi_only,FWI-only CatBoost,fire-weather variables only,test_2023,europe,Europe,0.4773367906247884,0.0694131902371473,0.8117408906882592,0.12789028863020252
ablation_fwi_only,FWI-only CatBoost,fire-weather variables only,test_2024,global,Global,0.4773367906247884,0.19225535368968893,0.881650974381432,0.3156739381823171
ablation_fwi_only,FWI-only CatBoost,fire-weather variables only,test_2024,eastern_siberia,Eastern Siberia,0.4773367906247884,0.2900556798667846,0.900630150266602,0.43879398567267575
ablation_fwi_only,FWI-only CatBoost,fire-weather variables only,test_2024,far_east,Far East,0.4773367906247884,0.21080139372822299,0.8120805369127517,0.334716459197787
ablation_fwi_only,FWI-only CatBoost,fire-weather variables only,test_2024,central_asia,Central Asia,0.4773367906247884,0.024139472507822977,0.8663101604278075,0.04697013627138301
ablation_fwi_only,FWI-only CatBoost,fire-weather variables only,test_2024,europe,Europe,0.4773367906247884,0.06508264462809918,0.7667342799188641,0.11998095540390415
ablation_fwi_only,FWI-only CatBoost,fire-weather variables only,test_2025,global,Global,0.4773367906247884,0.10817990290372813,0.9355690520200687,0.1939350812852373
ablation_fwi_only,FWI-only CatBoost,fire-weather variables only,test_2025,eastern_siberia,Eastern Siberia,0.4773367906247884,0.17121552161007747,0.9684684684684685,0.29098738849584743
ablation_fwi_only,FWI-only CatBoost,fire-weather variables only,test_2025,far_east,Far East,0.4773367906247884,0.14336075205640422,0.8905109489051095,0.24696356275303644
ablation_fwi_only,FWI-only CatBoost,fire-weather variables only,test_2025,central_asia,Central Asia,0.4773367906247884,0.04488241139450149,0.8914473684210527,0.08546199936928414
ablation_fwi_only,FWI-only CatBoost,fire-weather variables only,test_2025,europe,Europe,0.4773367906247884,0.0929242773541408,0.8291139240506329,0.16711848190081327
ablation_fwi_only,FWI-only CatBoost,fire-weather variables only,test_2021-2023,global,Global,0.4773367906247884,0.24445190189240848,0.9156942584647337,0.38588793495597895
ablation_fwi_only,FWI-only CatBoost,fire-weather variables only,test_2021-2023,eastern_siberia,Eastern Siberia,0.4773367906247884,0.3476943734852951,0.93801908464393,0.507335372264169
ablation_fwi_only,FWI-only CatBoost,fire-weather variables only,test_2021-2023,far_east,Far East,0.4773367906247884,0.19578032888613092,0.7937106918238994,0.31408661025385765
ablation_fwi_only,FWI-only CatBoost,fire-weather variables only,test_2021-2023,central_asia,Central Asia,0.4773367906247884,0.08473890163270814,0.9363817097415507,0.15541348731697258
ablation_fwi_only,FWI-only CatBoost,fire-weather variables only,test_2021-2023,europe,Europe,0.4773367906247884,0.07982851250881857,0.8537434706906558,0.14600496277915634
ablation_fwi_only,FWI-only CatBoost,fire-weather variables only,test_2021-2025,global,Global,0.4773367906247884,0.2130441354292624,0.9109342812133941,0.34532550358693237
ablation_fwi_only,FWI-only CatBoost,fire-weather variables only,test_2021-2025,eastern_siberia,Eastern Siberia,0.4773367906247884,0.31001721609385957,0.9329964499312374,0.46539305228732103
ablation_fwi_only,FWI-only CatBoost,fire-weather variables only,test_2021-2025,far_east,Far East,0.4773367906247884,0.19054002297970127,0.8089430894308943,0.30843149411035337
ablation_fwi_only,FWI-only CatBoost,fire-weather variables only,test_2021-2025,central_asia,Central Asia,0.4773367906247884,0.06623406323251958,0.9256891729924092,0.12362278244631186
ablation_fwi_only,FWI-only CatBoost,fire-weather variables only,test_2021-2025,europe,Europe,0.4773367906247884,0.07943362120907813,0.8332162921348315,0.1450400342277367
ablation_no_anthropogenic,CatBoost,full minus roads/population/night lights,validation,global,Global,0.5002497225079148,0.4082535350445851,0.6019565669881357,0.4865342287148285
ablation_no_anthropogenic,CatBoost,full minus roads/population/night lights,test,global,Global,0.5002497225079148,0.39414676178262265,0.7945025649311306,0.5269015952103507
ablation_no_anthropogenic,CatBoost,full minus roads/population/night lights,test,eastern_siberia,Eastern Siberia,0.5002497225079148,0.45195615134857103,0.8992867879873349,0.6015767910056589
ablation_no_anthropogenic,CatBoost,full minus roads/population/night lights,test,far_east,Far East,0.5002497225079148,0.30474989491382937,0.5894308943089431,0.40177334441673596
ablation_no_anthropogenic,CatBoost,full minus roads/population/night lights,test,central_asia,Central Asia,0.5002497225079148,0.12404745828108421,0.5137834598481822,0.19984459984459985
ablation_no_anthropogenic,CatBoost,full minus roads/population/night lights,test,europe,Europe,0.5002497225079148,0.17318714178918515,0.2440308988764045,0.2025943739979595
ablation_no_anthropogenic,CatBoost,full minus roads/population/night lights,test_2021,global,Global,0.5002497225079148,0.520529677374073,0.8981511383820442,0.6590831667036955
ablation_no_anthropogenic,CatBoost,full minus roads/population/night lights,test_2021,eastern_siberia,Eastern Siberia,0.5002497225079148,0.5938271604938271,0.9722573146697661,0.7373201249305409
ablation_no_anthropogenic,CatBoost,full minus roads/population/night lights,test_2021,far_east,Far East,0.5002497225079148,0.34460887949260044,0.6037037037037037,0.4387617765814266
ablation_no_anthropogenic,CatBoost,full minus roads/population/night lights,test_2021,central_asia,Central Asia,0.5002497225079148,0.16427041908840623,0.5946843853820598,0.25743048897411314
ablation_no_anthropogenic,CatBoost,full minus roads/population/night lights,test_2021,europe,Europe,0.5002497225079148,0.18461538461538463,0.21251475796930341,0.19758507135016465
ablation_no_anthropogenic,CatBoost,full minus roads/population/night lights,test_2022,global,Global,0.5002497225079148,0.22431735301965666,0.5122892545196018,0.3120128665099592
ablation_no_anthropogenic,CatBoost,full minus roads/population/night lights,test_2022,eastern_siberia,Eastern Siberia,0.5002497225079148,0.16061305899643083,0.5254120879120879,0.2460202604920405
ablation_no_anthropogenic,CatBoost,full minus roads/population/night lights,test_2022,far_east,Far East,0.5002497225079148,0.2715736040609137,0.5572916666666666,0.3651877133105802
ablation_no_anthropogenic,CatBoost,full minus roads/population/night lights,test_2022,central_asia,Central Asia,0.5002497225079148,0.14475703324808184,0.4054441260744986,0.21334338484734264
ablation_no_anthropogenic,CatBoost,full minus roads/population/night lights,test_2022,europe,Europe,0.5002497225079148,0.13744075829383887,0.22774869109947643,0.17142857142857143
ablation_no_anthropogenic,CatBoost,full minus roads/population/night lights,test_2023,global,Global,0.5002497225079148,0.2982576799633196,0.7544215714699913,0.4275034913332786
ablation_no_anthropogenic,CatBoost,full minus roads/population/night lights,test_2023,eastern_siberia,Eastern Siberia,0.5002497225079148,0.17889839411676423,0.8569374550682962,0.296001986590514
ablation_no_anthropogenic,CatBoost,full minus roads/population/night lights,test_2023,far_east,Far East,0.5002497225079148,0.36209813874788493,0.6426426426426426,0.46320346320346323
ablation_no_anthropogenic,CatBoost,full minus roads/population/night lights,test_2023,central_asia,Central Asia,0.5002497225079148,0.11426222770242499,0.6763990267639902,0.19549929676511954
ablation_no_anthropogenic,CatBoost,full minus roads/population/night lights,test_2023,europe,Europe,0.5002497225079148,0.12962962962962962,0.15587044534412955,0.14154411764705882
ablation_no_anthropogenic,CatBoost,full minus roads/population/night lights,test_2024,global,Global,0.5002497225079148,0.3568245414032542,0.7538865776220713,0.48438379290939787
ablation_no_anthropogenic,CatBoost,full minus roads/population/night lights,test_2024,eastern_siberia,Eastern Siberia,0.5002497225079148,0.3857468732793204,0.792373566004201,0.5188868902761613
ablation_no_anthropogenic,CatBoost,full minus roads/population/night lights,test_2024,far_east,Far East,0.5002497225079148,0.2555391432791728,0.5805369127516778,0.3548717948717949
ablation_no_anthropogenic,CatBoost,full minus roads/population/night lights,test_2024,central_asia,Central Asia,0.5002497225079148,0.06633906633906633,0.43315508021390375,0.11505681818181818
ablation_no_anthropogenic,CatBoost,full minus roads/population/night lights,test_2024,europe,Europe,0.5002497225079148,0.15948275862068967,0.3002028397565923,0.2083040112596763
ablation_no_anthropogenic,CatBoost,full minus roads/population/night lights,test_2025,global,Global,0.5002497225079148,0.2730277655354782,0.6543438077634011,0.3852911451449895
ablation_no_anthropogenic,CatBoost,full minus roads/population/night lights,test_2025,eastern_siberia,Eastern Siberia,0.5002497225079148,0.35541850220264315,0.825962325962326,0.4969816434643341
ablation_no_anthropogenic,CatBoost,full minus roads/population/night lights,test_2025,far_east,Far East,0.5002497225079148,0.2786885245901639,0.49635036496350365,0.3569553805774278
ablation_no_anthropogenic,CatBoost,full minus roads/population/night lights,test_2025,central_asia,Central Asia,0.5002497225079148,0.07186030893216924,0.3519736842105263,0.11935303959843838
ablation_no_anthropogenic,CatBoost,full minus roads/population/night lights,test_2025,europe,Europe,0.5002497225079148,0.22989807474518686,0.3212025316455696,0.26798679867986797
ablation_no_anthropogenic,CatBoost,full minus roads/population/night lights,test_2021-2023,global,Global,0.5002497225079148,0.4196181090237142,0.8191457382559506,0.5549538541290603
ablation_no_anthropogenic,CatBoost,full minus roads/population/night lights,test_2021-2023,eastern_siberia,Eastern Siberia,0.5002497225079148,0.4836626659973532,0.9364286976497614,0.6378682555445216
ablation_no_anthropogenic,CatBoost,full minus roads/population/night lights,test_2021-2023,far_east,Far East,0.5002497225079148,0.3319615912208505,0.6088050314465409,0.42964935641367064
ablation_no_anthropogenic,CatBoost,full minus roads/population/night lights,test_2021-2023,central_asia,Central Asia,0.5002497225079148,0.14339819772756954,0.5457256461232605,0.22711759230530562
ablation_no_anthropogenic,CatBoost,full minus roads/population/night lights,test_2021-2023,europe,Europe,0.5002497225079148,0.15622161671207993,0.1996517701683111,0.17528662420382166
ablation_no_anthropogenic,CatBoost,full minus roads/population/night lights,test_2021-2025,global,Global,0.5002497225079148,0.39414676178262265,0.7945025649311306,0.5269015952103507
ablation_no_anthropogenic,CatBoost,full minus roads/population/night lights,test_2021-2025,eastern_siberia,Eastern Siberia,0.5002497225079148,0.45195615134857103,0.8992867879873349,0.6015767910056589
ablation_no_anthropogenic,CatBoost,full minus roads/population/night lights,test_2021-2025,far_east,Far East,0.5002497225079148,0.30474989491382937,0.5894308943089431,0.40177334441673596
ablation_no_anthropogenic,CatBoost,full minus roads/population/night lights,test_2021-2025,central_asia,Central Asia,0.5002497225079148,0.12404745828108421,0.5137834598481822,0.19984459984459985
ablation_no_anthropogenic,CatBoost,full minus roads/population/night lights,test_2021-2025,europe,Europe,0.5002497225079148,0.17318714178918515,0.2440308988764045,0.2025943739979595
ablation_no_ecoregion,CatBoost,full minus ecoregion categorical variables,validation,global,Global,0.4920829446562272,0.40976393941957867,0.6720321931589537,0.5091061995742556
ablation_no_ecoregion,CatBoost,full minus ecoregion categorical variables,test,global,Global,0.4920829446562272,0.3866930421881538,0.8211818879508825,0.5257917264745057
ablation_no_ecoregion,CatBoost,full minus ecoregion categorical variables,test,eastern_siberia,Eastern Siberia,0.4920829446562272,0.43778106373572767,0.9184763488662168,0.5929428282369459
ablation_no_ecoregion,CatBoost,full minus ecoregion categorical variables,test,far_east,Far East,0.4920829446562272,0.30345572354211664,0.6853658536585366,0.42065868263473055
ablation_no_ecoregion,CatBoost,full minus ecoregion categorical variables,test,central_asia,Central Asia,0.4920829446562272,0.1343710860619073,0.600079904115062,0.2195745925005482
ablation_no_ecoregion,CatBoost,full minus ecoregion categorical variables,test,europe,Europe,0.4920829446562272,0.22818944029005211,0.3535814606741573,0.2773722627737226
ablation_no_ecoregion,CatBoost,full minus ecoregion categorical variables,test_2021,global,Global,0.4920829446562272,0.5139414256268545,0.9159534958824479,0.6584350198052843
ablation_no_ecoregion,CatBoost,full minus ecoregion categorical variables,test_2021,eastern_siberia,Eastern Siberia,0.4920829446562272,0.5833057104113304,0.978169690231947,0.7308113414127685
ablation_no_ecoregion,CatBoost,full minus ecoregion categorical variables,test_2021,far_east,Far East,0.4920829446562272,0.3344103392568659,0.7666666666666667,0.46569178852643417
ablation_no_ecoregion,CatBoost,full minus ecoregion categorical variables,test_2021,central_asia,Central Asia,0.4920829446562272,0.17363896848137536,0.6710963455149501,0.27589346687912586
ablation_no_ecoregion,CatBoost,full minus ecoregion categorical variables,test_2021,europe,Europe,0.4920829446562272,0.3008356545961003,0.3825265643447462,0.3367983367983368
ablation_no_ecoregion,CatBoost,full minus ecoregion categorical variables,test_2022,global,Global,0.4920829446562272,0.2345258375922771,0.5872435506804794,0.33518840579710146
ablation_no_ecoregion,CatBoost,full minus ecoregion categorical variables,test_2022,eastern_siberia,Eastern Siberia,0.4920829446562272,0.17444101773323054,0.6215659340659341,0.2724262492474413
ablation_no_ecoregion,CatBoost,full minus ecoregion categorical variables,test_2022,far_east,Far East,0.4920829446562272,0.25675675675675674,0.59375,0.3584905660377358
ablation_no_ecoregion,CatBoost,full minus ecoregion categorical variables,test_2022,central_asia,Central Asia,0.4920829446562272,0.15866666666666668,0.5114613180515759,0.24219810040705564
ablation_no_ecoregion,CatBoost,full minus ecoregion categorical variables,test_2022,europe,Europe,0.4920829446562272,0.15855354659248957,0.29842931937172773,0.20708446866485014
ablation_no_ecoregion,CatBoost,full minus ecoregion categorical variables,test_2023,global,Global,0.4920829446562272,0.29749973057441537,0.8003769208466223,0.43376807039597737
ablation_no_ecoregion,CatBoost,full minus ecoregion categorical variables,test_2023,eastern_siberia,Eastern Siberia,0.4920829446562272,0.16270566727605118,0.8317757009345794,0.27217125382262997
ablation_no_ecoregion,CatBoost,full minus ecoregion categorical variables,test_2023,far_east,Far East,0.4920829446562272,0.36363636363636365,0.7687687687687688,0.49373191899710706
ablation_no_ecoregion,CatBoost,full minus ecoregion categorical variables,test_2023,central_asia,Central Asia,0.4920829446562272,0.12931034482758622,0.8029197080291971,0.22274721565980427
ablation_no_ecoregion,CatBoost,full minus ecoregion categorical variables,test_2023,europe,Europe,0.4920829446562272,0.22280471821756226,0.3441295546558704,0.27048528241845665
ablation_no_ecoregion,CatBoost,full minus ecoregion categorical variables,test_2024,global,Global,0.4920829446562272,0.3396457832507482,0.7579373768338078,0.46908561168140395
ablation_no_ecoregion,CatBoost,full minus ecoregion categorical variables,test_2024,eastern_siberia,Eastern Siberia,0.4920829446562272,0.3724354850239474,0.8418161253837454,0.5164040043611855
ablation_no_ecoregion,CatBoost,full minus ecoregion categorical variables,test_2024,far_east,Far East,0.4920829446562272,0.24935400516795866,0.6476510067114094,0.36007462686567165
ablation_no_ecoregion,CatBoost,full minus ecoregion categorical variables,test_2024,central_asia,Central Asia,0.4920829446562272,0.05993930197268589,0.42245989304812837,0.10498338870431893
ablation_no_ecoregion,CatBoost,full minus ecoregion categorical variables,test_2024,europe,Europe,0.4920829446562272,0.17659574468085107,0.3367139959432049,0.2316817864619679
ablation_no_ecoregion,CatBoost,full minus ecoregion categorical variables,test_2025,global,Global,0.4920829446562272,0.27078409207686777,0.695801425930816,0.3898505696108892
ablation_no_ecoregion,CatBoost,full minus ecoregion categorical variables,test_2025,eastern_siberia,Eastern Siberia,0.4920829446562272,0.34100555011426703,0.8554463554463555,0.4876283846872082
ablation_no_ecoregion,CatBoost,full minus ecoregion categorical variables,test_2025,far_east,Far East,0.4920829446562272,0.3080168776371308,0.5328467153284672,0.39037433155080214
ablation_no_ecoregion,CatBoost,full minus ecoregion categorical variables,test_2025,central_asia,Central Asia,0.4920829446562272,0.08290816326530612,0.4276315789473684,0.1388888888888889
ablation_no_ecoregion,CatBoost,full minus ecoregion categorical variables,test_2025,europe,Europe,0.4920829446562272,0.2549234135667396,0.3686708860759494,0.3014230271668823
ablation_no_ecoregion,CatBoost,full minus ecoregion categorical variables,test_2021-2023,global,Global,0.4920829446562272,0.4145054242076925,0.8499439783565162,0.557248694312308
ablation_no_ecoregion,CatBoost,full minus ecoregion categorical variables,test_2021-2023,eastern_siberia,Eastern Siberia,0.4920829446562272,0.47091284847418874,0.946236084113801,0.6288608338226659
ablation_no_ecoregion,CatBoost,full minus ecoregion categorical variables,test_2021-2023,far_east,Far East,0.4920829446562272,0.3265421618562535,0.7257861635220125,0.45042935206869633
ablation_no_ecoregion,CatBoost,full minus ecoregion categorical variables,test_2021-2023,central_asia,Central Asia,0.4920829446562272,0.15593342981186686,0.6426441351888668,0.2509704968944099
ablation_no_ecoregion,CatBoost,full minus ecoregion categorical variables,test_2021-2023,europe,Europe,0.4920829446562272,0.23759280969128566,0.3528728961114335,0.28397944885567494
ablation_no_ecoregion,CatBoost,full minus ecoregion categorical variables,test_2021-2025,global,Global,0.4920829446562272,0.3866930421881538,0.8211818879508825,0.5257917264745057
ablation_no_ecoregion,CatBoost,full minus ecoregion categorical variables,test_2021-2025,eastern_siberia,Eastern Siberia,0.4920829446562272,0.43778106373572767,0.9184763488662168,0.5929428282369459
ablation_no_ecoregion,CatBoost,full minus ecoregion categorical variables,test_2021-2025,far_east,Far East,0.4920829446562272,0.30345572354211664,0.6853658536585366,0.42065868263473055
ablation_no_ecoregion,CatBoost,full minus ecoregion categorical variables,test_2021-2025,central_asia,Central Asia,0.4920829446562272,0.1343710860619073,0.600079904115062,0.2195745925005482
ablation_no_ecoregion,CatBoost,full minus ecoregion categorical variables,test_2021-2025,europe,Europe,0.4920829446562272,0.22818944029005211,0.3535814606741573,0.2773722627737226
ablation_no_geography,CatBoost,full minus direct geography/location variables,validation,global,Global,0.4920829446562272,0.40976393941957867,0.6720321931589537,0.5091061995742556
ablation_no_geography,CatBoost,full minus direct geography/location variables,test,global,Global,0.4920829446562272,0.3866930421881538,0.8211818879508825,0.5257917264745057
ablation_no_geography,CatBoost,full minus direct geography/location variables,test,eastern_siberia,Eastern Siberia,0.4920829446562272,0.43778106373572767,0.9184763488662168,0.5929428282369459
ablation_no_geography,CatBoost,full minus direct geography/location variables,test,far_east,Far East,0.4920829446562272,0.30345572354211664,0.6853658536585366,0.42065868263473055
ablation_no_geography,CatBoost,full minus direct geography/location variables,test,central_asia,Central Asia,0.4920829446562272,0.1343710860619073,0.600079904115062,0.2195745925005482
ablation_no_geography,CatBoost,full minus direct geography/location variables,test,europe,Europe,0.4920829446562272,0.22818944029005211,0.3535814606741573,0.2773722627737226
ablation_no_geography,CatBoost,full minus direct geography/location variables,test_2021,global,Global,0.4920829446562272,0.5139414256268545,0.9159534958824479,0.6584350198052843
ablation_no_geography,CatBoost,full minus direct geography/location variables,test_2021,eastern_siberia,Eastern Siberia,0.4920829446562272,0.5833057104113304,0.978169690231947,0.7308113414127685
ablation_no_geography,CatBoost,full minus direct geography/location variables,test_2021,far_east,Far East,0.4920829446562272,0.3344103392568659,0.7666666666666667,0.46569178852643417
ablation_no_geography,CatBoost,full minus direct geography/location variables,test_2021,central_asia,Central Asia,0.4920829446562272,0.17363896848137536,0.6710963455149501,0.27589346687912586
ablation_no_geography,CatBoost,full minus direct geography/location variables,test_2021,europe,Europe,0.4920829446562272,0.3008356545961003,0.3825265643447462,0.3367983367983368
ablation_no_geography,CatBoost,full minus direct geography/location variables,test_2022,global,Global,0.4920829446562272,0.2345258375922771,0.5872435506804794,0.33518840579710146
ablation_no_geography,CatBoost,full minus direct geography/location variables,test_2022,eastern_siberia,Eastern Siberia,0.4920829446562272,0.17444101773323054,0.6215659340659341,0.2724262492474413
ablation_no_geography,CatBoost,full minus direct geography/location variables,test_2022,far_east,Far East,0.4920829446562272,0.25675675675675674,0.59375,0.3584905660377358
ablation_no_geography,CatBoost,full minus direct geography/location variables,test_2022,central_asia,Central Asia,0.4920829446562272,0.15866666666666668,0.5114613180515759,0.24219810040705564
ablation_no_geography,CatBoost,full minus direct geography/location variables,test_2022,europe,Europe,0.4920829446562272,0.15855354659248957,0.29842931937172773,0.20708446866485014
ablation_no_geography,CatBoost,full minus direct geography/location variables,test_2023,global,Global,0.4920829446562272,0.29749973057441537,0.8003769208466223,0.43376807039597737
ablation_no_geography,CatBoost,full minus direct geography/location variables,test_2023,eastern_siberia,Eastern Siberia,0.4920829446562272,0.16270566727605118,0.8317757009345794,0.27217125382262997
ablation_no_geography,CatBoost,full minus direct geography/location variables,test_2023,far_east,Far East,0.4920829446562272,0.36363636363636365,0.7687687687687688,0.49373191899710706
ablation_no_geography,CatBoost,full minus direct geography/location variables,test_2023,central_asia,Central Asia,0.4920829446562272,0.12931034482758622,0.8029197080291971,0.22274721565980427
ablation_no_geography,CatBoost,full minus direct geography/location variables,test_2023,europe,Europe,0.4920829446562272,0.22280471821756226,0.3441295546558704,0.27048528241845665
ablation_no_geography,CatBoost,full minus direct geography/location variables,test_2024,global,Global,0.4920829446562272,0.3396457832507482,0.7579373768338078,0.46908561168140395
ablation_no_geography,CatBoost,full minus direct geography/location variables,test_2024,eastern_siberia,Eastern Siberia,0.4920829446562272,0.3724354850239474,0.8418161253837454,0.5164040043611855
ablation_no_geography,CatBoost,full minus direct geography/location variables,test_2024,far_east,Far East,0.4920829446562272,0.24935400516795866,0.6476510067114094,0.36007462686567165
ablation_no_geography,CatBoost,full minus direct geography/location variables,test_2024,central_asia,Central Asia,0.4920829446562272,0.05993930197268589,0.42245989304812837,0.10498338870431893
ablation_no_geography,CatBoost,full minus direct geography/location variables,test_2024,europe,Europe,0.4920829446562272,0.17659574468085107,0.3367139959432049,0.2316817864619679
ablation_no_geography,CatBoost,full minus direct geography/location variables,test_2025,global,Global,0.4920829446562272,0.27078409207686777,0.695801425930816,0.3898505696108892
ablation_no_geography,CatBoost,full minus direct geography/location variables,test_2025,eastern_siberia,Eastern Siberia,0.4920829446562272,0.34100555011426703,0.8554463554463555,0.4876283846872082
ablation_no_geography,CatBoost,full minus direct geography/location variables,test_2025,far_east,Far East,0.4920829446562272,0.3080168776371308,0.5328467153284672,0.39037433155080214
ablation_no_geography,CatBoost,full minus direct geography/location variables,test_2025,central_asia,Central Asia,0.4920829446562272,0.08290816326530612,0.4276315789473684,0.1388888888888889
ablation_no_geography,CatBoost,full minus direct geography/location variables,test_2025,europe,Europe,0.4920829446562272,0.2549234135667396,0.3686708860759494,0.3014230271668823
ablation_no_geography,CatBoost,full minus direct geography/location variables,test_2021-2023,global,Global,0.4920829446562272,0.4145054242076925,0.8499439783565162,0.557248694312308
ablation_no_geography,CatBoost,full minus direct geography/location variables,test_2021-2023,eastern_siberia,Eastern Siberia,0.4920829446562272,0.47091284847418874,0.946236084113801,0.6288608338226659
ablation_no_geography,CatBoost,full minus direct geography/location variables,test_2021-2023,far_east,Far East,0.4920829446562272,0.3265421618562535,0.7257861635220125,0.45042935206869633
ablation_no_geography,CatBoost,full minus direct geography/location variables,test_2021-2023,central_asia,Central Asia,0.4920829446562272,0.15593342981186686,0.6426441351888668,0.2509704968944099
ablation_no_geography,CatBoost,full minus direct geography/location variables,test_2021-2023,europe,Europe,0.4920829446562272,0.23759280969128566,0.3528728961114335,0.28397944885567494
ablation_no_geography,CatBoost,full minus direct geography/location variables,test_2021-2025,global,Global,0.4920829446562272,0.3866930421881538,0.8211818879508825,0.5257917264745057
ablation_no_geography,CatBoost,full minus direct geography/location variables,test_2021-2025,eastern_siberia,Eastern Siberia,0.4920829446562272,0.43778106373572767,0.9184763488662168,0.5929428282369459
ablation_no_geography,CatBoost,full minus direct geography/location variables,test_2021-2025,far_east,Far East,0.4920829446562272,0.30345572354211664,0.6853658536585366,0.42065868263473055
ablation_no_geography,CatBoost,full minus direct geography/location variables,test_2021-2025,central_asia,Central Asia,0.4920829446562272,0.1343710860619073,0.600079904115062,0.2195745925005482
ablation_no_geography,CatBoost,full minus direct geography/location variables,test_2021-2025,europe,Europe,0.4920829446562272,0.22818944029005211,0.3535814606741573,0.2773722627737226
ablation_no_fuel_ecoregion_vegetation,CatBoost,full minus ecological/fuel variables,validation,global,Global,0.49944669998178615,0.3930298273155416,0.6513911052522029,0.4902546964138849
ablation_no_fuel_ecoregion_vegetation,CatBoost,full minus ecological/fuel variables,test,global,Global,0.49944669998178615,0.3752300613496933,0.7905642848487296,0.5089122040641211
ablation_no_fuel_ecoregion_vegetation,CatBoost,full minus ecological/fuel variables,test,eastern_siberia,Eastern Siberia,0.49944669998178615,0.43708031471527614,0.8972399014935875,0.5878137702719691
ablation_no_fuel_ecoregion_vegetation,CatBoost,full minus ecological/fuel variables,test,far_east,Far East,0.49944669998178615,0.30286168521462636,0.6195121951219512,0.406833956219968
ablation_no_fuel_ecoregion_vegetation,CatBoost,full minus ecological/fuel variables,test,central_asia,Central Asia,0.49944669998178615,0.11321444233299226,0.6188573711546145,0.19141180105035527
ablation_no_fuel_ecoregion_vegetation,CatBoost,full minus ecological/fuel variables,test,europe,Europe,0.49944669998178615,0.19572192513368983,0.25702247191011235,0.2222222222222222
ablation_no_fuel_ecoregion_vegetation,CatBoost,full minus ecological/fuel variables,test_2021,global,Global,0.49944669998178615,0.5136521136521136,0.8976263523332795,0.6534042490670271
ablation_no_fuel_ecoregion_vegetation,CatBoost,full minus ecological/fuel variables,test_2021,eastern_siberia,Eastern Siberia,0.49944669998178615,0.5891541588970746,0.9739249077770479,0.7341815549883814
ablation_no_fuel_ecoregion_vegetation,CatBoost,full minus ecological/fuel variables,test_2021,far_east,Far East,0.49944669998178615,0.3584158415841584,0.6703703703703704,0.4670967741935484
ablation_no_fuel_ecoregion_vegetation,CatBoost,full minus ecological/fuel variables,test_2021,central_asia,Central Asia,0.49944669998178615,0.16039707419017765,0.6799557032115172,0.25956457408581696
ablation_no_fuel_ecoregion_vegetation,CatBoost,full minus ecological/fuel variables,test_2021,europe,Europe,0.49944669998178615,0.2122905027932961,0.2243211334120425,0.21814006888633755
ablation_no_fuel_ecoregion_vegetation,CatBoost,full minus ecological/fuel variables,test_2022,global,Global,0.49944669998178615,0.21677602972567,0.5569774527726996,0.31208741179148647
ablation_no_fuel_ecoregion_vegetation,CatBoost,full minus ecological/fuel variables,test_2022,eastern_siberia,Eastern Siberia,0.49944669998178615,0.15583905789990188,0.5453296703296703,0.24240573958174325
ablation_no_fuel_ecoregion_vegetation,CatBoost,full minus ecological/fuel variables,test_2022,far_east,Far East,0.49944669998178615,0.2536945812807882,0.5364583333333334,0.34448160535117056
ablation_no_fuel_ecoregion_vegetation,CatBoost,full minus ecological/fuel variables,test_2022,central_asia,Central Asia,0.49944669998178615,0.13109128345916266,0.5472779369627507,0.2115171650055371
ablation_no_fuel_ecoregion_vegetation,CatBoost,full minus ecological/fuel variables,test_2022,europe,Europe,0.49944669998178615,0.1717325227963526,0.29581151832460734,0.2173076923076923
ablation_no_fuel_ecoregion_vegetation,CatBoost,full minus ecological/fuel variables,test_2023,global,Global,0.49944669998178615,0.28461367919299413,0.7444186720788635,0.4117882919005613
ablation_no_fuel_ecoregion_vegetation,CatBoost,full minus ecological/fuel variables,test_2023,eastern_siberia,Eastern Siberia,0.49944669998178615,0.16265148196817053,0.800862688713156,0.2703883495145631
ablation_no_fuel_ecoregion_vegetation,CatBoost,full minus ecological/fuel variables,test_2023,far_east,Far East,0.49944669998178615,0.36089030206677264,0.6816816816816816,0.47193347193347196
ablation_no_fuel_ecoregion_vegetation,CatBoost,full minus ecological/fuel variables,test_2023,central_asia,Central Asia,0.49944669998178615,0.10871760350050488,0.7858880778588808,0.19101123595505617
ablation_no_fuel_ecoregion_vegetation,CatBoost,full minus ecological/fuel variables,test_2023,europe,Europe,0.49944669998178615,0.17580645161290323,0.22064777327935223,0.19569120287253142
ablation_no_fuel_ecoregion_vegetation,CatBoost,full minus ecological/fuel variables,test_2024,global,Global,0.49944669998178615,0.32880746767833074,0.7211517407488505,0.45167483800185143
ablation_no_fuel_ecoregion_vegetation,CatBoost,full minus ecological/fuel variables,test_2024,eastern_siberia,Eastern Siberia,0.49944669998178615,0.37242688947968094,0.7922119890127646,0.5066652888291826
ablation_no_fuel_ecoregion_vegetation,CatBoost,full minus ecological/fuel variables,test_2024,far_east,Far East,0.49944669998178615,0.2510460251046025,0.6040268456375839,0.35467980295566504
ablation_no_fuel_ecoregion_vegetation,CatBoost,full minus ecological/fuel variables,test_2024,central_asia,Central Asia,0.49944669998178615,0.051389617199790245,0.5240641711229946,0.0936007640878701
ablation_no_fuel_ecoregion_vegetation,CatBoost,full minus ecological/fuel variables,test_2024,europe,Europe,0.49944669998178615,0.16297262059973924,0.2535496957403651,0.1984126984126984
ablation_no_fuel_ecoregion_vegetation,CatBoost,full minus ecological/fuel variables,test_2025,global,Global,0.49944669998178615,0.23714341160489036,0.6453657248481648,0.34683885616972965
ablation_no_fuel_ecoregion_vegetation,CatBoost,full minus ecological/fuel variables,test_2025,eastern_siberia,Eastern Siberia,0.49944669998178615,0.3096023888103096,0.8067158067158067,0.44747302668938105
ablation_no_fuel_ecoregion_vegetation,CatBoost,full minus ecological/fuel variables,test_2025,far_east,Far East,0.49944669998178615,0.27413127413127414,0.5182481751824818,0.35858585858585856
ablation_no_fuel_ecoregion_vegetation,CatBoost,full minus ecological/fuel variables,test_2025,central_asia,Central Asia,0.49944669998178615,0.06401551891367604,0.4342105263157895,0.11158072696534235
ablation_no_fuel_ecoregion_vegetation,CatBoost,full minus ecological/fuel variables,test_2025,europe,Europe,0.49944669998178615,0.24375,0.30854430379746833,0.2723463687150838
ablation_no_fuel_ecoregion_vegetation,CatBoost,full minus ecological/fuel variables,test_2021-2023,global,Global,0.49944669998178615,0.4070369419175194,0.8229169513294893,0.5446669198907519
ablation_no_fuel_ecoregion_vegetation,CatBoost,full minus ecological/fuel variables,test_2021-2023,eastern_siberia,Eastern Siberia,0.49944669998178615,0.474304140448306,0.9357218589856865,0.629515699998514
ablation_no_fuel_ecoregion_vegetation,CatBoost,full minus ecological/fuel variables,test_2021-2023,far_east,Far East,0.49944669998178615,0.33181818181818185,0.6427672955974842,0.43768736616702353
ablation_no_fuel_ecoregion_vegetation,CatBoost,full minus ecological/fuel variables,test_2021-2023,central_asia,Central Asia,0.49944669998178615,0.13579738494800783,0.6555666003976143,0.22498933901918977
ablation_no_fuel_ecoregion_vegetation,CatBoost,full minus ecological/fuel variables,test_2021-2023,europe,Europe,0.49944669998178615,0.18959963184537507,0.2391178177597214,0.21149897330595482
ablation_no_fuel_ecoregion_vegetation,CatBoost,full minus ecological/fuel variables,test_2021-2025,global,Global,0.49944669998178615,0.3752300613496933,0.7905642848487296,0.5089122040641211
ablation_no_fuel_ecoregion_vegetation,CatBoost,full minus ecological/fuel variables,test_2021-2025,eastern_siberia,Eastern Siberia,0.49944669998178615,0.43708031471527614,0.8972399014935875,0.5878137702719691
ablation_no_fuel_ecoregion_vegetation,CatBoost,full minus ecological/fuel variables,test_2021-2025,far_east,Far East,0.49944669998178615,0.30286168521462636,0.6195121951219512,0.406833956219968
ablation_no_fuel_ecoregion_vegetation,CatBoost,full minus ecological/fuel variables,test_2021-2025,central_asia,Central Asia,0.49944669998178615,0.11321444233299226,0.6188573711546145,0.19141180105035527
ablation_no_fuel_ecoregion_vegetation,CatBoost,full minus ecological/fuel variables,test_2021-2025,europe,Europe,0.49944669998178615,0.19572192513368983,0.25702247191011235,0.2222222222222222
ablation_no_terrain,CatBoost,full minus topography,validation,global,Global,0.4970601812879405,0.4144268471665462,0.6563172136265871,0.5080494649354834
ablation_no_terrain,CatBoost,full minus topography,test,global,Global,0.4970601812879405,0.3916678073485989,0.8090439067738417,0.5278143775693054
ablation_no_terrain,CatBoost,full minus topography,test,eastern_siberia,Eastern Siberia,0.4970601812879405,0.4439348951451179,0.9133271500303835,0.5974642760005858
ablation_no_terrain,CatBoost,full minus topography,test,far_east,Far East,0.4970601812879405,0.30763444904099285,0.6650406504065041,0.42067369503728463
ablation_no_terrain,CatBoost,full minus topography,test,central_asia,Central Asia,0.4970601812879405,0.13494265630780614,0.5829005193767479,0.21915133308298912
ablation_no_terrain,CatBoost,full minus topography,test,europe,Europe,0.4970601812879405,0.21604614577871,0.2893258426966292,0.247373161212849
ablation_no_terrain,CatBoost,full minus topography,test_2021,global,Global,0.4970601812879405,0.518351887983473,0.911593734861941,0.6609011223787992
ablation_no_terrain,CatBoost,full minus topography,test_2021,eastern_siberia,Eastern Siberia,0.4970601812879405,0.5880354325931318,0.9795340845924504,0.7348965935586602
ablation_no_terrain,CatBoost,full minus topography,test_2021,far_east,Far East,0.4970601812879405,0.3527336860670194,0.7407407407407407,0.4778972520908005
ablation_no_terrain,CatBoost,full minus topography,test_2021,central_asia,Central Asia,0.4970601812879405,0.1729745712596097,0.6478405315614618,0.27304550758459745
ablation_no_terrain,CatBoost,full minus topography,test_2021,europe,Europe,0.4970601812879405,0.2877005347593583,0.31759149940968123,0.30190796857463525
ablation_no_terrain,CatBoost,full minus topography,test_2022,global,Global,0.4970601812879405,0.235663457513604,0.5718058094657729,0.3337680815745791
ablation_no_terrain,CatBoost,full minus topography,test_2022,eastern_siberia,Eastern Siberia,0.4970601812879405,0.17418595527657904,0.6098901098901099,0.27097955447055233
ablation_no_terrain,CatBoost,full minus topography,test_2022,far_east,Far East,0.4970601812879405,0.2558139534883721,0.5729166666666666,0.3536977491961415
ablation_no_terrain,CatBoost,full minus topography,test_2022,central_asia,Central Asia,0.4970601812879405,0.1590909090909091,0.49140401146131807,0.24036440084092503
ablation_no_terrain,CatBoost,full minus topography,test_2022,europe,Europe,0.4970601812879405,0.15,0.2513089005235602,0.18786692759295498
ablation_no_terrain,CatBoost,full minus topography,test_2023,global,Global,0.4970601812879405,0.3004626790791014,0.7813859089591186,0.434029874783589
ablation_no_terrain,CatBoost,full minus topography,test_2023,eastern_siberia,Eastern Siberia,0.4970601812879405,0.16739702015775634,0.8238677210639828,0.27825664683744084
ablation_no_terrain,CatBoost,full minus topography,test_2023,far_east,Far East,0.4970601812879405,0.36818851251840945,0.7507507507507507,0.49407114624505927
ablation_no_terrain,CatBoost,full minus topography,test_2023,central_asia,Central Asia,0.4970601812879405,0.1306432281262485,0.7956204379562044,0.2244337680164722
ablation_no_terrain,CatBoost,full minus topography,test_2023,europe,Europe,0.4970601812879405,0.17932148626817448,0.22469635627530365,0.19946091644204852
ablation_no_terrain,CatBoost,full minus topography,test_2024,global,Global,0.4970601812879405,0.34036561011828564,0.7277206043354499,0.46380350975124723
ablation_no_terrain,CatBoost,full minus topography,test_2024,eastern_siberia,Eastern Siberia,0.4970601812879405,0.37425127560452565,0.8177411536597189,0.5134943181818182
ablation_no_terrain,CatBoost,full minus topography,test_2024,far_east,Far East,0.4970601812879405,0.24503311258278146,0.6208053691275168,0.3513770180436847
ablation_no_terrain,CatBoost,full minus topography,test_2024,central_asia,Central Asia,0.4970601812879405,0.06103286384976526,0.41711229946524064,0.10648464163822526
ablation_no_terrain,CatBoost,full minus topography,test_2024,europe,Europe,0.4970601812879405,0.16892725030826142,0.2778904665314402,0.21012269938650308
ablation_no_terrain,CatBoost,full minus topography,test_2025,global,Global,0.4970601812879405,0.28225806451612906,0.6931608133086876,0.4011614579353557
ablation_no_terrain,CatBoost,full minus topography,test_2025,eastern_siberia,Eastern Siberia,0.4970601812879405,0.35244233378561735,0.8509418509418509,0.4984408731110578
ablation_no_terrain,CatBoost,full minus topography,test_2025,far_east,Far East,0.4970601812879405,0.3201754385964912,0.5328467153284672,0.4
ablation_no_terrain,CatBoost,full minus topography,test_2025,central_asia,Central Asia,0.4970601812879405,0.08439383791024782,0.4144736842105263,0.14023372287145242
ablation_no_terrain,CatBoost,full minus topography,test_2025,europe,Europe,0.4970601812879405,0.26081582200247216,0.3338607594936709,0.29285218598195695
ablation_no_terrain,CatBoost,full minus topography,test_2021-2023,global,Global,0.4970601812879405,0.41916159512042367,0.8413357746016997,0.5595499900038168
ablation_no_terrain,CatBoost,full minus topography,test_2021-2023,eastern_siberia,Eastern Siberia,0.4970601812879405,0.4769306136991182,0.9461919066972964,0.6341940068695961
ablation_no_terrain,CatBoost,full minus topography,test_2021-2023,far_east,Far East,0.4970601812879405,0.3341288782816229,0.7044025157232704,0.45325779036827196
ablation_no_terrain,CatBoost,full minus topography,test_2021-2023,central_asia,Central Asia,0.4970601812879405,0.15607511503544336,0.6237574552683897,0.24967671341887993
ablation_no_terrain,CatBoost,full minus topography,test_2021-2023,europe,Europe,0.4970601812879405,0.21695533272561532,0.2762623331398723,0.24304314526423282
ablation_no_terrain,CatBoost,full minus topography,test_2021-2025,global,Global,0.4970601812879405,0.3916678073485989,0.8090439067738417,0.5278143775693054
ablation_no_terrain,CatBoost,full minus topography,test_2021-2025,eastern_siberia,Eastern Siberia,0.4970601812879405,0.4439348951451179,0.9133271500303835,0.5974642760005858
ablation_no_terrain,CatBoost,full minus topography,test_2021-2025,far_east,Far East,0.4970601812879405,0.30763444904099285,0.6650406504065041,0.42067369503728463
ablation_no_terrain,CatBoost,full minus topography,test_2021-2025,central_asia,Central Asia,0.4970601812879405,0.13494265630780614,0.5829005193767479,0.21915133308298912
ablation_no_terrain,CatBoost,full minus topography,test_2021-2025,europe,Europe,0.4970601812879405,0.21604614577871,0.2893258426966292,0.247373161212849
ablation_no_seasonality,CatBoost,full minus month/day-of-year features,validation,global,Global,0.48811979238586695,0.4067594931423919,0.6759522653160341,0.5078914100274994
ablation_no_seasonality,CatBoost,full minus month/day-of-year features,test,global,Global,0.48811979238586695,0.3830317446832611,0.8195257906854627,0.5220613304342792
ablation_no_seasonality,CatBoost,full minus month/day-of-year features,test,eastern_siberia,Eastern Siberia,0.48811979238586695,0.43762303712859957,0.9171650622061599,0.5925244844828299
ablation_no_seasonality,CatBoost,full minus month/day-of-year features,test,far_east,Far East,0.48811979238586695,0.3068264342774147,0.6869918699186992,0.4241967871485944
ablation_no_seasonality,CatBoost,full minus month/day-of-year features,test,central_asia,Central Asia,0.48811979238586695,0.13135488137554766,0.6348381941669996,0.21767123287671233
ablation_no_seasonality,CatBoost,full minus month/day-of-year features,test,europe,Europe,0.48811979238586695,0.22045028142589118,0.3300561797752809,0.2643419572553431
ablation_no_seasonality,CatBoost,full minus month/day-of-year features,test_2021,global,Global,0.48811979238586695,0.5126609393672913,0.9178104311319232,0.6578608527075708
ablation_no_seasonality,CatBoost,full minus month/day-of-year features,test_2021,eastern_siberia,Eastern Siberia,0.48811979238586695,0.5842097333132439,0.9796856839658397,0.7319439725148186
ablation_no_seasonality,CatBoost,full minus month/day-of-year features,test_2021,far_east,Far East,0.48811979238586695,0.34539473684210525,0.7777777777777778,0.4783599088838269
ablation_no_seasonality,CatBoost,full minus month/day-of-year features,test_2021,central_asia,Central Asia,0.48811979238586695,0.17464179507975128,0.7153931339977851,0.28074750108648416
ablation_no_seasonality,CatBoost,full minus month/day-of-year features,test_2021,europe,Europe,0.48811979238586695,0.3010156971375808,0.38488783943329397,0.3378238341968912
ablation_no_seasonality,CatBoost,full minus month/day-of-year features,test_2022,global,Global,0.48811979238586695,0.2320094376720409,0.5992281129392647,0.3345050459235741
ablation_no_seasonality,CatBoost,full minus month/day-of-year features,test_2022,eastern_siberia,Eastern Siberia,0.48811979238586695,0.17446246699358733,0.6353021978021978,0.27374963006806746
ablation_no_seasonality,CatBoost,full minus month/day-of-year features,test_2022,far_east,Far East,0.48811979238586695,0.2595078299776286,0.6041666666666666,0.36306729264475746
ablation_no_seasonality,CatBoost,full minus month/day-of-year features,test_2022,central_asia,Central Asia,0.48811979238586695,0.1563903634136382,0.5487106017191977,0.24340641881156658
ablation_no_seasonality,CatBoost,full minus month/day-of-year features,test_2022,europe,Europe,0.48811979238586695,0.15247252747252749,0.2905759162303665,0.2
ablation_no_seasonality,CatBoost,full minus month/day-of-year features,test_2023,global,Global,0.48811979238586695,0.29270905876680775,0.7921136561322122,0.4274594171719147
ablation_no_seasonality,CatBoost,full minus month/day-of-year features,test_2023,eastern_siberia,Eastern Siberia,0.48811979238586695,0.16255668934240364,0.8245866283249461,0.2715757073517225
ablation_no_seasonality,CatBoost,full minus month/day-of-year features,test_2023,far_east,Far East,0.48811979238586695,0.36714285714285716,0.7717717717717718,0.4975798644724105
ablation_no_seasonality,CatBoost,full minus month/day-of-year features,test_2023,central_asia,Central Asia,0.48811979238586695,0.12228360957642725,0.8077858880778589,0.2124120281509917
ablation_no_seasonality,CatBoost,full minus month/day-of-year features,test_2023,europe,Europe,0.48811979238586695,0.18911174785100288,0.26720647773279355,0.2214765100671141
ablation_no_seasonality,CatBoost,full minus month/day-of-year features,test_2024,global,Global,0.48811979238586695,0.3331697502085685,0.7432669148237355,0.4600996238690658
ablation_no_seasonality,CatBoost,full minus month/day-of-year features,test_2024,eastern_siberia,Eastern Siberia,0.48811979238586695,0.3700503959683225,0.830505735983196,0.511977688131879
ablation_no_seasonality,CatBoost,full minus month/day-of-year features,test_2024,far_east,Far East,0.48811979238586695,0.24771838331160365,0.6375838926174496,0.3568075117370892
ablation_no_seasonality,CatBoost,full minus month/day-of-year features,test_2024,central_asia,Central Asia,0.48811979238586695,0.05562913907284768,0.44919786096256686,0.09899823217442545
ablation_no_seasonality,CatBoost,full minus month/day-of-year features,test_2024,europe,Europe,0.48811979238586695,0.17191011235955056,0.3103448275862069,0.22125813449023862
ablation_no_seasonality,CatBoost,full minus month/day-of-year features,test_2025,global,Global,0.48811979238586695,0.26843657817109146,0.6968576709796673,0.3875752680276105
ablation_no_seasonality,CatBoost,full minus month/day-of-year features,test_2025,eastern_siberia,Eastern Siberia,0.48811979238586695,0.3408792650918635,0.8509418509418509,0.4867650503630827
ablation_no_seasonality,CatBoost,full minus month/day-of-year features,test_2025,far_east,Far East,0.48811979238586695,0.3103448275862069,0.5255474452554745,0.3902439024390244
ablation_no_seasonality,CatBoost,full minus month/day-of-year features,test_2025,central_asia,Central Asia,0.48811979238586695,0.08352668213457076,0.47368421052631576,0.14201183431952663
ablation_no_seasonality,CatBoost,full minus month/day-of-year features,test_2025,europe,Europe,0.48811979238586695,0.2520231213872832,0.3449367088607595,0.29124916499666
ablation_no_seasonality,CatBoost,full minus month/day-of-year features,test_2021-2023,global,Global,0.48811979238586695,0.4113242925618307,0.8512557046429645,0.5546454898329831
ablation_no_seasonality,CatBoost,full minus month/day-of-year features,test_2021-2023,eastern_siberia,Eastern Siberia,0.48811979238586695,0.47118108161517686,0.9480031807739884,0.629490018920782
ablation_no_seasonality,CatBoost,full minus month/day-of-year features,test_2021-2023,far_east,Far East,0.48811979238586695,0.3321937321937322,0.7333333333333333,0.45725490196078433
ablation_no_seasonality,CatBoost,full minus month/day-of-year features,test_2021-2023,central_asia,Central Asia,0.48811979238586695,0.1535597427507616,0.6764413518886679,0.25029885057471263
ablation_no_seasonality,CatBoost,full minus month/day-of-year features,test_2021-2023,europe,Europe,0.48811979238586695,0.22678357911518535,0.3302379570516541,0.2689035916824197
ablation_no_seasonality,CatBoost,full minus month/day-of-year features,test_2021-2025,global,Global,0.48811979238586695,0.3830317446832611,0.8195257906854627,0.5220613304342792
ablation_no_seasonality,CatBoost,full minus month/day-of-year features,test_2021-2025,eastern_siberia,Eastern Siberia,0.48811979238586695,0.43762303712859957,0.9171650622061599,0.5925244844828299
ablation_no_seasonality,CatBoost,full minus month/day-of-year features,test_2021-2025,far_east,Far East,0.48811979238586695,0.3068264342774147,0.6869918699186992,0.4241967871485944
ablation_no_seasonality,CatBoost,full minus month/day-of-year features,test_2021-2025,central_asia,Central Asia,0.48811979238586695,0.13135488137554766,0.6348381941669996,0.21767123287671233
ablation_no_seasonality,CatBoost,full minus month/day-of-year features,test_2021-2025,europe,Europe,0.48811979238586695,0.22045028142589118,0.3300561797752809,0.2643419572553431
ablation_no_history,CatBoost,full minus prior-fire/proximity features,validation,global,Global,0.4426630744536391,0.31869878125656653,0.8418441684590301,0.4623606744784224
ablation_no_history,CatBoost,full minus prior-fire/proximity features,test,global,Global,0.4426630744536391,0.2764004781973409,0.924546592882821,0.4255726610144281
ablation_no_history,CatBoost,full minus prior-fire/proximity features,test,eastern_siberia,Eastern Siberia,0.4426630744536391,0.3457723736079346,0.9622285476700675,0.508733661374051
ablation_no_history,CatBoost,full minus prior-fire/proximity features,test,far_east,Far East,0.4426630744536391,0.22782651072124757,0.7601626016260162,0.3505811773528309
ablation_no_history,CatBoost,full minus prior-fire/proximity features,test,central_asia,Central Asia,0.4426630744536391,0.08635761589403973,0.9117059528565721,0.15777101769911506
ablation_no_history,CatBoost,full minus prior-fire/proximity features,test,europe,Europe,0.4426630744536391,0.1497217214078545,0.6706460674157303,0.24479333546940082
ablation_no_history,CatBoost,full minus prior-fire/proximity features,test_2021,global,Global,0.4426630744536391,0.42297839260790443,0.9664540610366543,0.5884261364334608
ablation_no_history,CatBoost,full minus prior-fire/proximity features,test_2021,eastern_siberia,Eastern Siberia,0.4426630744536391,0.5284828887092428,0.9910556369700338,0.6893618517021389
ablation_no_history,CatBoost,full minus prior-fire/proximity features,test_2021,far_east,Far East,0.4426630744536391,0.23696145124716553,0.774074074074074,0.3628472222222222
ablation_no_history,CatBoost,full minus prior-fire/proximity features,test_2021,central_asia,Central Asia,0.4426630744536391,0.1351564969965223,0.946843853820598,0.2365472402821967
ablation_no_history,CatBoost,full minus prior-fire/proximity features,test_2021,europe,Europe,0.4426630744536391,0.18311466058185966,0.7579693034238488,0.2949689869055824
ablation_no_history,CatBoost,full minus prior-fire/proximity features,test_2022,global,Global,0.4426630744536391,0.16826981614513575,0.842169408897014,0.28049523036330426
ablation_no_history,CatBoost,full minus prior-fire/proximity features,test_2022,eastern_siberia,Eastern Siberia,0.4426630744536391,0.14101094319958313,0.9292582417582418,0.24486471812505656
ablation_no_history,CatBoost,full minus prior-fire/proximity features,test_2022,far_east,Far East,0.4426630744536391,0.19689119170984457,0.7916666666666666,0.3153526970954357
ablation_no_history,CatBoost,full minus prior-fire/proximity features,test_2022,central_asia,Central Asia,0.4426630744536391,0.10771157631061012,0.8624641833810889,0.1915062828057897
ablation_no_history,CatBoost,full minus prior-fire/proximity features,test_2022,europe,Europe,0.4426630744536391,0.11652253072371416,0.6701570680628273,0.19852656068243504
ablation_no_history,CatBoost,full minus prior-fire/proximity features,test_2023,global,Global,0.4426630744536391,0.20493533913961468,0.900550884314294,0.33388873958613274
ablation_no_history,CatBoost,full minus prior-fire/proximity features,test_2023,eastern_siberia,Eastern Siberia,0.4426630744536391,0.1119722073757349,0.903666427030913,0.19925497344852183
ablation_no_history,CatBoost,full minus prior-fire/proximity features,test_2023,far_east,Far East,0.4426630744536391,0.2876288659793814,0.8378378378378378,0.42824251726784346
ablation_no_history,CatBoost,full minus prior-fire/proximity features,test_2023,central_asia,Central Asia,0.4426630744536391,0.07058823529411765,0.9051094890510949,0.13096285865164584
ablation_no_history,CatBoost,full minus prior-fire/proximity features,test_2023,europe,Europe,0.4426630744536391,0.14177101967799643,0.6417004048582996,0.23223443223443224
ablation_no_history,CatBoost,full minus prior-fire/proximity features,test_2024,global,Global,0.4426630744536391,0.24882054344580473,0.9123056711188964,0.39100037537537535
ablation_no_history,CatBoost,full minus prior-fire/proximity features,test_2024,eastern_siberia,Eastern Siberia,0.4426630744536391,0.30489910434876444,0.9130715786072063,0.45714516846661
ablation_no_history,CatBoost,full minus prior-fire/proximity features,test_2024,far_east,Far East,0.4426630744536391,0.1889400921658986,0.6879194630872483,0.29645697758496026
ablation_no_history,CatBoost,full minus prior-fire/proximity features,test_2024,central_asia,Central Asia,0.4426630744536391,0.03693599160545645,0.9411764705882353,0.07108239095315025
ablation_no_history,CatBoost,full minus prior-fire/proximity features,test_2024,europe,Europe,0.4426630744536391,0.11951126384116074,0.6348884381338742,0.2011568123393316
ablation_no_history,CatBoost,full minus prior-fire/proximity features,test_2025,global,Global,0.4426630744536391,0.15286686103012634,0.8307367309215739,0.25821808183198586
ablation_no_history,CatBoost,full minus prior-fire/proximity features,test_2025,eastern_siberia,Eastern Siberia,0.4426630744536391,0.20984259434856817,0.9062244062244063,0.3407761010163228
ablation_no_history,CatBoost,full minus prior-fire/proximity features,test_2025,far_east,Far East,0.4426630744536391,0.22784810126582278,0.656934306569343,0.3383458646616541
ablation_no_history,CatBoost,full minus prior-fire/proximity features,test_2025,central_asia,Central Asia,0.4426630744536391,0.061899441340782124,0.9111842105263158,0.11592383343795773
ablation_no_history,CatBoost,full minus prior-fire/proximity features,test_2025,europe,Europe,0.4426630744536391,0.17371532514779445,0.6044303797468354,0.26986930413281524
ablation_no_history,CatBoost,full minus prior-fire/proximity features,test_2021-2023,global,Global,0.4426630744536391,0.3074709552495697,0.9373104145601617,0.46304633973471937
ablation_no_history,CatBoost,full minus prior-fire/proximity features,test_2021-2023,eastern_siberia,Eastern Siberia,0.4426630744536391,0.3835942759489738,0.9817105495670613,0.5516402497300383
ablation_no_history,CatBoost,full minus prior-fire/proximity features,test_2021-2023,far_east,Far East,0.4426630744536391,0.24390243902439024,0.8050314465408805,0.37437847323778883
ablation_no_history,CatBoost,full minus prior-fire/proximity features,test_2021-2023,central_asia,Central Asia,0.4426630744536391,0.106430026185627,0.9090457256461233,0.19055060686565609
ablation_no_history,CatBoost,full minus prior-fire/proximity features,test_2021-2023,europe,Europe,0.4426630744536391,0.1530419448293236,0.7051654091700522,0.25150072448768374
ablation_no_history,CatBoost,full minus prior-fire/proximity features,test_2021-2025,global,Global,0.4426630744536391,0.2764004781973409,0.924546592882821,0.4255726610144281
ablation_no_history,CatBoost,full minus prior-fire/proximity features,test_2021-2025,eastern_siberia,Eastern Siberia,0.4426630744536391,0.3457723736079346,0.9622285476700675,0.508733661374051
ablation_no_history,CatBoost,full minus prior-fire/proximity features,test_2021-2025,far_east,Far East,0.4426630744536391,0.22782651072124757,0.7601626016260162,0.3505811773528309
ablation_no_history,CatBoost,full minus prior-fire/proximity features,test_2021-2025,central_asia,Central Asia,0.4426630744536391,0.08635761589403973,0.9117059528565721,0.15777101769911506
ablation_no_history,CatBoost,full minus prior-fire/proximity features,test_2021-2025,europe,Europe,0.4426630744536391,0.1497217214078545,0.6706460674157303,0.24479333546940082
ablation_no_temporal_history,CatBoost,full minus lagged meteorology,validation,global,Global,0.5096086910245284,0.4017389414194109,0.6411572885589398,0.4939664042976841
ablation_no_temporal_history,CatBoost,full minus lagged meteorology,test,global,Global,0.5096086910245284,0.3598989741649792,0.6532899785919134,0.46411558769513317
ablation_no_temporal_history,CatBoost,full minus lagged meteorology,test,eastern_siberia,Eastern Siberia,0.5096086910245284,0.4100117631682133,0.8026353663606998,0.5427629088942958
ablation_no_temporal_history,CatBoost,full minus lagged meteorology,test,far_east,Far East,0.5096086910245284,0.3406265539532571,0.556910569105691,0.4227090404196236
ablation_no_temporal_history,CatBoost,full minus lagged meteorology,test,central_asia,Central Asia,0.5096086910245284,0.13251067869008068,0.5577307231322413,0.21414327350820678
ablation_no_temporal_history,CatBoost,full minus lagged meteorology,test,europe,Europe,0.5096086910245284,0.22656826568265684,0.21558988764044945,0.2209427851745232
ablation_no_temporal_history,CatBoost,full minus lagged meteorology,test_2021,global,Global,0.5096086910245284,0.5255427326285207,0.7886323268206039,0.6307530874162564
ablation_no_temporal_history,CatBoost,full minus lagged meteorology,test_2021,eastern_siberia,Eastern Siberia,0.5096086910245284,0.5868064952638701,0.876547576936682,0.7029929684492087
ablation_no_temporal_history,CatBoost,full minus lagged meteorology,test_2021,far_east,Far East,0.5096086910245284,0.4054669703872437,0.6592592592592592,0.5021156558533145
ablation_no_temporal_history,CatBoost,full minus lagged meteorology,test_2021,central_asia,Central Asia,0.5096086910245284,0.19762154599510318,0.6256921373200443,0.3003721424774056
ablation_no_temporal_history,CatBoost,full minus lagged meteorology,test_2021,europe,Europe,0.5096086910245284,0.2192513368983957,0.1936245572609209,0.20564263322884013
ablation_no_temporal_history,CatBoost,full minus lagged meteorology,test_2022,global,Global,0.5096086910245284,0.20301959524574364,0.5135080235628682,0.29099280575539566
ablation_no_temporal_history,CatBoost,full minus lagged meteorology,test_2022,eastern_siberia,Eastern Siberia,0.5096086910245284,0.1491530740276035,0.6531593406593407,0.24284984678243104
ablation_no_temporal_history,CatBoost,full minus lagged meteorology,test_2022,far_east,Far East,0.5096086910245284,0.30670103092783507,0.6197916666666666,0.4103448275862069
ablation_no_temporal_history,CatBoost,full minus lagged meteorology,test_2022,central_asia,Central Asia,0.5096086910245284,0.15847928235796668,0.5315186246418339,0.24415926291543272
ablation_no_temporal_history,CatBoost,full minus lagged meteorology,test_2022,europe,Europe,0.5096086910245284,0.2149321266968326,0.2486910994764398,0.23058252427184467
ablation_no_temporal_history,CatBoost,full minus lagged meteorology,test_2023,global,Global,0.5096086910245284,0.241467919376857,0.4359234560742244,0.31078497235284996
ablation_no_temporal_history,CatBoost,full minus lagged meteorology,test_2023,eastern_siberia,Eastern Siberia,0.5096086910245284,0.1395925597874225,0.5664989216391085,0.22399090392268334
ablation_no_temporal_history,CatBoost,full minus lagged meteorology,test_2023,far_east,Far East,0.5096086910245284,0.3475,0.4174174174174174,0.3792633015006821
ablation_no_temporal_history,CatBoost,full minus lagged meteorology,test_2023,central_asia,Central Asia,0.5096086910245284,0.12669902912621359,0.635036496350365,0.21125050586806962
ablation_no_temporal_history,CatBoost,full minus lagged meteorology,test_2023,europe,Europe,0.5096086910245284,0.21621621621621623,0.19433198380566802,0.2046908315565032
ablation_no_temporal_history,CatBoost,full minus lagged meteorology,test_2024,global,Global,0.5096086910245284,0.2998170693244181,0.5203634771184585,0.3804378276703886
ablation_no_temporal_history,CatBoost,full minus lagged meteorology,test_2024,eastern_siberia,Eastern Siberia,0.5096086910245284,0.3514998648770381,0.6304734205849087,0.4513591671486408
ablation_no_temporal_history,CatBoost,full minus lagged meteorology,test_2024,far_east,Far East,0.5096086910245284,0.3075313807531381,0.49328859060402686,0.3788659793814433
ablation_no_temporal_history,CatBoost,full minus lagged meteorology,test_2024,central_asia,Central Asia,0.5096086910245284,0.04914004914004914,0.42780748663101603,0.0881542699724518
ablation_no_temporal_history,CatBoost,full minus lagged meteorology,test_2024,europe,Europe,0.5096086910245284,0.20374220374220375,0.19878296146044624,0.20123203285420946
ablation_no_temporal_history,CatBoost,full minus lagged meteorology,test_2025,global,Global,0.5096086910245284,0.21118272369632543,0.6662265645629786,0.32070674971399515
ablation_no_temporal_history,CatBoost,full minus lagged meteorology,test_2025,eastern_siberia,Eastern Siberia,0.5096086910245284,0.24736101337086558,0.8636363636363636,0.38457330415754926
ablation_no_temporal_history,CatBoost,full minus lagged meteorology,test_2025,far_east,Far East,0.5096086910245284,0.3333333333333333,0.7445255474452555,0.4604966139954853
ablation_no_temporal_history,CatBoost,full minus lagged meteorology,test_2025,central_asia,Central Asia,0.5096086910245284,0.07225258044930176,0.39144736842105265,0.12198872373141978
ablation_no_temporal_history,CatBoost,full minus lagged meteorology,test_2025,europe,Europe,0.5096086910245284,0.27058823529411763,0.254746835443038,0.2624286878565607
ablation_no_temporal_history,CatBoost,full minus lagged meteorology,test_2021-2023,global,Global,0.5096086910245284,0.4038628821804826,0.68513103599049,0.5081736275096026
ablation_no_temporal_history,CatBoost,full minus lagged meteorology,test_2021-2023,eastern_siberia,Eastern Siberia,0.5096086910245284,0.45898367042639665,0.8431259939918714,0.5943908933771431
ablation_no_temporal_history,CatBoost,full minus lagged meteorology,test_2021-2023,far_east,Far East,0.5096086910245284,0.3553382233088835,0.5484276729559748,0.43125618199802174
ablation_no_temporal_history,CatBoost,full minus lagged meteorology,test_2021-2023,central_asia,Central Asia,0.5096086910245284,0.16487603305785123,0.5949304174950298,0.2581967213114754
ablation_no_temporal_history,CatBoost,full minus lagged meteorology,test_2021-2023,europe,Europe,0.5096086910245284,0.21725826193390452,0.2060359837492745,0.2114983616324099
ablation_no_temporal_history,CatBoost,full minus lagged meteorology,test_2021-2025,global,Global,0.5096086910245284,0.3598989741649792,0.6532899785919134,0.46411558769513317
ablation_no_temporal_history,CatBoost,full minus lagged meteorology,test_2021-2025,eastern_siberia,Eastern Siberia,0.5096086910245284,0.4100117631682133,0.8026353663606998,0.5427629088942958
ablation_no_temporal_history,CatBoost,full minus lagged meteorology,test_2021-2025,far_east,Far East,0.5096086910245284,0.3406265539532571,0.556910569105691,0.4227090404196236
ablation_no_temporal_history,CatBoost,full minus lagged meteorology,test_2021-2025,central_asia,Central Asia,0.5096086910245284,0.13251067869008068,0.5577307231322413,0.21414327350820678
ablation_no_temporal_history,CatBoost,full minus lagged meteorology,test_2021-2025,europe,Europe,0.5096086910245284,0.22656826568265684,0.21558988764044945,0.2209427851745232
ablation_shorter_sequence_30d,CatBoost,full minus >30-day weather-history windows,validation,global,Global,0.47445262206724037,0.3837054505344034,0.6999236800111011,0.4956761006289308
ablation_shorter_sequence_30d,CatBoost,full minus >30-day weather-history windows,test,global,Global,0.47445262206724037,0.3660819972021952,0.8244940824817223,0.5070359560330373
ablation_shorter_sequence_30d,CatBoost,full minus >30-day weather-history windows,test,eastern_siberia,Eastern Siberia,0.47445262206724037,0.42975568507836803,0.9102568202897624,0.5838573025755696
ablation_shorter_sequence_30d,CatBoost,full minus >30-day weather-history windows,test,far_east,Far East,0.47445262206724037,0.2951388888888889,0.6910569105691057,0.41362530413625304
ablation_shorter_sequence_30d,CatBoost,full minus >30-day weather-history windows,test,central_asia,Central Asia,0.47445262206724037,0.12377761061341722,0.7231322413104275,0.21137451827630505
ablation_shorter_sequence_30d,CatBoost,full minus >30-day weather-history windows,test,europe,Europe,0.47445262206724037,0.2166009260847196,0.4434691011235955,0.29104735568613893
ablation_shorter_sequence_30d,CatBoost,full minus >30-day weather-history windows,test_2021,global,Global,0.47445262206724037,0.5054125251809709,0.9216454061036654,0.6528272213882336
ablation_shorter_sequence_30d,CatBoost,full minus >30-day weather-history windows,test_2021,eastern_siberia,Eastern Siberia,0.47445262206724037,0.5835806432075586,0.9738238415281217,0.7298100774459866
ablation_shorter_sequence_30d,CatBoost,full minus >30-day weather-history windows,test_2021,far_east,Far East,0.47445262206724037,0.3192868719611021,0.7296296296296296,0.44419391206313413
ablation_shorter_sequence_30d,CatBoost,full minus >30-day weather-history windows,test_2021,central_asia,Central Asia,0.47445262206724037,0.1690881763527054,0.7475083056478405,0.27579162410623087
ablation_shorter_sequence_30d,CatBoost,full minus >30-day weather-history windows,test_2021,europe,Europe,0.47445262206724037,0.27291381668946646,0.47107438016528924,0.3456041576440017
ablation_shorter_sequence_30d,CatBoost,full minus >30-day weather-history windows,test_2022,global,Global,0.47445262206724037,0.22159372127554267,0.6366036969327645,0.32875275359278294
ablation_shorter_sequence_30d,CatBoost,full minus >30-day weather-history windows,test_2022,eastern_siberia,Eastern Siberia,0.47445262206724037,0.1757082021847806,0.6517857142857143,0.27679743327986
ablation_shorter_sequence_30d,CatBoost,full minus >30-day weather-history windows,test_2022,far_east,Far East,0.47445262206724037,0.24175824175824176,0.5729166666666666,0.3400309119010819
ablation_shorter_sequence_30d,CatBoost,full minus >30-day weather-history windows,test_2022,central_asia,Central Asia,0.47445262206724037,0.15166461159062886,0.7048710601719198,0.2496194824961948
ablation_shorter_sequence_30d,CatBoost,full minus >30-day weather-history windows,test_2022,europe,Europe,0.47445262206724037,0.1888045540796964,0.5209424083769634,0.27715877437325903
ablation_shorter_sequence_30d,CatBoost,full minus >30-day weather-history windows,test_2023,global,Global,0.47445262206724037,0.2828568542276998,0.8118295158016816,0.4195385076415942
ablation_shorter_sequence_30d,CatBoost,full minus >30-day weather-history windows,test_2023,eastern_siberia,Eastern Siberia,0.47445262206724037,0.15765579859678086,0.8238677210639828,0.2646651270207852
ablation_shorter_sequence_30d,CatBoost,full minus >30-day weather-history windows,test_2023,far_east,Far East,0.47445262206724037,0.3467202141900937,0.7777777777777778,0.47962962962962963
ablation_shorter_sequence_30d,CatBoost,full minus >30-day weather-history windows,test_2023,central_asia,Central Asia,0.47445262206724037,0.11233408870184526,0.8442822384428224,0.1982857142857143
ablation_shorter_sequence_30d,CatBoost,full minus >30-day weather-history windows,test_2023,europe,Europe,0.47445262206724037,0.20390243902439023,0.4230769230769231,0.27518104015799866
ablation_shorter_sequence_30d,CatBoost,full minus >30-day weather-history windows,test_2024,global,Global,0.47445262206724037,0.31030192832192927,0.7099846726516312,0.43185828921519664
ablation_shorter_sequence_30d,CatBoost,full minus >30-day weather-history windows,test_2024,eastern_siberia,Eastern Siberia,0.47445262206724037,0.36395939086294415,0.8109549200193893,0.5024275489263726
ablation_shorter_sequence_30d,CatBoost,full minus >30-day weather-history windows,test_2024,far_east,Far East,0.47445262206724037,0.2512315270935961,0.6845637583892618,0.3675675675675676
ablation_shorter_sequence_30d,CatBoost,full minus >30-day weather-history windows,test_2024,central_asia,Central Asia,0.47445262206724037,0.05103042198233562,0.5561497326203209,0.09348314606741573
ablation_shorter_sequence_30d,CatBoost,full minus >30-day weather-history windows,test_2024,europe,Europe,0.47445262206724037,0.16681299385425813,0.385395537525355,0.23284313725490197
ablation_shorter_sequence_30d,CatBoost,full minus >30-day weather-history windows,test_2025,global,Global,0.47445262206724037,0.24115448143962445,0.7325059413783997,0.36285153695225636
ablation_shorter_sequence_30d,CatBoost,full minus >30-day weather-history windows,test_2025,eastern_siberia,Eastern Siberia,0.47445262206724037,0.30782918149466193,0.8501228501228502,0.4519921619856303
ablation_shorter_sequence_30d,CatBoost,full minus >30-day weather-history windows,test_2025,far_east,Far East,0.47445262206724037,0.321285140562249,0.583941605839416,0.41450777202072536
ablation_shorter_sequence_30d,CatBoost,full minus >30-day weather-history windows,test_2025,central_asia,Central Asia,0.47445262206724037,0.08495575221238938,0.631578947368421,0.1497659906396256
ablation_shorter_sequence_30d,CatBoost,full minus >30-day weather-history windows,test_2025,europe,Europe,0.47445262206724037,0.2311033883579496,0.4208860759493671,0.29837352776219855
ablation_shorter_sequence_30d,CatBoost,full minus >30-day weather-history windows,test_2021-2023,global,Global,0.47445262206724037,0.3989812169780317,0.8625966714945481,0.545602253969077
ablation_shorter_sequence_30d,CatBoost,full minus >30-day weather-history windows,test_2021-2023,eastern_siberia,Eastern Siberia,0.47445262206724037,0.4676092094896262,0.9438946810390528,0.6253951527924131
ablation_shorter_sequence_30d,CatBoost,full minus >30-day weather-history windows,test_2021-2023,far_east,Far East,0.47445262206724037,0.31115997800989553,0.7119496855345911,0.43305279265493496
ablation_shorter_sequence_30d,CatBoost,full minus >30-day weather-history windows,test_2021-2023,central_asia,Central Asia,0.47445262206724037,0.14663438256658595,0.7524850894632207,0.24544054470292614
ablation_shorter_sequence_30d,CatBoost,full minus >30-day weather-history windows,test_2021-2023,europe,Europe,0.47445262206724037,0.22790172267720982,0.4683691236215902,0.3066109422492401
ablation_shorter_sequence_30d,CatBoost,full minus >30-day weather-history windows,test_2021-2025,global,Global,0.47445262206724037,0.3660819972021952,0.8244940824817223,0.5070359560330373
ablation_shorter_sequence_30d,CatBoost,full minus >30-day weather-history windows,test_2021-2025,eastern_siberia,Eastern Siberia,0.47445262206724037,0.42975568507836803,0.9102568202897624,0.5838573025755696
ablation_shorter_sequence_30d,CatBoost,full minus >30-day weather-history windows,test_2021-2025,far_east,Far East,0.47445262206724037,0.2951388888888889,0.6910569105691057,0.41362530413625304
ablation_shorter_sequence_30d,CatBoost,full minus >30-day weather-history windows,test_2021-2025,central_asia,Central Asia,0.47445262206724037,0.12377761061341722,0.7231322413104275,0.21137451827630505
ablation_shorter_sequence_30d,CatBoost,full minus >30-day weather-history windows,test_2021-2025,europe,Europe,0.47445262206724037,0.2166009260847196,0.4434691011235955,0.29104735568613893
ablation_no_periodic_seasonality,CatBoost,full minus periodic seasonality encodings,validation,global,Global,0.4920829446562272,0.40976393941957867,0.6720321931589537,0.5091061995742556
ablation_no_periodic_seasonality,CatBoost,full minus periodic seasonality encodings,test,global,Global,0.4920829446562272,0.3866930421881538,0.8211818879508825,0.5257917264745057
ablation_no_periodic_seasonality,CatBoost,full minus periodic seasonality encodings,test,eastern_siberia,Eastern Siberia,0.4920829446562272,0.43778106373572767,0.9184763488662168,0.5929428282369459
ablation_no_periodic_seasonality,CatBoost,full minus periodic seasonality encodings,test,far_east,Far East,0.4920829446562272,0.30345572354211664,0.6853658536585366,0.42065868263473055
ablation_no_periodic_seasonality,CatBoost,full minus periodic seasonality encodings,test,central_asia,Central Asia,0.4920829446562272,0.1343710860619073,0.600079904115062,0.2195745925005482
ablation_no_periodic_seasonality,CatBoost,full minus periodic seasonality encodings,test,europe,Europe,0.4920829446562272,0.22818944029005211,0.3535814606741573,0.2773722627737226
ablation_no_periodic_seasonality,CatBoost,full minus periodic seasonality encodings,test_2021,global,Global,0.4920829446562272,0.5139414256268545,0.9159534958824479,0.6584350198052843
ablation_no_periodic_seasonality,CatBoost,full minus periodic seasonality encodings,test_2021,eastern_siberia,Eastern Siberia,0.4920829446562272,0.5833057104113304,0.978169690231947,0.7308113414127685
ablation_no_periodic_seasonality,CatBoost,full minus periodic seasonality encodings,test_2021,far_east,Far East,0.4920829446562272,0.3344103392568659,0.7666666666666667,0.46569178852643417
ablation_no_periodic_seasonality,CatBoost,full minus periodic seasonality encodings,test_2021,central_asia,Central Asia,0.4920829446562272,0.17363896848137536,0.6710963455149501,0.27589346687912586
ablation_no_periodic_seasonality,CatBoost,full minus periodic seasonality encodings,test_2021,europe,Europe,0.4920829446562272,0.3008356545961003,0.3825265643447462,0.3367983367983368
ablation_no_periodic_seasonality,CatBoost,full minus periodic seasonality encodings,test_2022,global,Global,0.4920829446562272,0.2345258375922771,0.5872435506804794,0.33518840579710146
ablation_no_periodic_seasonality,CatBoost,full minus periodic seasonality encodings,test_2022,eastern_siberia,Eastern Siberia,0.4920829446562272,0.17444101773323054,0.6215659340659341,0.2724262492474413
ablation_no_periodic_seasonality,CatBoost,full minus periodic seasonality encodings,test_2022,far_east,Far East,0.4920829446562272,0.25675675675675674,0.59375,0.3584905660377358
ablation_no_periodic_seasonality,CatBoost,full minus periodic seasonality encodings,test_2022,central_asia,Central Asia,0.4920829446562272,0.15866666666666668,0.5114613180515759,0.24219810040705564
ablation_no_periodic_seasonality,CatBoost,full minus periodic seasonality encodings,test_2022,europe,Europe,0.4920829446562272,0.15855354659248957,0.29842931937172773,0.20708446866485014
ablation_no_periodic_seasonality,CatBoost,full minus periodic seasonality encodings,test_2023,global,Global,0.4920829446562272,0.29749973057441537,0.8003769208466223,0.43376807039597737
ablation_no_periodic_seasonality,CatBoost,full minus periodic seasonality encodings,test_2023,eastern_siberia,Eastern Siberia,0.4920829446562272,0.16270566727605118,0.8317757009345794,0.27217125382262997
ablation_no_periodic_seasonality,CatBoost,full minus periodic seasonality encodings,test_2023,far_east,Far East,0.4920829446562272,0.36363636363636365,0.7687687687687688,0.49373191899710706
ablation_no_periodic_seasonality,CatBoost,full minus periodic seasonality encodings,test_2023,central_asia,Central Asia,0.4920829446562272,0.12931034482758622,0.8029197080291971,0.22274721565980427
ablation_no_periodic_seasonality,CatBoost,full minus periodic seasonality encodings,test_2023,europe,Europe,0.4920829446562272,0.22280471821756226,0.3441295546558704,0.27048528241845665
ablation_no_periodic_seasonality,CatBoost,full minus periodic seasonality encodings,test_2024,global,Global,0.4920829446562272,0.3396457832507482,0.7579373768338078,0.46908561168140395
ablation_no_periodic_seasonality,CatBoost,full minus periodic seasonality encodings,test_2024,eastern_siberia,Eastern Siberia,0.4920829446562272,0.3724354850239474,0.8418161253837454,0.5164040043611855
ablation_no_periodic_seasonality,CatBoost,full minus periodic seasonality encodings,test_2024,far_east,Far East,0.4920829446562272,0.24935400516795866,0.6476510067114094,0.36007462686567165
ablation_no_periodic_seasonality,CatBoost,full minus periodic seasonality encodings,test_2024,central_asia,Central Asia,0.4920829446562272,0.05993930197268589,0.42245989304812837,0.10498338870431893
ablation_no_periodic_seasonality,CatBoost,full minus periodic seasonality encodings,test_2024,europe,Europe,0.4920829446562272,0.17659574468085107,0.3367139959432049,0.2316817864619679
ablation_no_periodic_seasonality,CatBoost,full minus periodic seasonality encodings,test_2025,global,Global,0.4920829446562272,0.27078409207686777,0.695801425930816,0.3898505696108892
ablation_no_periodic_seasonality,CatBoost,full minus periodic seasonality encodings,test_2025,eastern_siberia,Eastern Siberia,0.4920829446562272,0.34100555011426703,0.8554463554463555,0.4876283846872082
ablation_no_periodic_seasonality,CatBoost,full minus periodic seasonality encodings,test_2025,far_east,Far East,0.4920829446562272,0.3080168776371308,0.5328467153284672,0.39037433155080214
ablation_no_periodic_seasonality,CatBoost,full minus periodic seasonality encodings,test_2025,central_asia,Central Asia,0.4920829446562272,0.08290816326530612,0.4276315789473684,0.1388888888888889
ablation_no_periodic_seasonality,CatBoost,full minus periodic seasonality encodings,test_2025,europe,Europe,0.4920829446562272,0.2549234135667396,0.3686708860759494,0.3014230271668823
ablation_no_periodic_seasonality,CatBoost,full minus periodic seasonality encodings,test_2021-2023,global,Global,0.4920829446562272,0.4145054242076925,0.8499439783565162,0.557248694312308
ablation_no_periodic_seasonality,CatBoost,full minus periodic seasonality encodings,test_2021-2023,eastern_siberia,Eastern Siberia,0.4920829446562272,0.47091284847418874,0.946236084113801,0.6288608338226659
ablation_no_periodic_seasonality,CatBoost,full minus periodic seasonality encodings,test_2021-2023,far_east,Far East,0.4920829446562272,0.3265421618562535,0.7257861635220125,0.45042935206869633
ablation_no_periodic_seasonality,CatBoost,full minus periodic seasonality encodings,test_2021-2023,central_asia,Central Asia,0.4920829446562272,0.15593342981186686,0.6426441351888668,0.2509704968944099
ablation_no_periodic_seasonality,CatBoost,full minus periodic seasonality encodings,test_2021-2023,europe,Europe,0.4920829446562272,0.23759280969128566,0.3528728961114335,0.28397944885567494
ablation_no_periodic_seasonality,CatBoost,full minus periodic seasonality encodings,test_2021-2025,global,Global,0.4920829446562272,0.3866930421881538,0.8211818879508825,0.5257917264745057
ablation_no_periodic_seasonality,CatBoost,full minus periodic seasonality encodings,test_2021-2025,eastern_siberia,Eastern Siberia,0.4920829446562272,0.43778106373572767,0.9184763488662168,0.5929428282369459
ablation_no_periodic_seasonality,CatBoost,full minus periodic seasonality encodings,test_2021-2025,far_east,Far East,0.4920829446562272,0.30345572354211664,0.6853658536585366,0.42065868263473055
ablation_no_periodic_seasonality,CatBoost,full minus periodic seasonality encodings,test_2021-2025,central_asia,Central Asia,0.4920829446562272,0.1343710860619073,0.600079904115062,0.2195745925005482
ablation_no_periodic_seasonality,CatBoost,full minus periodic seasonality encodings,test_2021-2025,europe,Europe,0.4920829446562272,0.22818944029005211,0.3535814606741573,0.2773722627737226
ablation_no_gaussian_smoothing,CatBoost,full minus Gaussian road/light/population rasters,validation,global,Global,0.4805431956270541,0.3978022862663017,0.6857004093526677,0.5035025600529842
ablation_no_gaussian_smoothing,CatBoost,full minus Gaussian road/light/population rasters,test,global,Global,0.4805431956270541,0.3750340025025842,0.835339499939411,0.5176595744680851
ablation_no_gaussian_smoothing,CatBoost,full minus Gaussian road/light/population rasters,test,eastern_siberia,Eastern Siberia,0.4805431956270541,0.4296888941764321,0.9241052867240221,0.5866146927754261
ablation_no_gaussian_smoothing,CatBoost,full minus Gaussian road/light/population rasters,test,far_east,Far East,0.4805431956270541,0.296831955922865,0.7008130081300813,0.417029511369134
ablation_no_gaussian_smoothing,CatBoost,full minus Gaussian road/light/population rasters,test,central_asia,Central Asia,0.4805431956270541,0.12860956078621694,0.6352377147423093,0.21391093771021122
ablation_no_gaussian_smoothing,CatBoost,full minus Gaussian road/light/population rasters,test,europe,Europe,0.4805431956270541,0.23538409245411285,0.4863061797752809,0.3172240036646816
ablation_no_gaussian_smoothing,CatBoost,full minus Gaussian road/light/population rasters,test_2021,global,Global,0.4805431956270541,0.5052173722018409,0.9283868884224123,0.6543468055140625
ablation_no_gaussian_smoothing,CatBoost,full minus Gaussian road/light/population rasters,test_2021,eastern_siberia,Eastern Siberia,0.4805431956270541,0.5786643693185194,0.9843347314164435,0.7288544648369535
ablation_no_gaussian_smoothing,CatBoost,full minus Gaussian road/light/population rasters,test_2021,far_east,Far East,0.4805431956270541,0.3280757097791798,0.7703703703703704,0.46017699115044247
ablation_no_gaussian_smoothing,CatBoost,full minus Gaussian road/light/population rasters,test_2021,central_asia,Central Asia,0.4805431956270541,0.17283298097251584,0.7242524916943521,0.27906976744186046
ablation_no_gaussian_smoothing,CatBoost,full minus Gaussian road/light/population rasters,test_2021,europe,Europe,0.4805431956270541,0.30507343124165553,0.5395513577331759,0.38976545842217486
ablation_no_gaussian_smoothing,CatBoost,full minus Gaussian road/light/population rasters,test_2022,global,Global,0.4805431956270541,0.2255109765329296,0.6051188299817185,0.3285722164010368
ablation_no_gaussian_smoothing,CatBoost,full minus Gaussian road/light/population rasters,test_2022,eastern_siberia,Eastern Siberia,0.4805431956270541,0.16842680262199564,0.6353021978021978,0.2662636729994243
ablation_no_gaussian_smoothing,CatBoost,full minus Gaussian road/light/population rasters,test_2022,far_east,Far East,0.4805431956270541,0.2505307855626327,0.6145833333333334,0.3559577677224736
ablation_no_gaussian_smoothing,CatBoost,full minus Gaussian road/light/population rasters,test_2022,central_asia,Central Asia,0.4805431956270541,0.15022330491270808,0.5300859598853869,0.2341031319202784
ablation_no_gaussian_smoothing,CatBoost,full minus Gaussian road/light/population rasters,test_2022,europe,Europe,0.4805431956270541,0.15376226826608505,0.36910994764397903,0.21709006928406466
ablation_no_gaussian_smoothing,CatBoost,full minus Gaussian road/light/population rasters,test_2023,global,Global,0.4805431956270541,0.2885680882427693,0.8229921716439548,0.42730796733280646
ablation_no_gaussian_smoothing,CatBoost,full minus Gaussian road/light/population rasters,test_2023,eastern_siberia,Eastern Siberia,0.4805431956270541,0.1577022083728492,0.8368080517613228,0.265389876880985
ablation_no_gaussian_smoothing,CatBoost,full minus Gaussian road/light/population rasters,test_2023,far_east,Far East,0.4805431956270541,0.35302197802197804,0.7717717717717718,0.48444863336475025
ablation_no_gaussian_smoothing,CatBoost,full minus Gaussian road/light/population rasters,test_2023,central_asia,Central Asia,0.4805431956270541,0.1195729537366548,0.8175182481751825,0.20863085998137224
ablation_no_gaussian_smoothing,CatBoost,full minus Gaussian road/light/population rasters,test_2023,europe,Europe,0.4805431956270541,0.24363636363636362,0.5425101214574899,0.33626097867001253
ablation_no_gaussian_smoothing,CatBoost,full minus Gaussian road/light/population rasters,test_2024,global,Global,0.4805431956270541,0.32674565634805414,0.7638493540617474,0.45770328336668087
ablation_no_gaussian_smoothing,CatBoost,full minus Gaussian road/light/population rasters,test_2024,eastern_siberia,Eastern Siberia,0.4805431956270541,0.3653886444584119,0.8453708191953466,0.5102399063779989
ablation_no_gaussian_smoothing,CatBoost,full minus Gaussian road/light/population rasters,test_2024,far_east,Far East,0.4805431956270541,0.244228432563791,0.674496644295302,0.3586083853702052
ablation_no_gaussian_smoothing,CatBoost,full minus Gaussian road/light/population rasters,test_2024,central_asia,Central Asia,0.4805431956270541,0.0590851334180432,0.49732620320855614,0.10562180579216354
ablation_no_gaussian_smoothing,CatBoost,full minus Gaussian road/light/population rasters,test_2024,europe,Europe,0.4805431956270541,0.18959731543624161,0.45841784989858014,0.26824925816023737
ablation_no_gaussian_smoothing,CatBoost,full minus Gaussian road/light/population rasters,test_2025,global,Global,0.4805431956270541,0.25928388260993446,0.7208872458410351,0.38139145012573344
ablation_no_gaussian_smoothing,CatBoost,full minus Gaussian road/light/population rasters,test_2025,eastern_siberia,Eastern Siberia,0.4805431956270541,0.3276995305164319,0.8574938574938575,0.4741847826086957
ablation_no_gaussian_smoothing,CatBoost,full minus Gaussian road/light/population rasters,test_2025,far_east,Far East,0.4805431956270541,0.31451612903225806,0.5693430656934306,0.4051948051948052
ablation_no_gaussian_smoothing,CatBoost,full minus Gaussian road/light/population rasters,test_2025,central_asia,Central Asia,0.4805431956270541,0.07909930715935334,0.4506578947368421,0.13457760314341846
ablation_no_gaussian_smoothing,CatBoost,full minus Gaussian road/light/population rasters,test_2025,europe,Europe,0.4805431956270541,0.24893797790994052,0.46360759493670883,0.32393587617468217
ablation_no_gaussian_smoothing,CatBoost,full minus Gaussian road/light/population rasters,test_2021-2023,global,Global,0.4805431956270541,0.40372940156114484,0.8650288306506709,0.5505187091837178
ablation_no_gaussian_smoothing,CatBoost,full minus Gaussian road/light/population rasters,test_2021-2023,eastern_siberia,Eastern Siberia,0.4805431956270541,0.4634791017513699,0.9528185191729988,0.6236139422590392
ablation_no_gaussian_smoothing,CatBoost,full minus Gaussian road/light/population rasters,test_2021-2023,far_east,Far East,0.4805431956270541,0.3180578286961266,0.7333333333333333,0.4436834094368341
ablation_no_gaussian_smoothing,CatBoost,full minus Gaussian road/light/population rasters,test_2021-2023,central_asia,Central Asia,0.4805431956270541,0.15016009716241582,0.6759443339960238,0.24573132170927817
ablation_no_gaussian_smoothing,CatBoost,full minus Gaussian road/light/population rasters,test_2021-2023,europe,Europe,0.4805431956270541,0.24637268847795163,0.5026117237376668,0.33066055746468115
ablation_no_gaussian_smoothing,CatBoost,full minus Gaussian road/light/population rasters,test_2021-2025,global,Global,0.4805431956270541,0.3750340025025842,0.835339499939411,0.5176595744680851
ablation_no_gaussian_smoothing,CatBoost,full minus Gaussian road/light/population rasters,test_2021-2025,eastern_siberia,Eastern Siberia,0.4805431956270541,0.4296888941764321,0.9241052867240221,0.5866146927754261
ablation_no_gaussian_smoothing,CatBoost,full minus Gaussian road/light/population rasters,test_2021-2025,far_east,Far East,0.4805431956270541,0.296831955922865,0.7008130081300813,0.417029511369134
ablation_no_gaussian_smoothing,CatBoost,full minus Gaussian road/light/population rasters,test_2021-2025,central_asia,Central Asia,0.4805431956270541,0.12860956078621694,0.6352377147423093,0.21391093771021122
ablation_no_gaussian_smoothing,CatBoost,full minus Gaussian road/light/population rasters,test_2021-2025,europe,Europe,0.4805431956270541,0.23538409245411285,0.4863061797752809,0.3172240036646816
ablation_static_only,CatBoost,static non-weather features,validation,global,Global,0.44845285685006103,0.3675786410369321,0.6660306667591758,0.47371602699335036
ablation_static_only,CatBoost,static non-weather features,test,global,Global,0.44845285685006103,0.3354609106030714,0.7005695358888395,0.45368105782183915
ablation_static_only,CatBoost,static non-weather features,test,eastern_siberia,Eastern Siberia,0.44845285685006103,0.3829433117637775,0.853615633095596,0.528703300186205
ablation_static_only,CatBoost,static non-weather features,test,far_east,Far East,0.44845285685006103,0.21053864168618266,0.7308943089430894,0.3269090909090909
ablation_static_only,CatBoost,static non-weather features,test,central_asia,Central Asia,0.44845285685006103,0.16184448462929477,0.42908509788254096,0.23503665608928767
ablation_static_only,CatBoost,static non-weather features,test,europe,Europe,0.44845285685006103,0.21428571428571427,0.22015449438202248,0.2171804641496363
ablation_static_only,CatBoost,static non-weather features,test_2021,global,Global,0.44845285685006103,0.5035278713963581,0.8383255288228645,0.6291600393849882
ablation_static_only,CatBoost,static non-weather features,test_2021,eastern_siberia,Eastern Siberia,0.44845285685006103,0.5675218407776548,0.9322856132194653,0.7055471633172075
ablation_static_only,CatBoost,static non-weather features,test_2021,far_east,Far East,0.44845285685006103,0.22473246135552913,0.7,0.3402340234023402
ablation_static_only,CatBoost,static non-weather features,test_2021,central_asia,Central Asia,0.44845285685006103,0.2193158953722334,0.48283499446290146,0.30162573503977863
ablation_static_only,CatBoost,static non-weather features,test_2021,europe,Europe,0.44845285685006103,0.2141119221411192,0.2077922077922078,0.21090473337327742
ablation_static_only,CatBoost,static non-weather features,test_2022,global,Global,0.44845285685006103,0.16376554174067495,0.46821044078813734,0.24265712180229498
ablation_static_only,CatBoost,static non-weather features,test_2022,eastern_siberia,Eastern Siberia,0.44845285685006103,0.117574931880109,0.5927197802197802,0.19622555707139608
ablation_static_only,CatBoost,static non-weather features,test_2022,far_east,Far East,0.44845285685006103,0.17391304347826086,0.75,0.2823529411764706
ablation_static_only,CatBoost,static non-weather features,test_2022,central_asia,Central Asia,0.44845285685006103,0.1701863354037267,0.39255014326647564,0.23743500866551126
ablation_static_only,CatBoost,static non-weather features,test_2022,europe,Europe,0.44845285685006103,0.2020618556701031,0.25654450261780104,0.22606689734717417
ablation_static_only,CatBoost,static non-weather features,test_2023,global,Global,0.44845285685006103,0.24459562563580875,0.5576978834444767,0.3400512684522231
ablation_static_only,CatBoost,static non-weather features,test_2023,eastern_siberia,Eastern Siberia,0.44845285685006103,0.13590033975084936,0.6901509705248023,0.22708456534594915
ablation_static_only,CatBoost,static non-weather features,test_2023,far_east,Far East,0.44845285685006103,0.255663430420712,0.7117117117117117,0.3761904761904762
ablation_static_only,CatBoost,static non-weather features,test_2023,central_asia,Central Asia,0.44845285685006103,0.1633259094283593,0.5352798053527981,0.2502844141069397
ablation_static_only,CatBoost,static non-weather features,test_2023,europe,Europe,0.44845285685006103,0.22134387351778656,0.22672064777327935,0.224
ablation_static_only,CatBoost,static non-weather features,test_2024,global,Global,0.44845285685006103,0.2809872817417547,0.5708342456754981,0.37659804983748646
ablation_static_only,CatBoost,static non-weather features,test_2024,eastern_siberia,Eastern Siberia,0.44845285685006103,0.3307497505947356,0.6963968330909679,0.44849115504682624
ablation_static_only,CatBoost,static non-weather features,test_2024,far_east,Far East,0.44845285685006103,0.22398414271555997,0.7583892617449665,0.3458301453710788
ablation_static_only,CatBoost,static non-weather features,test_2024,central_asia,Central Asia,0.44845285685006103,0.060459492140266025,0.26737967914438504,0.09861932938856016
ablation_static_only,CatBoost,static non-weather features,test_2024,europe,Europe,0.44845285685006103,0.17697228144989338,0.16835699797160245,0.17255717255717257
ablation_static_only,CatBoost,static non-weather features,test_2025,global,Global,0.44845285685006103,0.18511809882625707,0.6746765249537893,0.2905224856444369
ablation_static_only,CatBoost,static non-weather features,test_2025,eastern_siberia,Eastern Siberia,0.44845285685006103,0.2161164650399836,0.8632268632268633,0.34568711052804196
ablation_static_only,CatBoost,static non-weather features,test_2025,far_east,Far East,0.44845285685006103,0.1548872180451128,0.7518248175182481,0.256857855361596
ablation_static_only,CatBoost,static non-weather features,test_2025,central_asia,Central Asia,0.44845285685006103,0.1087962962962963,0.3092105263157895,0.16095890410958905
ablation_static_only,CatBoost,static non-weather features,test_2025,europe,Europe,0.44845285685006103,0.2453416149068323,0.25,0.2476489028213166
ablation_static_only,CatBoost,static non-weather features,test_2021-2023,global,Global,0.44845285685006103,0.3788953635672663,0.7356324980187467,0.5001718707903269
ablation_static_only,CatBoost,static non-weather features,test_2021-2023,eastern_siberia,Eastern Siberia,0.44845285685006103,0.4321282401091405,0.8955645873829299,0.5829642836602059
ablation_static_only,CatBoost,static non-weather features,test_2021-2023,far_east,Far East,0.44845285685006103,0.21956856702619415,0.7169811320754716,0.3361840165143026
ablation_static_only,CatBoost,static non-weather features,test_2021-2023,central_asia,Central Asia,0.44845285685006103,0.18806875631951467,0.46222664015904574,0.26735661923242776
ablation_static_only,CatBoost,static non-weather features,test_2021-2023,europe,Europe,0.44845285685006103,0.21290678433535576,0.2240278583865351,0.21832579185520362
ablation_static_only,CatBoost,static non-weather features,test_2021-2025,global,Global,0.44845285685006103,0.3354609106030714,0.7005695358888395,0.45368105782183915
ablation_static_only,CatBoost,static non-weather features,test_2021-2025,eastern_siberia,Eastern Siberia,0.44845285685006103,0.3829433117637775,0.853615633095596,0.528703300186205
ablation_static_only,CatBoost,static non-weather features,test_2021-2025,far_east,Far East,0.44845285685006103,0.21053864168618266,0.7308943089430894,0.3269090909090909
ablation_static_only,CatBoost,static non-weather features,test_2021-2025,central_asia,Central Asia,0.44845285685006103,0.16184448462929477,0.42908509788254096,0.23503665608928767
ablation_static_only,CatBoost,static non-weather features,test_2021-2025,europe,Europe,0.44845285685006103,0.21428571428571427,0.22015449438202248,0.2171804641496363
ablation_dynamic_weather_fwi_only,CatBoost,meteorology plus fire-weather variables,validation,global,Global,0.41254350851141697,0.30567240444914706,0.8217928259210435,0.4456002407734848
ablation_dynamic_weather_fwi_only,CatBoost,meteorology plus fire-weather variables,test,global,Global,0.41254350851141697,0.26762073061212666,0.9328674718261502,0.41592191221427316
ablation_dynamic_weather_fwi_only,CatBoost,meteorology plus fire-weather variables,test,eastern_siberia,Eastern Siberia,0.41254350851141697,0.3483286365615048,0.9724949627402693,0.512934270122553
ablation_dynamic_weather_fwi_only,CatBoost,meteorology plus fire-weather variables,test,far_east,Far East,0.41254350851141697,0.21089354040063021,0.7617886178861789,0.33033668253128856
ablation_dynamic_weather_fwi_only,CatBoost,meteorology plus fire-weather variables,test,central_asia,Central Asia,0.41254350851141697,0.07613600028422211,0.8561725928885338,0.139836867862969
ablation_dynamic_weather_fwi_only,CatBoost,meteorology plus fire-weather variables,test,europe,Europe,0.41254350851141697,0.12657004830917876,0.7359550561797753,0.2159934047815334
ablation_dynamic_weather_fwi_only,CatBoost,meteorology plus fire-weather variables,test_2021,global,Global,0.41254350851141697,0.41167445190766816,0.9748102696592927,0.578880498621599
ablation_dynamic_weather_fwi_only,CatBoost,meteorology plus fire-weather variables,test_2021,eastern_siberia,Eastern Siberia,0.41254350851141697,0.5271762435677531,0.9939865581888928,0.6889546592879284
ablation_dynamic_weather_fwi_only,CatBoost,meteorology plus fire-weather variables,test_2021,far_east,Far East,0.41254350851141697,0.21621621621621623,0.7703703703703704,0.33766233766233766
ablation_dynamic_weather_fwi_only,CatBoost,meteorology plus fire-weather variables,test_2021,central_asia,Central Asia,0.41254350851141697,0.11809045226130653,0.9368770764119602,0.2097433990330978
ablation_dynamic_weather_fwi_only,CatBoost,meteorology plus fire-weather variables,test_2021,europe,Europe,0.41254350851141697,0.17160194174757282,0.8347107438016529,0.28467888061203944
ablation_dynamic_weather_fwi_only,CatBoost,meteorology plus fire-weather variables,test_2022,global,Global,0.41254350851141697,0.15647833898981833,0.7960593134267723,0.2615456486919381
ablation_dynamic_weather_fwi_only,CatBoost,meteorology plus fire-weather variables,test_2022,eastern_siberia,Eastern Siberia,0.41254350851141697,0.144949715784871,0.9107142857142857,0.25009430403621274
ablation_dynamic_weather_fwi_only,CatBoost,meteorology plus fire-weather variables,test_2022,far_east,Far East,0.41254350851141697,0.18246445497630331,0.8020833333333334,0.2972972972972973
ablation_dynamic_weather_fwi_only,CatBoost,meteorology plus fire-weather variables,test_2022,central_asia,Central Asia,0.41254350851141697,0.09584335279972518,0.7994269340974212,0.17116564417177915
ablation_dynamic_weather_fwi_only,CatBoost,meteorology plus fire-weather variables,test_2022,europe,Europe,0.41254350851141697,0.08200455580865604,0.6596858638743456,0.1458755426917511
ablation_dynamic_weather_fwi_only,CatBoost,meteorology plus fire-weather variables,test_2023,global,Global,0.41254350851141697,0.19227499089031944,0.9179472310814729,0.31795129299522973
ablation_dynamic_weather_fwi_only,CatBoost,meteorology plus fire-weather variables,test_2023,eastern_siberia,Eastern Siberia,0.41254350851141697,0.1112715535547439,0.9417685118619699,0.19902765116985718
ablation_dynamic_weather_fwi_only,CatBoost,meteorology plus fire-weather variables,test_2023,far_east,Far East,0.41254350851141697,0.2721280602636535,0.8678678678678678,0.414336917562724
ablation_dynamic_weather_fwi_only,CatBoost,meteorology plus fire-weather variables,test_2023,central_asia,Central Asia,0.41254350851141697,0.057719054242002785,0.8077858880778589,0.10773973714100275
ablation_dynamic_weather_fwi_only,CatBoost,meteorology plus fire-weather variables,test_2023,europe,Europe,0.41254350851141697,0.10745891276864729,0.6882591093117408,0.1858939311098961
ablation_dynamic_weather_fwi_only,CatBoost,meteorology plus fire-weather variables,test_2024,global,Global,0.41254350851141697,0.24500257746720888,0.9366104663893147,0.3884046127304095
ablation_dynamic_weather_fwi_only,CatBoost,meteorology plus fire-weather variables,test_2024,eastern_siberia,Eastern Siberia,0.41254350851141697,0.31269697131563484,0.9458717078687995,0.4700120433560819
ablation_dynamic_weather_fwi_only,CatBoost,meteorology plus fire-weather variables,test_2024,far_east,Far East,0.41254350851141697,0.18557607739665788,0.7080536912751678,0.2940766550522648
ablation_dynamic_weather_fwi_only,CatBoost,meteorology plus fire-weather variables,test_2024,central_asia,Central Asia,0.41254350851141697,0.031650806785271,0.8181818181818182,0.06094403505277833
ablation_dynamic_weather_fwi_only,CatBoost,meteorology plus fire-weather variables,test_2024,europe,Europe,0.41254350851141697,0.09892235424150318,0.7261663286004056,0.17412451361867703
ablation_dynamic_weather_fwi_only,CatBoost,meteorology plus fire-weather variables,test_2025,global,Global,0.41254350851141697,0.15378766276969869,0.8545022445207288,0.260662934471787
ablation_dynamic_weather_fwi_only,CatBoost,meteorology plus fire-weather variables,test_2025,eastern_siberia,Eastern Siberia,0.41254350851141697,0.21731141199226306,0.9201474201474201,0.3515881708652793
ablation_dynamic_weather_fwi_only,CatBoost,meteorology plus fire-weather variables,test_2025,far_east,Far East,0.41254350851141697,0.17123287671232876,0.5474452554744526,0.2608695652173913
ablation_dynamic_weather_fwi_only,CatBoost,meteorology plus fire-weather variables,test_2025,central_asia,Central Asia,0.41254350851141697,0.05551912568306011,0.8355263157894737,0.10411969665915147
ablation_dynamic_weather_fwi_only,CatBoost,meteorology plus fire-weather variables,test_2025,europe,Europe,0.41254350851141697,0.16989164086687306,0.694620253164557,0.27300995024875624
ablation_dynamic_weather_fwi_only,CatBoost,meteorology plus fire-weather variables,test_2021-2023,global,Global,0.41254350851141697,0.29492862348351695,0.9400431776569289,0.4489910460229201
ablation_dynamic_weather_fwi_only,CatBoost,meteorology plus fire-weather variables,test_2021-2023,eastern_siberia,Eastern Siberia,0.41254350851141697,0.3830474129788951,0.9854214525534547,0.5516576191123916
ablation_dynamic_weather_fwi_only,CatBoost,meteorology plus fire-weather variables,test_2021-2023,far_east,Far East,0.41254350851141697,0.22698744769874477,0.8188679245283019,0.35544635544635544
ablation_dynamic_weather_fwi_only,CatBoost,meteorology plus fire-weather variables,test_2021-2023,central_asia,Central Asia,0.41254350851141697,0.09264596008111858,0.8628230616302187,0.16732530120481928
ablation_dynamic_weather_fwi_only,CatBoost,meteorology plus fire-weather variables,test_2021-2023,europe,Europe,0.41254350851141697,0.12542241961958095,0.7539175856065002,0.21506622516556292
ablation_dynamic_weather_fwi_only,CatBoost,meteorology plus fire-weather variables,test_2021-2025,global,Global,0.41254350851141697,0.26762073061212666,0.9328674718261502,0.41592191221427316
ablation_dynamic_weather_fwi_only,CatBoost,meteorology plus fire-weather variables,test_2021-2025,eastern_siberia,Eastern Siberia,0.41254350851141697,0.3483286365615048,0.9724949627402693,0.512934270122553
ablation_dynamic_weather_fwi_only,CatBoost,meteorology plus fire-weather variables,test_2021-2025,far_east,Far East,0.41254350851141697,0.21089354040063021,0.7617886178861789,0.33033668253128856
ablation_dynamic_weather_fwi_only,CatBoost,meteorology plus fire-weather variables,test_2021-2025,central_asia,Central Asia,0.41254350851141697,0.07613600028422211,0.8561725928885338,0.139836867862969
ablation_dynamic_weather_fwi_only,CatBoost,meteorology plus fire-weather variables,test_2021-2025,europe,Europe,0.41254350851141697,0.12657004830917876,0.7359550561797753,0.2159934047815334
