experiment_label,experiment_id,model,feature_set,region_display,period,support,positives,precision,recall,f1,f1_error,average_precision,average_precision_error,delta_f1_vs_full,delta_average_precision_vs_full,threshold
Full CatBoost,ablation_full,CatBoost,all features,Global,2021,87238,24772,0.5139414256268545,0.9159534958824479,0.6584350198052843,5.4580028934063156e-05,0.6679063511686755,0.005448920825391068,0.0,0.0,0.4920829446562272
Full CatBoost,ablation_full,CatBoost,all features,Eastern Siberia,2021,44639,19789,0.5833057104113304,0.978169690231947,0.7308113414127685,0.000805919923666427,0.7214348812099487,0.0010711574085830113,0.0,0.0,0.4920829446562272
Full CatBoost,ablation_full,CatBoost,all features,Far East,2021,2141,270,0.3344103392568659,0.7666666666666667,0.46569178852643417,0.024322386397368036,0.4292843739908073,0.05383706638897778,0.0,0.0,0.4920829446562272
Full CatBoost,ablation_full,CatBoost,all features,Central Asia,2021,10197,903,0.17363896848137536,0.6710963455149501,0.27589346687912586,0.006196976915192281,0.2057136311987202,0.011267742399519031,0.0,0.0,0.4920829446562272
Full CatBoost,ablation_full,CatBoost,all features,Europe,2021,11926,847,0.3008356545961003,0.3825265643447462,0.3367983367983368,0.010281125767476066,0.2642483106035508,0.0017405755040546646,0.0,0.0,0.4920829446562272
Full CatBoost,ablation_full,CatBoost,all features,Global,2022,58312,4923,0.2345258375922771,0.5872435506804794,0.33518840579710146,0.0036630577702844967,0.25704638502424976,0.006321963098996343,0.0,0.0,0.4920829446562272
Full CatBoost,ablation_full,CatBoost,all features,Eastern Siberia,2022,18946,1456,0.17444101773323054,0.6215659340659341,0.2724262492474413,0.010422147965353415,0.22425660948293474,0.004984649634407018,0.0,0.0,0.4920829446562272
Full CatBoost,ablation_full,CatBoost,all features,Far East,2022,2076,192,0.25675675675675674,0.59375,0.3584905660377358,0.02261784628516681,0.2930376814497801,0.03729098701912285,0.0,0.0,0.4920829446562272
Full CatBoost,ablation_full,CatBoost,all features,Central Asia,2022,9862,698,0.15866666666666668,0.5114613180515759,0.24219810040705564,0.015597034701530446,0.17143645048304942,0.018295589205205236,0.0,0.0,0.4920829446562272
Full CatBoost,ablation_full,CatBoost,all features,Europe,2022,10330,382,0.15855354659248957,0.29842931937172773,0.20708446866485014,0.029657167123177872,0.15283663828008123,0.02478026023681261,0.0,0.0,0.4920829446562272
Full CatBoost,ablation_full,CatBoost,all features,Global,2023,60888,6898,0.29749973057441537,0.8003769208466223,0.43376807039597737,0.001030880314837669,0.40775340155630646,0.0008587653067532271,0.0,0.0,0.4920829446562272
Full CatBoost,ablation_full,CatBoost,all features,Eastern Siberia,2023,18853,1391,0.16270566727605118,0.8317757009345794,0.27217125382262997,0.0023896759758783638,0.3260535506094973,0.0037188400611114143,0.0,0.0,0.4920829446562272
Full CatBoost,ablation_full,CatBoost,all features,Far East,2023,2267,333,0.36363636363636365,0.7687687687687688,0.49373191899710706,0.015000193047532173,0.3577736217978907,0.008942983345946393,0.0,0.0,0.4920829446562272
Full CatBoost,ablation_full,CatBoost,all features,Central Asia,2023,9281,411,0.12931034482758622,0.8029197080291971,0.22274721565980427,0.0017061148401272103,0.1538442477870802,0.009275292871067585,0.0,0.0,0.4920829446562272
Full CatBoost,ablation_full,CatBoost,all features,Europe,2023,10456,494,0.22280471821756226,0.3441295546558704,0.27048528241845665,0.0020596520952877646,0.1898181375148025,0.011469159712964125,0.0,0.0,0.4920829446562272
Full CatBoost,ablation_full,CatBoost,all features,Global,2024,65063,9134,0.3396457832507482,0.7579373768338078,0.46908561168140395,0.00039273328768826664,0.43550132415093157,0.0061111822087264595,0.0,0.0,0.4920829446562272
Full CatBoost,ablation_full,CatBoost,all features,Eastern Siberia,2024,26660,6189,0.3724354850239474,0.8418161253837454,0.5164040043611855,0.0013958383933730797,0.4783162209157108,0.0027070885800716876,0.0,0.0,0.4920829446562272
Full CatBoost,ablation_full,CatBoost,all features,Far East,2024,2229,298,0.24935400516795866,0.6476510067114094,0.36007462686567165,0.019354617066643792,0.3028753947257701,0.0034032973627291666,0.0,0.0,0.4920829446562272
Full CatBoost,ablation_full,CatBoost,all features,Central Asia,2024,9003,187,0.05993930197268589,0.42245989304812837,0.10498338870431893,0.012853799689821567,0.08589636840555895,0.008462097927686704,0.0,0.0,0.4920829446562272
Full CatBoost,ablation_full,CatBoost,all features,Europe,2024,10472,493,0.17659574468085107,0.3367139959432049,0.2316817864619679,0.003350593242009848,0.17105911448338812,0.0037560758487391903,0.0,0.0,0.4920829446562272
Full CatBoost,ablation_full,CatBoost,all features,Global,2025,49672,3787,0.27078409207686777,0.695801425930816,0.3898505696108892,0.007790984558438626,0.4239983954821372,0.00014880250504560732,0.0,0.0,0.4920829446562272
Full CatBoost,ablation_full,CatBoost,all features,Eastern Siberia,2025,19162,2442,0.34100555011426703,0.8554463554463555,0.4876283846872082,0.0032378923391597043,0.5351379700958673,0.0012777232696251249,0.0,0.0,0.4920829446562272
Full CatBoost,ablation_full,CatBoost,all features,Far East,2025,1744,137,0.3080168776371308,0.5328467153284672,0.39037433155080214,0.03315665319165386,0.41169742651371566,0.10080250089735217,0.0,0.0,0.4920829446562272
Full CatBoost,ablation_full,CatBoost,all features,Central Asia,2025,7618,304,0.08290816326530612,0.4276315789473684,0.1388888888888889,0.0008872896353423732,0.08285661358255467,0.002885099334428085,0.0,0.0,0.4920829446562272
Full CatBoost,ablation_full,CatBoost,all features,Europe,2025,8878,632,0.2549234135667396,0.3686708860759494,0.3014230271668823,0.0074692207322378254,0.23419692575444856,0.01619405565971892,0.0,0.0,0.4920829446562272
Full CatBoost,ablation_full,CatBoost,all features,Global,2021-2023,206438,36593,0.4145054242076925,0.8499439783565162,0.557248694312308,0.000523603158742155,0.581543694087822,0.0016999180811163672,0.0,0.0,0.4920829446562272
Full CatBoost,ablation_full,CatBoost,all features,Eastern Siberia,2021-2023,82438,22636,0.47091284847418874,0.946236084113801,0.6288608338226659,0.002028394378345299,0.6706191195797011,0.0024539614637184835,0.0,0.0,0.4920829446562272
Full CatBoost,ablation_full,CatBoost,all features,Far East,2021-2023,6484,795,0.3265421618562535,0.7257861635220125,0.45042935206869633,0.007862174531228632,0.3653166566982729,0.005738093259950799,0.0,0.0,0.4920829446562272
Full CatBoost,ablation_full,CatBoost,all features,Central Asia,2021-2023,29340,2012,0.15593342981186686,0.6426441351888668,0.2509704968944099,0.000992754652150165,0.1792498449743032,0.006896064768342445,0.0,0.0,0.4920829446562272
Full CatBoost,ablation_full,CatBoost,all features,Europe,2021-2023,32712,1723,0.23759280969128566,0.3528728961114335,0.28397944885567494,0.013229531367940953,0.208970251855453,6.835651715402428e-05,0.0,0.0,0.4920829446562272
Full CatBoost,ablation_full,CatBoost,all features,Global,2021-2025,321173,49514,0.3866930421881538,0.8211818879508825,0.5257917264745057,0.00546004789362184,0.54627891056253,0.0008530944872809891,0.0,0.0,0.4920829446562272
Full CatBoost,ablation_full,CatBoost,all features,Eastern Siberia,2021-2025,128260,31267,0.43778106373572767,0.9184763488662168,0.5929428282369459,0.0013170202350700204,0.6302041747524663,0.0016470548257556238,0.0,0.0,0.4920829446562272
Full CatBoost,ablation_full,CatBoost,all features,Far East,2021-2025,10457,1230,0.30345572354211664,0.6853658536585366,0.42065868263473055,0.00027546897180051106,0.3490091183495905,0.0022660438096129055,0.0,0.0,0.4920829446562272
Full CatBoost,ablation_full,CatBoost,all features,Central Asia,2021-2025,45961,2503,0.1343710860619073,0.600079904115062,0.2195745925005482,0.002939219676848661,0.15673435638012506,0.000332972651043077,0.0,0.0,0.4920829446562272
Full CatBoost,ablation_full,CatBoost,all features,Europe,2021-2025,52062,2848,0.22818944029005211,0.3535814606741573,0.2773722627737226,0.002112029409610323,0.20493888954481776,0.0021147151063970857,0.0,0.0,0.4920829446562272
Weather-only CatBoost,ablation_weather_only,Weather-only CatBoost,meteorology/history features only,Global,2021,87238,24772,0.37111831985501287,0.983691264330696,0.5389183152167903,0.003250054653110092,0.49212934565155625,0.00018294110889222577,0.11951670458849395,0.17577700551711922,0.4820661726878472
Weather-only CatBoost,ablation_weather_only,Weather-only CatBoost,meteorology/history features only,Eastern Siberia,2021,44639,19789,0.5015272616199155,0.9956541512961746,0.6670503597122303,0.002102292849607167,0.5823578226057171,0.00511690507366874,0.06376098170053823,0.13907705860423158,0.4820661726878472
Weather-only CatBoost,ablation_weather_only,Weather-only CatBoost,meteorology/history features only,Far East,2021,2141,270,0.14369158878504673,0.9111111111111111,0.248234106962664,0.004637926746709514,0.16947978084195195,0.009288778569903391,0.21745768156377018,0.2598045931488554,0.4820661726878472
Weather-only CatBoost,ablation_weather_only,Weather-only CatBoost,meteorology/history features only,Central Asia,2021,10197,903,0.11618081960287284,0.9136212624584718,0.20614692653673164,0.004003734240895274,0.10796002701806688,0.001828647379137853,0.06974654034239422,0.0977536041806533,0.4820661726878472
Weather-only CatBoost,ablation_weather_only,Weather-only CatBoost,meteorology/history features only,Europe,2021,11926,847,0.1227460711331679,0.8760330578512396,0.21532211259431225,0.0022447296329785975,0.25606227080945876,0.0013806748934287543,0.12147622420402457,0.008186039794092048,0.4820661726878472
Weather-only CatBoost,ablation_weather_only,Weather-only CatBoost,meteorology/history features only,Global,2022,58312,4923,0.13128241244637942,0.8330286410725167,0.22681894859102347,0.0012916126139408334,0.1754793546417576,0.009480961684881672,0.10836945720607799,0.08156703038249216,0.4820661726878472
Weather-only CatBoost,ablation_weather_only,Weather-only CatBoost,meteorology/history features only,Eastern Siberia,2022,18946,1456,0.1227894257064722,0.9251373626373627,0.21680347658136165,0.0005063689503675202,0.15364043996126026,0.004504855855606131,0.05562277266607965,0.07061616952167449,0.4820661726878472
Weather-only CatBoost,ablation_weather_only,Weather-only CatBoost,meteorology/history features only,Far East,2022,2076,192,0.11678832116788321,0.9166666666666666,0.20718069452619187,0.002423372662829545,0.16647771202763434,0.0029813352045394577,0.15130987151154396,0.12655996942214576,0.4820661726878472
Weather-only CatBoost,ablation_weather_only,Weather-only CatBoost,meteorology/history features only,Central Asia,2022,9862,698,0.0878561736770692,0.7421203438395415,0.15711252653927812,0.0006966417999908362,0.07812242943956692,0.0013539087285684103,0.08508557386777751,0.0933140210434825,0.4820661726878472
Weather-only CatBoost,ablation_weather_only,Weather-only CatBoost,meteorology/history features only,Europe,2022,10330,382,0.06374407582938389,0.7041884816753927,0.11690569317687961,0.0002713469055341153,0.0758320567916108,0.00017417522979256157,0.09017877548797053,0.07700458148847043,0.4820661726878472
Weather-only CatBoost,ablation_weather_only,Weather-only CatBoost,meteorology/history features only,Global,2023,60888,6898,0.16290550070521861,0.9376630907509423,0.2775846530191837,0.0017202384368194832,0.25246500079318884,0.0022565175519254424,0.15618341737679364,0.15528840076311762,0.4820661726878472
Weather-only CatBoost,ablation_weather_only,Weather-only CatBoost,meteorology/history features only,Eastern Siberia,2023,18853,1391,0.09426987060998152,0.9532710280373832,0.17157275021026072,0.0029824296713547955,0.16785969740628215,0.0020357204668014347,0.10059850361236924,0.15819385320321516,0.4820661726878472
Weather-only CatBoost,ablation_weather_only,Weather-only CatBoost,meteorology/history features only,Far East,2023,2267,333,0.18356643356643357,0.9459459459459459,0.3074670571010249,0.002772967769359,0.31308236396623124,0.00031042992807105374,0.18626486189608216,0.04469125783165945,0.4820661726878472
Weather-only CatBoost,ablation_weather_only,Weather-only CatBoost,meteorology/history features only,Central Asia,2023,9281,411,0.05453917846047635,0.7688564476885644,0.10185334407735697,0.003749000713818701,0.07492469390895469,0.00038444828571636806,0.1208938715824473,0.0789195538781255,0.4820661726878472
Weather-only CatBoost,ablation_weather_only,Weather-only CatBoost,meteorology/history features only,Europe,2023,10456,494,0.07054848966613672,0.7186234817813765,0.12848353239232718,0.003397470628959941,0.11898222989889004,0.001968290465275468,0.14200175002612947,0.07083590761591246,0.4820661726878472
Weather-only CatBoost,ablation_weather_only,Weather-only CatBoost,meteorology/history features only,Global,2024,65063,9134,0.2045147369169848,0.9442741405736808,0.33621143313777846,0.0034728179040800907,0.3317673984684689,0.0010412494352100366,0.1328741785436255,0.10373392568246265,0.4820661726878472
Weather-only CatBoost,ablation_weather_only,Weather-only CatBoost,meteorology/history features only,Eastern Siberia,2024,26660,6189,0.2823638470451912,0.9843270318306673,0.4388416654660712,0.00027806413601778385,0.37579368376531697,0.0034821673989343044,0.07756233889511432,0.10252253715039383,0.4820661726878472
Weather-only CatBoost,ablation_weather_only,Weather-only CatBoost,meteorology/history features only,Far East,2024,2229,298,0.14531878230901782,0.8489932885906041,0.24816086316821973,0.0037976619451802105,0.15454412243977073,0.01026282841147665,0.11191376369745193,0.14833127228599935,0.4820661726878472
Weather-only CatBoost,ablation_weather_only,Weather-only CatBoost,meteorology/history features only,Central Asia,2024,9003,187,0.0236664162283997,0.6737967914438503,0.0457267283614589,0.002755179303096623,0.044769359626567064,0.01227398330467737,0.059256660342860035,0.041127008778991885,0.4820661726878472
Weather-only CatBoost,ablation_weather_only,Weather-only CatBoost,meteorology/history features only,Europe,2024,10472,493,0.07574340751823452,0.821501014198783,0.1386986301369863,0.0013523361893937472,0.11294615262185617,0.01140749013614761,0.09298315632498161,0.05811296186153195,0.4820661726878472
Weather-only CatBoost,ablation_weather_only,Weather-only CatBoost,meteorology/history features only,Global,2025,49672,3787,0.11223016636876117,0.862160021124901,0.198607013595304,0.0004935953272332168,0.18105574402722524,0.0025819220884360523,0.1912435560155852,0.24294265145491195,0.4820661726878472
Weather-only CatBoost,ablation_weather_only,Weather-only CatBoost,meteorology/history features only,Eastern Siberia,2025,19162,2442,0.17313802991552352,0.9148239148239148,0.29116976213750406,0.0019985185172714174,0.3074017078731733,0.0005998636652458074,0.19645862254970414,0.227736262222694,0.4820661726878472
Weather-only CatBoost,ablation_weather_only,Weather-only CatBoost,meteorology/history features only,Far East,2025,1744,137,0.0782472613458529,0.7299270072992701,0.1413427561837456,0.014140494879239997,0.1522823715735395,0.023947849530779112,0.24903157536705656,0.25941505494017614,0.4820661726878472
Weather-only CatBoost,ablation_weather_only,Weather-only CatBoost,meteorology/history features only,Central Asia,2025,7618,304,0.04559748427672956,0.7631578947368421,0.08605341246290801,0.00019059337419851383,0.051535669412810424,0.00017221057648424275,0.05283547642598088,0.03132094416974424,0.4820661726878472
Weather-only CatBoost,ablation_weather_only,Weather-only CatBoost,meteorology/history features only,Europe,2025,8878,632,0.1141750227894257,0.7927215189873418,0.199601593625498,0.004858874039940838,0.17096526573086762,0.002258647602429118,0.10182143354138429,0.06323166002358094,0.4820661726878472
Weather-only CatBoost,ablation_weather_only,Weather-only CatBoost,meteorology/history features only,Global,2021-2023,206438,36593,0.25575573010841635,0.9547454431175362,0.40343887849603915,0.0036649366897362136,0.3791297531649369,0.008209699268157126,0.1538098158162688,0.20241394092288512,0.4820661726878472
Weather-only CatBoost,ablation_weather_only,Weather-only CatBoost,meteorology/history features only,Eastern Siberia,2021-2023,82438,22636,0.34787475513821087,0.9885138717087825,0.5146392511327308,0.0022240600332820866,0.47883227888629915,0.0033753438874385673,0.1142215826899351,0.19178684069340196,0.4820661726878472
Weather-only CatBoost,ablation_weather_only,Weather-only CatBoost,meteorology/history features only,Far East,2021-2023,6484,795,0.14934143870314084,0.9270440251572327,0.25724258289703317,0.0010784233001184616,0.21836560410902758,0.0021034192581521702,0.19318676917166316,0.14695105258924532,0.4820661726878472
Weather-only CatBoost,ablation_weather_only,Weather-only CatBoost,meteorology/history features only,Central Asia,2021-2023,29340,2012,0.08828694587834601,0.8245526838966203,0.15949622650579243,0.00036505481238586097,0.08317528686760234,0.0001311716669168685,0.0914742703886175,0.09607455810670087,0.4820661726878472
Weather-only CatBoost,ablation_weather_only,Weather-only CatBoost,meteorology/history features only,Europe,2021-2023,32712,1723,0.0892985552722756,0.7928032501450958,0.16051703877790835,0.000513529665194715,0.1498561870697578,0.0014714604671563177,0.1234624100777666,0.0591140647856952,0.4820661726878472
Weather-only CatBoost,ablation_weather_only,Weather-only CatBoost,meteorology/history features only,Global,2021-2025,321173,49514,0.22527276925741335,0.9457325200953266,0.3638715994125463,0.0007582179185458962,0.35079560274721466,0.002056307852957289,0.16192012706195935,0.1954833078153153,0.4820661726878472
Weather-only CatBoost,ablation_weather_only,Weather-only CatBoost,meteorology/history features only,Eastern Siberia,2021-2025,128260,31267,0.31074898785425104,0.9819298301723862,0.47209515096065874,0.00025186323565225537,0.4434523379588713,0.005182892891347424,0.12084767727628715,0.18675183679359497,0.4820661726878472
Weather-only CatBoost,ablation_weather_only,Weather-only CatBoost,meteorology/history features only,Far East,2021-2025,10457,1230,0.1370379683178275,0.8861788617886179,0.23736933797909407,0.0004937645470447233,0.18818695059731258,0.002400183189328021,0.18328934465563648,0.1608221677522779,0.4820661726878472
Weather-only CatBoost,ablation_weather_only,Weather-only CatBoost,meteorology/history features only,Central Asia,2021-2025,45961,2503,0.06906824641303975,0.8058330003995205,0.12723143884438276,0.0018005791278351663,0.0692916337287443,0.0017095613748732313,0.09234315365616544,0.08744272265138076,0.4820661726878472
Weather-only CatBoost,ablation_weather_only,Weather-only CatBoost,meteorology/history features only,Europe,2021-2025,52062,2848,0.09076382230744647,0.797752808988764,0.1629842180774749,0.00011380746981542752,0.14581395180129472,0.000677967085955806,0.11438804469624772,0.05912493774352304,0.4820661726878472
FWI-only CatBoost,ablation_fwi_only,FWI-only CatBoost,fire-weather variables only,Global,2021,87238,24772,0.36770844907223693,0.9351687388987566,0.5278616431020929,0.0010439375917751428,0.499407157884928,0.00041689907234702305,0.13057337670319136,0.16849919328374746,0.4773367906247884
FWI-only CatBoost,ablation_fwi_only,FWI-only CatBoost,fire-weather variables only,Eastern Siberia,2021,44639,19789,0.5116747949758875,0.9490120774167466,0.664872902357856,0.00013024647167339233,0.5751614418646188,0.0015351627856385452,0.06593843905491248,0.14627343934532988,0.4773367906247884
FWI-only CatBoost,ablation_fwi_only,FWI-only CatBoost,fire-weather variables only,Far East,2021,2141,270,0.21256931608133087,0.8518518518518519,0.34023668639053256,0.005283296254715476,0.35805331822385716,0.013696340335598528,0.1254551021359016,0.07123105576695016,0.4773367906247884
FWI-only CatBoost,ablation_fwi_only,FWI-only CatBoost,fire-weather variables only,Central Asia,2021,10197,903,0.11080157021653793,0.9689922480620154,0.19886363636363635,0.002002403288123467,0.12577716037069125,0.0033208905144193742,0.0770298305154895,0.07993647082802893,0.4773367906247884
FWI-only CatBoost,ablation_fwi_only,FWI-only CatBoost,fire-weather variables only,Europe,2021,11926,847,0.10642541672602934,0.8819362455726092,0.18993135011441648,0.0011330167204702168,0.15607040090791285,0.011036403324260527,0.14686698668392034,0.10817790969563795,0.4773367906247884
FWI-only CatBoost,ablation_fwi_only,FWI-only CatBoost,fire-weather variables only,Global,2022,58312,4923,0.1233908252816921,0.9053422709729839,0.21718156125134003,0.0027703463434819308,0.15630868228263722,0.0013404788579256817,0.11800684454576144,0.10073770274161253,0.4773367906247884
FWI-only CatBoost,ablation_fwi_only,FWI-only CatBoost,fire-weather variables only,Eastern Siberia,2022,18946,1456,0.11010425020048116,0.9429945054945055,0.19718512135573746,0.0007062298939181159,0.15031055302131302,0.004550625797737134,0.07524112789170384,0.07394605646162172,0.4773367906247884
FWI-only CatBoost,ablation_fwi_only,FWI-only CatBoost,fire-weather variables only,Far East,2022,2076,192,0.1603585657370518,0.8385416666666666,0.2692307692307692,0.006842935805302479,0.2846809739528567,0.03950381661419322,0.08925979680696661,0.00835670749692341,0.4773367906247884
FWI-only CatBoost,ablation_fwi_only,FWI-only CatBoost,fire-weather variables only,Central Asia,2022,9862,698,0.0868920921460326,0.9240687679083095,0.1588474325821943,1.0443458775275912e-05,0.0952107492440504,0.004059808434185664,0.08335066782486134,0.07622570123899902,0.4773367906247884
FWI-only CatBoost,ablation_fwi_only,FWI-only CatBoost,fire-weather variables only,Europe,2022,10330,382,0.05736103711596519,0.8455497382198953,0.10743389323133211,0.005171867661306775,0.10078160420430637,0.005661791599961141,0.09965057543351803,0.05205503407577486,0.4773367906247884
FWI-only CatBoost,ablation_fwi_only,FWI-only CatBoost,fire-weather variables only,Global,2023,60888,6898,0.15506429173693087,0.8531458393737316,0.2624303232998885,0.0005060490681574397,0.18342691279747217,0.005257984439310319,0.17133774709608884,0.2243264887588343,0.4773367906247884
FWI-only CatBoost,ablation_fwi_only,FWI-only CatBoost,fire-weather variables only,Eastern Siberia,2023,18853,1391,0.09079445145018916,0.7764198418404026,0.16257714887851873,0.000508371074632249,0.14103820748870535,0.0037484690055963965,0.10959410494411123,0.18501534312079196,0.4773367906247884
FWI-only CatBoost,ablation_fwi_only,FWI-only CatBoost,fire-weather variables only,Far East,2023,2267,333,0.21108179419525067,0.7207207207207207,0.32653061224489793,0.002707333776189029,0.326300069084378,0.05939470144318699,0.16720130675220912,0.03147355271351271,0.4773367906247884
FWI-only CatBoost,ablation_fwi_only,FWI-only CatBoost,fire-weather variables only,Central Asia,2023,9281,411,0.05265441921018371,0.8856447688564477,0.099399235390497,0.0005629714997415482,0.061106008155763294,0.0015049743920047894,0.12334798026930727,0.0927382396313169,0.4773367906247884
FWI-only CatBoost,ablation_fwi_only,FWI-only CatBoost,fire-weather variables only,Europe,2023,10456,494,0.0694131902371473,0.8117408906882592,0.12789028863020252,0.001087660629986586,0.09741004162815387,0.00760555203203403,0.14259499378825413,0.09240809588664864,0.4773367906247884
FWI-only CatBoost,ablation_fwi_only,FWI-only CatBoost,fire-weather variables only,Global,2024,65063,9134,0.19225535368968893,0.881650974381432,0.3156739381823171,0.0014359505868251758,0.2463427876415789,0.004020246068860598,0.15341167349908685,0.18915853650935266,0.4773367906247884
FWI-only CatBoost,ablation_fwi_only,FWI-only CatBoost,fire-weather variables only,Eastern Siberia,2024,26660,6189,0.2900556798667846,0.900630150266602,0.43879398567267575,0.0004077346079398984,0.33740362241179916,0.001215638594691221,0.07761001868850975,0.14091259850391163,0.4773367906247884
FWI-only CatBoost,ablation_fwi_only,FWI-only CatBoost,fire-weather variables only,Far East,2024,2229,298,0.21080139372822299,0.8120805369127517,0.334716459197787,0.0003131713862812798,0.2649064478496568,0.016772618569068098,0.02535816766788468,0.037968946876113296,0.4773367906247884
FWI-only CatBoost,ablation_fwi_only,FWI-only CatBoost,fire-weather variables only,Central Asia,2024,9003,187,0.024139472507822977,0.8663101604278075,0.04697013627138301,0.0001779507741289508,0.020241371243524882,0.0018685896018565706,0.058013252432935924,0.06565499716203407,0.4773367906247884
FWI-only CatBoost,ablation_fwi_only,FWI-only CatBoost,fire-weather variables only,Europe,2024,10472,493,0.06508264462809918,0.7667342799188641,0.11998095540390415,0.002798459045536834,0.09051448908925437,0.0009965674495811395,0.11170083105806376,0.08054462539413375,0.4773367906247884
FWI-only CatBoost,ablation_fwi_only,FWI-only CatBoost,fire-weather variables only,Global,2025,49672,3787,0.10817990290372813,0.9355690520200687,0.1939350812852373,0.00017532742096658762,0.18658520204657097,0.0005593197281674017,0.19591548832565192,0.23741319343556622,0.4773367906247884
FWI-only CatBoost,ablation_fwi_only,FWI-only CatBoost,fire-weather variables only,Eastern Siberia,2025,19162,2442,0.17121552161007747,0.9684684684684685,0.29098738849584743,0.00120530470332955,0.23094940159233035,0.00571807298017543,0.19664099619136077,0.3041885685035369,0.4773367906247884
FWI-only CatBoost,ablation_fwi_only,FWI-only CatBoost,fire-weather variables only,Far East,2025,1744,137,0.14336075205640422,0.8905109489051095,0.24696356275303644,0.0023791735299234116,0.40509031903269144,0.019911038672881028,0.1434107687977657,0.006607107481024221,0.4773367906247884
FWI-only CatBoost,ablation_fwi_only,FWI-only CatBoost,fire-weather variables only,Central Asia,2025,7618,304,0.04488241139450149,0.8914473684210527,0.08546199936928414,0.0012898522106192442,0.06184662697792908,0.013410988188843287,0.05342688951960475,0.021009986604625587,0.4773367906247884
FWI-only CatBoost,ablation_fwi_only,FWI-only CatBoost,fire-weather variables only,Europe,2025,8878,632,0.0929242773541408,0.8291139240506329,0.16711848190081327,0.003695218500562517,0.1388423149068652,0.010461279464242466,0.13430454526606903,0.09535461084758337,0.4773367906247884
FWI-only CatBoost,ablation_fwi_only,FWI-only CatBoost,fire-weather variables only,Global,2021-2023,206438,36593,0.24445190189240848,0.9156942584647337,0.38588793495597895,0.0012337866745870246,0.35732619711224756,0.0029429236119126734,0.171360759356329,0.22421749697557447,0.4773367906247884
FWI-only CatBoost,ablation_fwi_only,FWI-only CatBoost,fire-weather variables only,Eastern Siberia,2021-2023,82438,22636,0.3476943734852951,0.93801908464393,0.507335372264169,0.0011549433827489856,0.43966938739515565,0.006667395958903631,0.12152546155849686,0.23094973218454545,0.4773367906247884
FWI-only CatBoost,ablation_fwi_only,FWI-only CatBoost,fire-weather variables only,Far East,2021-2023,6484,795,0.19578032888613092,0.7937106918238994,0.31408661025385765,0.0027430897911907,0.3188335200302738,0.01071411699073464,0.13634274181483869,0.04648313666799908,0.4773367906247884
FWI-only CatBoost,ablation_fwi_only,FWI-only CatBoost,fire-weather variables only,Central Asia,2021-2023,29340,2012,0.08473890163270814,0.9363817097415507,0.15541348731697258,0.0018762864572020425,0.09462304794787062,0.00010126654192052366,0.09555700957743735,0.0846267970264326,0.4773367906247884
FWI-only CatBoost,ablation_fwi_only,FWI-only CatBoost,fire-weather variables only,Europe,2021-2023,32712,1723,0.07982851250881857,0.8537434706906558,0.14600496277915634,0.0027621768555257296,0.11443299472043955,0.003903576102019275,0.1379744860765186,0.09453725713501346,0.4773367906247884
FWI-only CatBoost,ablation_fwi_only,FWI-only CatBoost,fire-weather variables only,Global,2021-2025,321173,49514,0.2130441354292624,0.9109342812133941,0.34532550358693237,0.0043421949970232155,0.31060983949734317,0.004054287853973917,0.1804662228875733,0.2356690710651868,0.4773367906247884
FWI-only CatBoost,ablation_fwi_only,FWI-only CatBoost,fire-weather variables only,Eastern Siberia,2021-2025,128260,31267,0.31001721609385957,0.9329964499312374,0.46539305228732103,0.0003892233946612668,0.3903543520588144,0.005823503047697783,0.12754977594962486,0.23984982269365185,0.4773367906247884
FWI-only CatBoost,ablation_fwi_only,FWI-only CatBoost,fire-weather variables only,Far East,2021-2025,10457,1230,0.19054002297970127,0.8089430894308943,0.30843149411035337,0.0009761505165765465,0.30662564310223717,0.021535917398225655,0.11222718852437719,0.04238347524735331,0.4773367906247884
FWI-only CatBoost,ablation_fwi_only,FWI-only CatBoost,fire-weather variables only,Central Asia,2021-2025,45961,2503,0.06623406323251958,0.9256891729924092,0.12362278244631186,0.0006747387022308281,0.07281831347675709,0.00010031469530207986,0.09595181005423634,0.08391604290336797,0.4773367906247884
FWI-only CatBoost,ablation_fwi_only,FWI-only CatBoost,fire-weather variables only,Europe,2021-2025,52062,2848,0.07943362120907813,0.8332162921348315,0.1450400342277367,0.00046057129075227404,0.11277836660792036,0.004751367307987352,0.13233222854598592,0.0921605229368974,0.4773367906247884
CatBoost no anthropogenic,ablation_no_anthropogenic,CatBoost,full minus roads/population/night lights,Global,2021,87238,24772,0.520529677374073,0.8981511383820442,0.6590831667036955,0.002406996018216316,0.6550141834080317,0.004995580521584589,-0.0006481468984111949,0.012892167760643725,0.5002497225079148
CatBoost no anthropogenic,ablation_no_anthropogenic,CatBoost,full minus roads/population/night lights,Eastern Siberia,2021,44639,19789,0.5938271604938271,0.9722573146697661,0.7373201249305409,0.0019074435505386992,0.7159342769954996,0.0015678102284413667,-0.0065087835177723985,0.00550060421444909,0.5002497225079148
CatBoost no anthropogenic,ablation_no_anthropogenic,CatBoost,full minus roads/population/night lights,Far East,2021,2141,270,0.34460887949260044,0.6037037037037037,0.4387617765814266,0.013195686392799149,0.3902736567163353,0.04257164467375976,0.026930011945007548,0.03901071727447203,0.5002497225079148
CatBoost no anthropogenic,ablation_no_anthropogenic,CatBoost,full minus roads/population/night lights,Central Asia,2021,10197,903,0.16427041908840623,0.5946843853820598,0.25743048897411314,0.0008397665352580176,0.17670941061539414,0.007833442716014268,0.018462977905012723,0.02900422058332605,0.5002497225079148
CatBoost no anthropogenic,ablation_no_anthropogenic,CatBoost,full minus roads/population/night lights,Europe,2021,11926,847,0.18461538461538463,0.21251475796930341,0.19758507135016465,0.004128610485775792,0.22672571084618895,0.0007712026995461032,0.13921326544817217,0.03752259975736186,0.5002497225079148
CatBoost no anthropogenic,ablation_no_anthropogenic,CatBoost,full minus roads/population/night lights,Global,2022,58312,4923,0.22431735301965666,0.5122892545196018,0.3120128665099592,0.003095029512865046,0.2073719644114349,0.005768337376848737,0.023175539287142277,0.04967442061281485,0.5002497225079148
CatBoost no anthropogenic,ablation_no_anthropogenic,CatBoost,full minus roads/population/night lights,Eastern Siberia,2022,18946,1456,0.16061305899643083,0.5254120879120879,0.2460202604920405,0.0153277509086891,0.18069552429880542,0.003296153618625069,0.02640598875540079,0.04356108518412932,0.5002497225079148
CatBoost no anthropogenic,ablation_no_anthropogenic,CatBoost,full minus roads/population/night lights,Far East,2022,2076,192,0.2715736040609137,0.5572916666666666,0.3651877133105802,0.033061547084587875,0.28472607519946946,0.018414371522262434,-0.006697147272844373,0.008311606250310632,0.5002497225079148
CatBoost no anthropogenic,ablation_no_anthropogenic,CatBoost,full minus roads/population/night lights,Central Asia,2022,9862,698,0.14475703324808184,0.4054441260744986,0.21334338484734264,0.019373104560952037,0.12475134804823469,0.014756694132372154,0.028854715559713,0.04668510243481473,0.5002497225079148
CatBoost no anthropogenic,ablation_no_anthropogenic,CatBoost,full minus roads/population/night lights,Europe,2022,10330,382,0.13744075829383887,0.22774869109947643,0.17142857142857143,0.023048419766288485,0.10960367521189752,0.01636144599771487,0.03565589723627871,0.04323296306818371,0.5002497225079148
CatBoost no anthropogenic,ablation_no_anthropogenic,CatBoost,full minus roads/population/night lights,Global,2023,60888,6898,0.2982576799633196,0.7544215714699913,0.4275034913332786,0.00015115823552825074,0.3886333181688606,0.004248221816883369,0.006264579062698783,0.019120083387445863,0.5002497225079148
CatBoost no anthropogenic,ablation_no_anthropogenic,CatBoost,full minus roads/population/night lights,Eastern Siberia,2023,18853,1391,0.17889839411676423,0.8569374550682962,0.296001986590514,0.0017346357733484528,0.32728534529265374,0.005278699091544653,-0.023830732767884055,-0.0012317946831564286,0.5002497225079148
CatBoost no anthropogenic,ablation_no_anthropogenic,CatBoost,full minus roads/population/night lights,Far East,2023,2267,333,0.36209813874788493,0.6426426426426426,0.46320346320346323,0.018923696849407104,0.3553747120746153,0.0004821428701333988,0.030528455793643827,0.0023989097232753887,0.5002497225079148
CatBoost no anthropogenic,ablation_no_anthropogenic,CatBoost,full minus roads/population/night lights,Central Asia,2023,9281,411,0.11426222770242499,0.6763990267639902,0.19549929676511954,0.006052817545198407,0.12144417851106781,0.009971860085535992,0.027247918894684725,0.03240006927601238,0.5002497225079148
CatBoost no anthropogenic,ablation_no_anthropogenic,CatBoost,full minus roads/population/night lights,Europe,2023,10456,494,0.12962962962962962,0.15587044534412955,0.14154411764705882,0.014733263980894211,0.14951283213049615,0.007695785028787272,0.12894116477139783,0.04030530538430635,0.5002497225079148
CatBoost no anthropogenic,ablation_no_anthropogenic,CatBoost,full minus roads/population/night lights,Global,2024,65063,9134,0.3568245414032542,0.7538865776220713,0.48438379290939787,0.0011406265001749918,0.4354875490435988,0.004978669677509268,-0.015298181227993923,1.377510733274745e-05,0.5002497225079148
CatBoost no anthropogenic,ablation_no_anthropogenic,CatBoost,full minus roads/population/night lights,Eastern Siberia,2024,26660,6189,0.3857468732793204,0.792373566004201,0.5188868902761613,0.0007761551713397559,0.48440888883379174,0.00018571686716912307,-0.0024828859149758076,-0.006092667918080941,0.5002497225079148
CatBoost no anthropogenic,ablation_no_anthropogenic,CatBoost,full minus roads/population/night lights,Far East,2024,2229,298,0.2555391432791728,0.5805369127516778,0.3548717948717949,0.01405231278240569,0.28457015687289317,0.0010334650222482734,0.0052028319938767775,0.01830523785287691,0.5002497225079148
CatBoost no anthropogenic,ablation_no_anthropogenic,CatBoost,full minus roads/population/night lights,Central Asia,2024,9003,187,0.06633906633906633,0.43315508021390375,0.11505681818181818,0.007732238758847349,0.09013594294779115,0.006014249319513606,-0.010073429477499243,-0.0042395745422321995,0.5002497225079148
CatBoost no anthropogenic,ablation_no_anthropogenic,CatBoost,full minus roads/population/night lights,Europe,2024,10472,493,0.15948275862068967,0.3002028397565923,0.2083040112596763,0.007388209900320931,0.16762976618949443,0.013350632196119743,0.023377775202291617,0.003429348293893686,0.5002497225079148
CatBoost no anthropogenic,ablation_no_anthropogenic,CatBoost,full minus roads/population/night lights,Global,2025,49672,3787,0.2730277655354782,0.6543438077634011,0.3852911451449895,0.008862955899988749,0.4035288468664655,0.00035930869477692086,0.004559424465899686,0.020469548615671684,0.5002497225079148
CatBoost no anthropogenic,ablation_no_anthropogenic,CatBoost,full minus roads/population/night lights,Eastern Siberia,2025,19162,2442,0.35541850220264315,0.825962325962326,0.4969816434643341,0.00899490913249867,0.5275820923019066,0.0014992728307176974,-0.009353258777125895,0.007555877793960719,0.5002497225079148
CatBoost no anthropogenic,ablation_no_anthropogenic,CatBoost,full minus roads/population/night lights,Far East,2025,1744,137,0.2786885245901639,0.49635036496350365,0.3569553805774278,0.05248379943855493,0.36053109222275687,0.06796202708547952,0.03341895097337433,0.05116633429095879,0.5002497225079148
CatBoost no anthropogenic,ablation_no_anthropogenic,CatBoost,full minus roads/population/night lights,Central Asia,2025,7618,304,0.07186030893216924,0.3519736842105263,0.11935303959843838,0.001589935973365148,0.06534353509365284,0.00178903817983231,0.01953584929045052,0.017513078488901823,0.5002497225079148
CatBoost no anthropogenic,ablation_no_anthropogenic,CatBoost,full minus roads/population/night lights,Europe,2025,8878,632,0.22989807474518686,0.3212025316455696,0.26798679867986797,0.005659871058928966,0.20034404189718552,0.0012061574717835144,0.03343622848701433,0.03385288385726304,0.5002497225079148
CatBoost no anthropogenic,ablation_no_anthropogenic,CatBoost,full minus roads/population/night lights,Global,2021-2023,206438,36593,0.4196181090237142,0.8191457382559506,0.5549538541290603,0.0023568018208243325,0.5590628192065984,0.0002042247979111896,0.0022948401832476595,0.022480874881223634,0.5002497225079148
CatBoost no anthropogenic,ablation_no_anthropogenic,CatBoost,full minus roads/population/night lights,Eastern Siberia,2021-2023,82438,22636,0.4836626659973532,0.9364286976497614,0.6378682555445216,0.0031786289923427494,0.6577765247995602,0.0010563509066665961,-0.009007421721855757,0.012842594780140937,0.5002497225079148
CatBoost no anthropogenic,ablation_no_anthropogenic,CatBoost,full minus roads/population/night lights,Far East,2021-2023,6484,795,0.3319615912208505,0.6088050314465409,0.42964935641367064,0.011496918813859638,0.3415710365118462,0.008341395013896438,0.020779995655025696,0.023745620186426675,0.5002497225079148
CatBoost no anthropogenic,ablation_no_anthropogenic,CatBoost,full minus roads/population/night lights,Central Asia,2021-2023,29340,2012,0.14339819772756954,0.5457256461232605,0.22711759230530562,0.000941584625557296,0.1424244414984283,0.00579578477928882,0.0238529045891043,0.0368254034758749,0.5002497225079148
CatBoost no anthropogenic,ablation_no_anthropogenic,CatBoost,full minus roads/population/night lights,Europe,2021-2023,32712,1723,0.15622161671207993,0.1996517701683111,0.17528662420382166,0.001336658020107514,0.16453202465055963,0.005172428733074401,0.10869282465185329,0.04443822720489338,0.5002497225079148
CatBoost no anthropogenic,ablation_no_anthropogenic,CatBoost,full minus roads/population/night lights,Global,2021-2025,321173,49514,0.39414676178262265,0.7945025649311306,0.5269015952103507,0.002483689094416511,0.5264652504132801,0.0032688504133533158,-0.0011098687358450654,0.0198136601492499,0.5002497225079148
CatBoost no anthropogenic,ablation_no_anthropogenic,CatBoost,full minus roads/population/night lights,Eastern Siberia,2021-2025,128260,31267,0.45195615134857103,0.8992867879873349,0.6015767910056589,0.0008220543454131183,0.6191896357699587,0.003087010680822505,-0.008633962768712977,0.011014538982507593,0.5002497225079148
CatBoost no anthropogenic,ablation_no_anthropogenic,CatBoost,full minus roads/population/night lights,Far East,2021-2025,10457,1230,0.30474989491382937,0.5894308943089431,0.40177334441673596,0.004647534325096099,0.32242957696546015,0.007143086541144153,0.018885338217994596,0.026579541384130323,0.5002497225079148
CatBoost no anthropogenic,ablation_no_anthropogenic,CatBoost,full minus roads/population/night lights,Central Asia,2021-2025,45961,2503,0.12404745828108421,0.5137834598481822,0.19984459984459985,0.0026016833327889874,0.12360815780834947,0.0017809252525189281,0.019729992655948353,0.033126198571775595,0.5002497225079148
CatBoost no anthropogenic,ablation_no_anthropogenic,CatBoost,full minus roads/population/night lights,Europe,2021-2025,52062,2848,0.17318714178918515,0.2440308988764045,0.2025943739979595,0.01554194644510569,0.16934770822929765,0.006607358978313634,0.07477788877576313,0.03559118131552011,0.5002497225079148
CatBoost-no-ecoregion,ablation_no_ecoregion,CatBoost,full minus ecoregion categorical variables,Global,2021,87238,24772,0.5139414256268545,0.9159534958824479,0.6584350198052843,5.4580028934063156e-05,0.6679063511686755,0.005448920825391068,0.0,0.0,0.4920829446562272
CatBoost-no-ecoregion,ablation_no_ecoregion,CatBoost,full minus ecoregion categorical variables,Eastern Siberia,2021,44639,19789,0.5833057104113304,0.978169690231947,0.7308113414127685,0.000805919923666427,0.7214348812099487,0.0010711574085830113,0.0,0.0,0.4920829446562272
CatBoost-no-ecoregion,ablation_no_ecoregion,CatBoost,full minus ecoregion categorical variables,Far East,2021,2141,270,0.3344103392568659,0.7666666666666667,0.46569178852643417,0.024322386397368036,0.4292843739908073,0.05383706638897778,0.0,0.0,0.4920829446562272
CatBoost-no-ecoregion,ablation_no_ecoregion,CatBoost,full minus ecoregion categorical variables,Central Asia,2021,10197,903,0.17363896848137536,0.6710963455149501,0.27589346687912586,0.006196976915192281,0.2057136311987202,0.011267742399519031,0.0,0.0,0.4920829446562272
CatBoost-no-ecoregion,ablation_no_ecoregion,CatBoost,full minus ecoregion categorical variables,Europe,2021,11926,847,0.3008356545961003,0.3825265643447462,0.3367983367983368,0.010281125767476066,0.2642483106035508,0.0017405755040546646,0.0,0.0,0.4920829446562272
CatBoost-no-ecoregion,ablation_no_ecoregion,CatBoost,full minus ecoregion categorical variables,Global,2022,58312,4923,0.2345258375922771,0.5872435506804794,0.33518840579710146,0.0036630577702844967,0.25704638502424976,0.006321963098996343,0.0,0.0,0.4920829446562272
CatBoost-no-ecoregion,ablation_no_ecoregion,CatBoost,full minus ecoregion categorical variables,Eastern Siberia,2022,18946,1456,0.17444101773323054,0.6215659340659341,0.2724262492474413,0.010422147965353415,0.22425660948293474,0.004984649634407018,0.0,0.0,0.4920829446562272
CatBoost-no-ecoregion,ablation_no_ecoregion,CatBoost,full minus ecoregion categorical variables,Far East,2022,2076,192,0.25675675675675674,0.59375,0.3584905660377358,0.02261784628516681,0.2930376814497801,0.03729098701912285,0.0,0.0,0.4920829446562272
CatBoost-no-ecoregion,ablation_no_ecoregion,CatBoost,full minus ecoregion categorical variables,Central Asia,2022,9862,698,0.15866666666666668,0.5114613180515759,0.24219810040705564,0.015597034701530446,0.17143645048304942,0.018295589205205236,0.0,0.0,0.4920829446562272
CatBoost-no-ecoregion,ablation_no_ecoregion,CatBoost,full minus ecoregion categorical variables,Europe,2022,10330,382,0.15855354659248957,0.29842931937172773,0.20708446866485014,0.029657167123177872,0.15283663828008123,0.02478026023681261,0.0,0.0,0.4920829446562272
CatBoost-no-ecoregion,ablation_no_ecoregion,CatBoost,full minus ecoregion categorical variables,Global,2023,60888,6898,0.29749973057441537,0.8003769208466223,0.43376807039597737,0.001030880314837669,0.40775340155630646,0.0008587653067532271,0.0,0.0,0.4920829446562272
CatBoost-no-ecoregion,ablation_no_ecoregion,CatBoost,full minus ecoregion categorical variables,Eastern Siberia,2023,18853,1391,0.16270566727605118,0.8317757009345794,0.27217125382262997,0.0023896759758783638,0.3260535506094973,0.0037188400611114143,0.0,0.0,0.4920829446562272
CatBoost-no-ecoregion,ablation_no_ecoregion,CatBoost,full minus ecoregion categorical variables,Far East,2023,2267,333,0.36363636363636365,0.7687687687687688,0.49373191899710706,0.015000193047532173,0.3577736217978907,0.008942983345946393,0.0,0.0,0.4920829446562272
CatBoost-no-ecoregion,ablation_no_ecoregion,CatBoost,full minus ecoregion categorical variables,Central Asia,2023,9281,411,0.12931034482758622,0.8029197080291971,0.22274721565980427,0.0017061148401272103,0.1538442477870802,0.009275292871067585,0.0,0.0,0.4920829446562272
CatBoost-no-ecoregion,ablation_no_ecoregion,CatBoost,full minus ecoregion categorical variables,Europe,2023,10456,494,0.22280471821756226,0.3441295546558704,0.27048528241845665,0.0020596520952877646,0.1898181375148025,0.011469159712964125,0.0,0.0,0.4920829446562272
CatBoost-no-ecoregion,ablation_no_ecoregion,CatBoost,full minus ecoregion categorical variables,Global,2024,65063,9134,0.3396457832507482,0.7579373768338078,0.46908561168140395,0.00039273328768826664,0.43550132415093157,0.0061111822087264595,0.0,0.0,0.4920829446562272
CatBoost-no-ecoregion,ablation_no_ecoregion,CatBoost,full minus ecoregion categorical variables,Eastern Siberia,2024,26660,6189,0.3724354850239474,0.8418161253837454,0.5164040043611855,0.0013958383933730797,0.4783162209157108,0.0027070885800716876,0.0,0.0,0.4920829446562272
CatBoost-no-ecoregion,ablation_no_ecoregion,CatBoost,full minus ecoregion categorical variables,Far East,2024,2229,298,0.24935400516795866,0.6476510067114094,0.36007462686567165,0.019354617066643792,0.3028753947257701,0.0034032973627291666,0.0,0.0,0.4920829446562272
CatBoost-no-ecoregion,ablation_no_ecoregion,CatBoost,full minus ecoregion categorical variables,Central Asia,2024,9003,187,0.05993930197268589,0.42245989304812837,0.10498338870431893,0.012853799689821567,0.08589636840555895,0.008462097927686704,0.0,0.0,0.4920829446562272
CatBoost-no-ecoregion,ablation_no_ecoregion,CatBoost,full minus ecoregion categorical variables,Europe,2024,10472,493,0.17659574468085107,0.3367139959432049,0.2316817864619679,0.003350593242009848,0.17105911448338812,0.0037560758487391903,0.0,0.0,0.4920829446562272
CatBoost-no-ecoregion,ablation_no_ecoregion,CatBoost,full minus ecoregion categorical variables,Global,2025,49672,3787,0.27078409207686777,0.695801425930816,0.3898505696108892,0.007790984558438626,0.4239983954821372,0.00014880250504560732,0.0,0.0,0.4920829446562272
CatBoost-no-ecoregion,ablation_no_ecoregion,CatBoost,full minus ecoregion categorical variables,Eastern Siberia,2025,19162,2442,0.34100555011426703,0.8554463554463555,0.4876283846872082,0.0032378923391597043,0.5351379700958673,0.0012777232696251249,0.0,0.0,0.4920829446562272
CatBoost-no-ecoregion,ablation_no_ecoregion,CatBoost,full minus ecoregion categorical variables,Far East,2025,1744,137,0.3080168776371308,0.5328467153284672,0.39037433155080214,0.03315665319165386,0.41169742651371566,0.10080250089735217,0.0,0.0,0.4920829446562272
CatBoost-no-ecoregion,ablation_no_ecoregion,CatBoost,full minus ecoregion categorical variables,Central Asia,2025,7618,304,0.08290816326530612,0.4276315789473684,0.1388888888888889,0.0008872896353423732,0.08285661358255467,0.002885099334428085,0.0,0.0,0.4920829446562272
CatBoost-no-ecoregion,ablation_no_ecoregion,CatBoost,full minus ecoregion categorical variables,Europe,2025,8878,632,0.2549234135667396,0.3686708860759494,0.3014230271668823,0.0074692207322378254,0.23419692575444856,0.01619405565971892,0.0,0.0,0.4920829446562272
CatBoost-no-ecoregion,ablation_no_ecoregion,CatBoost,full minus ecoregion categorical variables,Global,2021-2023,206438,36593,0.4145054242076925,0.8499439783565162,0.557248694312308,0.000523603158742155,0.581543694087822,0.0016999180811163672,0.0,0.0,0.4920829446562272
CatBoost-no-ecoregion,ablation_no_ecoregion,CatBoost,full minus ecoregion categorical variables,Eastern Siberia,2021-2023,82438,22636,0.47091284847418874,0.946236084113801,0.6288608338226659,0.002028394378345299,0.6706191195797011,0.0024539614637184835,0.0,0.0,0.4920829446562272
CatBoost-no-ecoregion,ablation_no_ecoregion,CatBoost,full minus ecoregion categorical variables,Far East,2021-2023,6484,795,0.3265421618562535,0.7257861635220125,0.45042935206869633,0.007862174531228632,0.3653166566982729,0.005738093259950799,0.0,0.0,0.4920829446562272
CatBoost-no-ecoregion,ablation_no_ecoregion,CatBoost,full minus ecoregion categorical variables,Central Asia,2021-2023,29340,2012,0.15593342981186686,0.6426441351888668,0.2509704968944099,0.000992754652150165,0.1792498449743032,0.006896064768342445,0.0,0.0,0.4920829446562272
CatBoost-no-ecoregion,ablation_no_ecoregion,CatBoost,full minus ecoregion categorical variables,Europe,2021-2023,32712,1723,0.23759280969128566,0.3528728961114335,0.28397944885567494,0.013229531367940953,0.208970251855453,6.835651715402428e-05,0.0,0.0,0.4920829446562272
CatBoost-no-ecoregion,ablation_no_ecoregion,CatBoost,full minus ecoregion categorical variables,Global,2021-2025,321173,49514,0.3866930421881538,0.8211818879508825,0.5257917264745057,0.00546004789362184,0.54627891056253,0.0008530944872809891,0.0,0.0,0.4920829446562272
CatBoost-no-ecoregion,ablation_no_ecoregion,CatBoost,full minus ecoregion categorical variables,Eastern Siberia,2021-2025,128260,31267,0.43778106373572767,0.9184763488662168,0.5929428282369459,0.0013170202350700204,0.6302041747524663,0.0016470548257556238,0.0,0.0,0.4920829446562272
CatBoost-no-ecoregion,ablation_no_ecoregion,CatBoost,full minus ecoregion categorical variables,Far East,2021-2025,10457,1230,0.30345572354211664,0.6853658536585366,0.42065868263473055,0.00027546897180051106,0.3490091183495905,0.0022660438096129055,0.0,0.0,0.4920829446562272
CatBoost-no-ecoregion,ablation_no_ecoregion,CatBoost,full minus ecoregion categorical variables,Central Asia,2021-2025,45961,2503,0.1343710860619073,0.600079904115062,0.2195745925005482,0.002939219676848661,0.15673435638012506,0.000332972651043077,0.0,0.0,0.4920829446562272
CatBoost-no-ecoregion,ablation_no_ecoregion,CatBoost,full minus ecoregion categorical variables,Europe,2021-2025,52062,2848,0.22818944029005211,0.3535814606741573,0.2773722627737226,0.002112029409610323,0.20493888954481776,0.0021147151063970857,0.0,0.0,0.4920829446562272
CatBoost-no-geography,ablation_no_geography,CatBoost,full minus direct geography/location variables,Global,2021,87238,24772,0.5139414256268545,0.9159534958824479,0.6584350198052843,5.4580028934063156e-05,0.6679063511686755,0.005448920825391068,0.0,0.0,0.4920829446562272
CatBoost-no-geography,ablation_no_geography,CatBoost,full minus direct geography/location variables,Eastern Siberia,2021,44639,19789,0.5833057104113304,0.978169690231947,0.7308113414127685,0.000805919923666427,0.7214348812099487,0.0010711574085830113,0.0,0.0,0.4920829446562272
CatBoost-no-geography,ablation_no_geography,CatBoost,full minus direct geography/location variables,Far East,2021,2141,270,0.3344103392568659,0.7666666666666667,0.46569178852643417,0.024322386397368036,0.4292843739908073,0.05383706638897778,0.0,0.0,0.4920829446562272
CatBoost-no-geography,ablation_no_geography,CatBoost,full minus direct geography/location variables,Central Asia,2021,10197,903,0.17363896848137536,0.6710963455149501,0.27589346687912586,0.006196976915192281,0.2057136311987202,0.011267742399519031,0.0,0.0,0.4920829446562272
CatBoost-no-geography,ablation_no_geography,CatBoost,full minus direct geography/location variables,Europe,2021,11926,847,0.3008356545961003,0.3825265643447462,0.3367983367983368,0.010281125767476066,0.2642483106035508,0.0017405755040546646,0.0,0.0,0.4920829446562272
CatBoost-no-geography,ablation_no_geography,CatBoost,full minus direct geography/location variables,Global,2022,58312,4923,0.2345258375922771,0.5872435506804794,0.33518840579710146,0.0036630577702844967,0.25704638502424976,0.006321963098996343,0.0,0.0,0.4920829446562272
CatBoost-no-geography,ablation_no_geography,CatBoost,full minus direct geography/location variables,Eastern Siberia,2022,18946,1456,0.17444101773323054,0.6215659340659341,0.2724262492474413,0.010422147965353415,0.22425660948293474,0.004984649634407018,0.0,0.0,0.4920829446562272
CatBoost-no-geography,ablation_no_geography,CatBoost,full minus direct geography/location variables,Far East,2022,2076,192,0.25675675675675674,0.59375,0.3584905660377358,0.02261784628516681,0.2930376814497801,0.03729098701912285,0.0,0.0,0.4920829446562272
CatBoost-no-geography,ablation_no_geography,CatBoost,full minus direct geography/location variables,Central Asia,2022,9862,698,0.15866666666666668,0.5114613180515759,0.24219810040705564,0.015597034701530446,0.17143645048304942,0.018295589205205236,0.0,0.0,0.4920829446562272
CatBoost-no-geography,ablation_no_geography,CatBoost,full minus direct geography/location variables,Europe,2022,10330,382,0.15855354659248957,0.29842931937172773,0.20708446866485014,0.029657167123177872,0.15283663828008123,0.02478026023681261,0.0,0.0,0.4920829446562272
CatBoost-no-geography,ablation_no_geography,CatBoost,full minus direct geography/location variables,Global,2023,60888,6898,0.29749973057441537,0.8003769208466223,0.43376807039597737,0.001030880314837669,0.40775340155630646,0.0008587653067532271,0.0,0.0,0.4920829446562272
CatBoost-no-geography,ablation_no_geography,CatBoost,full minus direct geography/location variables,Eastern Siberia,2023,18853,1391,0.16270566727605118,0.8317757009345794,0.27217125382262997,0.0023896759758783638,0.3260535506094973,0.0037188400611114143,0.0,0.0,0.4920829446562272
CatBoost-no-geography,ablation_no_geography,CatBoost,full minus direct geography/location variables,Far East,2023,2267,333,0.36363636363636365,0.7687687687687688,0.49373191899710706,0.015000193047532173,0.3577736217978907,0.008942983345946393,0.0,0.0,0.4920829446562272
CatBoost-no-geography,ablation_no_geography,CatBoost,full minus direct geography/location variables,Central Asia,2023,9281,411,0.12931034482758622,0.8029197080291971,0.22274721565980427,0.0017061148401272103,0.1538442477870802,0.009275292871067585,0.0,0.0,0.4920829446562272
CatBoost-no-geography,ablation_no_geography,CatBoost,full minus direct geography/location variables,Europe,2023,10456,494,0.22280471821756226,0.3441295546558704,0.27048528241845665,0.0020596520952877646,0.1898181375148025,0.011469159712964125,0.0,0.0,0.4920829446562272
CatBoost-no-geography,ablation_no_geography,CatBoost,full minus direct geography/location variables,Global,2024,65063,9134,0.3396457832507482,0.7579373768338078,0.46908561168140395,0.00039273328768826664,0.43550132415093157,0.0061111822087264595,0.0,0.0,0.4920829446562272
CatBoost-no-geography,ablation_no_geography,CatBoost,full minus direct geography/location variables,Eastern Siberia,2024,26660,6189,0.3724354850239474,0.8418161253837454,0.5164040043611855,0.0013958383933730797,0.4783162209157108,0.0027070885800716876,0.0,0.0,0.4920829446562272
CatBoost-no-geography,ablation_no_geography,CatBoost,full minus direct geography/location variables,Far East,2024,2229,298,0.24935400516795866,0.6476510067114094,0.36007462686567165,0.019354617066643792,0.3028753947257701,0.0034032973627291666,0.0,0.0,0.4920829446562272
CatBoost-no-geography,ablation_no_geography,CatBoost,full minus direct geography/location variables,Central Asia,2024,9003,187,0.05993930197268589,0.42245989304812837,0.10498338870431893,0.012853799689821567,0.08589636840555895,0.008462097927686704,0.0,0.0,0.4920829446562272
CatBoost-no-geography,ablation_no_geography,CatBoost,full minus direct geography/location variables,Europe,2024,10472,493,0.17659574468085107,0.3367139959432049,0.2316817864619679,0.003350593242009848,0.17105911448338812,0.0037560758487391903,0.0,0.0,0.4920829446562272
CatBoost-no-geography,ablation_no_geography,CatBoost,full minus direct geography/location variables,Global,2025,49672,3787,0.27078409207686777,0.695801425930816,0.3898505696108892,0.007790984558438626,0.4239983954821372,0.00014880250504560732,0.0,0.0,0.4920829446562272
CatBoost-no-geography,ablation_no_geography,CatBoost,full minus direct geography/location variables,Eastern Siberia,2025,19162,2442,0.34100555011426703,0.8554463554463555,0.4876283846872082,0.0032378923391597043,0.5351379700958673,0.0012777232696251249,0.0,0.0,0.4920829446562272
CatBoost-no-geography,ablation_no_geography,CatBoost,full minus direct geography/location variables,Far East,2025,1744,137,0.3080168776371308,0.5328467153284672,0.39037433155080214,0.03315665319165386,0.41169742651371566,0.10080250089735217,0.0,0.0,0.4920829446562272
CatBoost-no-geography,ablation_no_geography,CatBoost,full minus direct geography/location variables,Central Asia,2025,7618,304,0.08290816326530612,0.4276315789473684,0.1388888888888889,0.0008872896353423732,0.08285661358255467,0.002885099334428085,0.0,0.0,0.4920829446562272
CatBoost-no-geography,ablation_no_geography,CatBoost,full minus direct geography/location variables,Europe,2025,8878,632,0.2549234135667396,0.3686708860759494,0.3014230271668823,0.0074692207322378254,0.23419692575444856,0.01619405565971892,0.0,0.0,0.4920829446562272
CatBoost-no-geography,ablation_no_geography,CatBoost,full minus direct geography/location variables,Global,2021-2023,206438,36593,0.4145054242076925,0.8499439783565162,0.557248694312308,0.000523603158742155,0.581543694087822,0.0016999180811163672,0.0,0.0,0.4920829446562272
CatBoost-no-geography,ablation_no_geography,CatBoost,full minus direct geography/location variables,Eastern Siberia,2021-2023,82438,22636,0.47091284847418874,0.946236084113801,0.6288608338226659,0.002028394378345299,0.6706191195797011,0.0024539614637184835,0.0,0.0,0.4920829446562272
CatBoost-no-geography,ablation_no_geography,CatBoost,full minus direct geography/location variables,Far East,2021-2023,6484,795,0.3265421618562535,0.7257861635220125,0.45042935206869633,0.007862174531228632,0.3653166566982729,0.005738093259950799,0.0,0.0,0.4920829446562272
CatBoost-no-geography,ablation_no_geography,CatBoost,full minus direct geography/location variables,Central Asia,2021-2023,29340,2012,0.15593342981186686,0.6426441351888668,0.2509704968944099,0.000992754652150165,0.1792498449743032,0.006896064768342445,0.0,0.0,0.4920829446562272
CatBoost-no-geography,ablation_no_geography,CatBoost,full minus direct geography/location variables,Europe,2021-2023,32712,1723,0.23759280969128566,0.3528728961114335,0.28397944885567494,0.013229531367940953,0.208970251855453,6.835651715402428e-05,0.0,0.0,0.4920829446562272
CatBoost-no-geography,ablation_no_geography,CatBoost,full minus direct geography/location variables,Global,2021-2025,321173,49514,0.3866930421881538,0.8211818879508825,0.5257917264745057,0.00546004789362184,0.54627891056253,0.0008530944872809891,0.0,0.0,0.4920829446562272
CatBoost-no-geography,ablation_no_geography,CatBoost,full minus direct geography/location variables,Eastern Siberia,2021-2025,128260,31267,0.43778106373572767,0.9184763488662168,0.5929428282369459,0.0013170202350700204,0.6302041747524663,0.0016470548257556238,0.0,0.0,0.4920829446562272
CatBoost-no-geography,ablation_no_geography,CatBoost,full minus direct geography/location variables,Far East,2021-2025,10457,1230,0.30345572354211664,0.6853658536585366,0.42065868263473055,0.00027546897180051106,0.3490091183495905,0.0022660438096129055,0.0,0.0,0.4920829446562272
CatBoost-no-geography,ablation_no_geography,CatBoost,full minus direct geography/location variables,Central Asia,2021-2025,45961,2503,0.1343710860619073,0.600079904115062,0.2195745925005482,0.002939219676848661,0.15673435638012506,0.000332972651043077,0.0,0.0,0.4920829446562272
CatBoost-no-geography,ablation_no_geography,CatBoost,full minus direct geography/location variables,Europe,2021-2025,52062,2848,0.22818944029005211,0.3535814606741573,0.2773722627737226,0.002112029409610323,0.20493888954481776,0.0021147151063970857,0.0,0.0,0.4920829446562272
CatBoost no fuel/ecoregion/vegetation,ablation_no_fuel_ecoregion_vegetation,CatBoost,full minus ecological/fuel variables,Global,2021,87238,24772,0.5136521136521136,0.8976263523332795,0.6534042490670271,0.001902433525920019,0.6399632254767819,0.0059157475792478795,0.005030770738257195,0.02794312569189361,0.49944669998178615
CatBoost no fuel/ecoregion/vegetation,ablation_no_fuel_ecoregion_vegetation,CatBoost,full minus ecological/fuel variables,Eastern Siberia,2021,44639,19789,0.5891541588970746,0.9739249077770479,0.7341815549883814,0.0011966784564666536,0.7011409506503102,0.0011123936284839163,-0.003370213575612957,0.020293930559638462,0.49944669998178615
CatBoost no fuel/ecoregion/vegetation,ablation_no_fuel_ecoregion_vegetation,CatBoost,full minus ecological/fuel variables,Far East,2021,2141,270,0.3584158415841584,0.6703703703703704,0.4670967741935484,0.025325133754948242,0.41767558049209685,0.04920990092355001,-0.0014049856671142225,0.011608793498710468,0.49944669998178615
CatBoost no fuel/ecoregion/vegetation,ablation_no_fuel_ecoregion_vegetation,CatBoost,full minus ecological/fuel variables,Central Asia,2021,10197,903,0.16039707419017765,0.6799557032115172,0.25956457408581696,0.0004980677785462595,0.19655986905847747,0.013312321266069502,0.016328892793308902,0.009153762140242716,0.49944669998178615
CatBoost no fuel/ecoregion/vegetation,ablation_no_fuel_ecoregion_vegetation,CatBoost,full minus ecological/fuel variables,Europe,2021,11926,847,0.2122905027932961,0.2243211334120425,0.21814006888633755,0.001868675425968679,0.23606490749141484,0.0028536676280099616,0.11865826791199927,0.028183403112135963,0.49944669998178615
CatBoost no fuel/ecoregion/vegetation,ablation_no_fuel_ecoregion_vegetation,CatBoost,full minus ecological/fuel variables,Global,2022,58312,4923,0.21677602972567,0.5569774527726996,0.31208741179148647,0.0019659167954627055,0.21570044677061836,0.004741411583470228,0.023100994005614994,0.04134593825363139,0.49944669998178615
CatBoost no fuel/ecoregion/vegetation,ablation_no_fuel_ecoregion_vegetation,CatBoost,full minus ecological/fuel variables,Eastern Siberia,2022,18946,1456,0.15583905789990188,0.5453296703296703,0.24240573958174325,0.007926025839755303,0.1830790661039277,0.004123505194492219,0.030020509665698053,0.04117754337900703,0.49944669998178615
CatBoost no fuel/ecoregion/vegetation,ablation_no_fuel_ecoregion_vegetation,CatBoost,full minus ecological/fuel variables,Far East,2022,2076,192,0.2536945812807882,0.5364583333333334,0.34448160535117056,0.021138779681346108,0.26853852031826964,0.0259591162627711,0.014008960686565264,0.02449916113151046,0.49944669998178615
CatBoost no fuel/ecoregion/vegetation,ablation_no_fuel_ecoregion_vegetation,CatBoost,full minus ecological/fuel variables,Central Asia,2022,9862,698,0.13109128345916266,0.5472779369627507,0.2115171650055371,0.009065071435760732,0.14264062651275047,0.013269692554648842,0.030680935401518533,0.02879582397029895,0.49944669998178615
CatBoost no fuel/ecoregion/vegetation,ablation_no_fuel_ecoregion_vegetation,CatBoost,full minus ecological/fuel variables,Europe,2022,10330,382,0.1717325227963526,0.29581151832460734,0.2173076923076923,0.030153676735843005,0.1709490765780868,0.017268525464319145,-0.010223223642842172,-0.018112438298005573,0.49944669998178615
CatBoost no fuel/ecoregion/vegetation,ablation_no_fuel_ecoregion_vegetation,CatBoost,full minus ecological/fuel variables,Global,2023,60888,6898,0.28461367919299413,0.7444186720788635,0.4117882919005613,0.002510900115136731,0.38311179227697734,0.0019473030243416217,0.021979778495416047,0.024641609279329124,0.49944669998178615
CatBoost no fuel/ecoregion/vegetation,ablation_no_fuel_ecoregion_vegetation,CatBoost,full minus ecological/fuel variables,Eastern Siberia,2023,18853,1391,0.16265148196817053,0.800862688713156,0.2703883495145631,0.00146301550334043,0.30697650948028515,4.930210085251579e-05,0.0017829043080668794,0.019077041129212158,0.49944669998178615
CatBoost no fuel/ecoregion/vegetation,ablation_no_fuel_ecoregion_vegetation,CatBoost,full minus ecological/fuel variables,Far East,2023,2267,333,0.36089030206677264,0.6816816816816816,0.47193347193347196,0.010851962240110176,0.3504665938392027,0.003351708876484016,0.021798447063635096,0.007307027958687984,0.49944669998178615
CatBoost no fuel/ecoregion/vegetation,ablation_no_fuel_ecoregion_vegetation,CatBoost,full minus ecological/fuel variables,Central Asia,2023,9281,411,0.10871760350050488,0.7858880778588808,0.19101123595505617,3.06794014585237e-05,0.15747909669587787,0.01706576166441344,0.03173597970474809,-0.003634848908797672,0.49944669998178615
CatBoost no fuel/ecoregion/vegetation,ablation_no_fuel_ecoregion_vegetation,CatBoost,full minus ecological/fuel variables,Europe,2023,10456,494,0.17580645161290323,0.22064777327935223,0.19569120287253142,0.00993900852745024,0.1798831002176858,0.011591444491172324,0.07479407954592523,0.0099350372971167,0.49944669998178615
CatBoost no fuel/ecoregion/vegetation,ablation_no_fuel_ecoregion_vegetation,CatBoost,full minus ecological/fuel variables,Global,2024,65063,9134,0.32880746767833074,0.7211517407488505,0.45167483800185143,0.0048830542680789735,0.4137695096999729,0.00010147790167970012,0.017410773679552516,0.021731814450958675,0.49944669998178615
CatBoost no fuel/ecoregion/vegetation,ablation_no_fuel_ecoregion_vegetation,CatBoost,full minus ecological/fuel variables,Eastern Siberia,2024,26660,6189,0.37242688947968094,0.7922119890127646,0.5066652888291826,0.0022194403990609636,0.4674723762684877,0.0038013103285759265,0.009738715532002895,0.0108438446472231,0.49944669998178615
CatBoost no fuel/ecoregion/vegetation,ablation_no_fuel_ecoregion_vegetation,CatBoost,full minus ecological/fuel variables,Far East,2024,2229,298,0.2510460251046025,0.6040268456375839,0.35467980295566504,0.019916560146881066,0.29175261415999754,0.011082851534549725,0.005394823910006619,0.011122780565772539,0.49944669998178615
CatBoost no fuel/ecoregion/vegetation,ablation_no_fuel_ecoregion_vegetation,CatBoost,full minus ecological/fuel variables,Central Asia,2024,9003,187,0.051389617199790245,0.5240641711229946,0.0936007640878701,0.007317769480740437,0.09476155832614606,0.0044121622998562725,0.01138262461644883,-0.008865189920587116,0.49944669998178615
CatBoost no fuel/ecoregion/vegetation,ablation_no_fuel_ecoregion_vegetation,CatBoost,full minus ecological/fuel variables,Europe,2024,10472,493,0.16297262059973924,0.2535496957403651,0.1984126984126984,0.0111800895099667,0.1613959113912596,0.0023814109934159116,0.03326908804926951,0.009663203092128508,0.49944669998178615
CatBoost no fuel/ecoregion/vegetation,ablation_no_fuel_ecoregion_vegetation,CatBoost,full minus ecological/fuel variables,Global,2025,49672,3787,0.23714341160489036,0.6453657248481648,0.34683885616972965,0.010733494542710293,0.3903995424029619,0.0029660578010210917,0.04301171344115956,0.03359885307917532,0.49944669998178615
CatBoost no fuel/ecoregion/vegetation,ablation_no_fuel_ecoregion_vegetation,CatBoost,full minus ecological/fuel variables,Eastern Siberia,2025,19162,2442,0.3096023888103096,0.8067158067158067,0.44747302668938105,0.0045676603048888645,0.503051225674408,0.002256327896638461,0.04015535799782716,0.03208674442145931,0.49944669998178615
CatBoost no fuel/ecoregion/vegetation,ablation_no_fuel_ecoregion_vegetation,CatBoost,full minus ecological/fuel variables,Far East,2025,1744,137,0.27413127413127414,0.5182481751824818,0.35858585858585856,0.043460937154376794,0.4075984332873441,0.1005812682849807,0.03178847296494358,0.004098993226371583,0.49944669998178615
CatBoost no fuel/ecoregion/vegetation,ablation_no_fuel_ecoregion_vegetation,CatBoost,full minus ecological/fuel variables,Central Asia,2025,7618,304,0.06401551891367604,0.4342105263157895,0.11158072696534235,0.008840783062547316,0.08807102723670535,0.0010429581116976811,0.027308161923546542,-0.005214413654150679,0.49944669998178615
CatBoost no fuel/ecoregion/vegetation,ablation_no_fuel_ecoregion_vegetation,CatBoost,full minus ecological/fuel variables,Europe,2025,8878,632,0.24375,0.30854430379746833,0.2723463687150838,0.011581276446848377,0.23079911514885537,0.008553489341729184,0.02907665845179852,0.003397810605593188,0.49944669998178615
CatBoost no fuel/ecoregion/vegetation,ablation_no_fuel_ecoregion_vegetation,CatBoost,full minus ecological/fuel variables,Global,2021-2023,206438,36593,0.4070369419175194,0.8229169513294893,0.5446669198907519,0.0010816159689741665,0.5444125860421477,0.002122506892106047,0.012581774421556058,0.03713110804567432,0.49944669998178615
CatBoost no fuel/ecoregion/vegetation,ablation_no_fuel_ecoregion_vegetation,CatBoost,full minus ecological/fuel variables,Eastern Siberia,2021-2023,82438,22636,0.474304140448306,0.9357218589856865,0.629515699998514,0.0017588944733246186,0.6389668227178252,0.0071016562967666785,-0.00065486617584809,0.03165229686187587,0.49944669998178615
CatBoost no fuel/ecoregion/vegetation,ablation_no_fuel_ecoregion_vegetation,CatBoost,full minus ecological/fuel variables,Far East,2021-2023,6484,795,0.33181818181818185,0.6427672955974842,0.43768736616702353,0.011252428588242153,0.3439806349791889,0.007872700874114569,0.012741985901672803,0.021336021719083997,0.49944669998178615
CatBoost no fuel/ecoregion/vegetation,ablation_no_fuel_ecoregion_vegetation,CatBoost,full minus ecological/fuel variables,Central Asia,2021-2023,29340,2012,0.13579738494800783,0.6555666003976143,0.22498933901918977,0.0011365387045448067,0.16625715789313902,0.00793177890807202,0.02598115787522015,0.01299268708116419,0.49944669998178615
CatBoost no fuel/ecoregion/vegetation,ablation_no_fuel_ecoregion_vegetation,CatBoost,full minus ecological/fuel variables,Europe,2021-2023,32712,1723,0.18959963184537507,0.2391178177597214,0.21149897330595482,0.014898095523808283,0.19607487065207063,0.001708680018210272,0.07248047554972012,0.012895381203382378,0.49944669998178615
CatBoost no fuel/ecoregion/vegetation,ablation_no_fuel_ecoregion_vegetation,CatBoost,full minus ecological/fuel variables,Global,2021-2025,321173,49514,0.3752300613496933,0.7905642848487296,0.5089122040641211,0.004376375225712648,0.509819366521511,0.0010357952628624722,0.016879522410384595,0.03645954404101892,0.49944669998178615
CatBoost no fuel/ecoregion/vegetation,ablation_no_fuel_ecoregion_vegetation,CatBoost,full minus ecological/fuel variables,Eastern Siberia,2021-2025,128260,31267,0.43708031471527614,0.8972399014935875,0.5878137702719691,0.00046317465566316033,0.5992765242853071,0.004618287551213375,0.005129057964976758,0.030927650467159173,0.49944669998178615
CatBoost no fuel/ecoregion/vegetation,ablation_no_fuel_ecoregion_vegetation,CatBoost,full minus ecological/fuel variables,Far East,2021-2025,10457,1230,0.30286168521462636,0.6195121951219512,0.406833956219968,0.009148159372955492,0.3282229454490626,0.002583457185059903,0.013824726414762567,0.020786172900527866,0.49944669998178615
CatBoost no fuel/ecoregion/vegetation,ablation_no_fuel_ecoregion_vegetation,CatBoost,full minus ecological/fuel variables,Central Asia,2021-2025,45961,2503,0.11321444233299226,0.6188573711546145,0.19141180105035527,0.0019104847225407343,0.14686819080143768,0.00497776505826564,0.02816279145019293,0.009866165578687386,0.49944669998178615
CatBoost no fuel/ecoregion/vegetation,ablation_no_fuel_ecoregion_vegetation,CatBoost,full minus ecological/fuel variables,Europe,2021-2025,52062,2848,0.19572192513368983,0.25702247191011235,0.2222222222222222,0.008489902794461874,0.19517268118817874,0.0042083065890592825,0.05515004055150041,0.009766208356639022,0.49944669998178615
CatBoost no terrain,ablation_no_terrain,CatBoost,full minus topography,Global,2021,87238,24772,0.518351887983473,0.911593734861941,0.6609011223787992,0.00026970372899334474,0.6681033089233553,0.006402680088280754,-0.0024661025735148723,-0.00019695775467987175,0.4970601812879405
CatBoost no terrain,ablation_no_terrain,CatBoost,full minus topography,Eastern Siberia,2021,44639,19789,0.5880354325931318,0.9795340845924504,0.7348965935586602,0.0002505989863859974,0.7232441815607642,0.0008035499546845277,-0.004085252145891727,-0.0018093003508155014,0.4970601812879405
CatBoost no terrain,ablation_no_terrain,CatBoost,full minus topography,Far East,2021,2141,270,0.3527336860670194,0.7407407407407407,0.4778972520908005,0.03604548789762991,0.4379105991896896,0.05848666447108059,-0.012205463564366303,-0.008626225198882287,0.4970601812879405
CatBoost no terrain,ablation_no_terrain,CatBoost,full minus topography,Central Asia,2021,10197,903,0.1729745712596097,0.6478405315614618,0.27304550758459745,0.005121938044735889,0.20653541106732337,0.012033091446585901,0.0028479592945284127,-0.0008217798686031841,0.4970601812879405
CatBoost no terrain,ablation_no_terrain,CatBoost,full minus topography,Europe,2021,11926,847,0.2877005347593583,0.31759149940968123,0.30190796857463525,0.01642195338863637,0.25246862651872026,0.0035001434950181027,0.03489036822370156,0.011779684084830544,0.4970601812879405
CatBoost no terrain,ablation_no_terrain,CatBoost,full minus topography,Global,2022,58312,4923,0.235663457513604,0.5718058094657729,0.3337680815745791,0.0014682154702438412,0.25959095326221776,0.0075566619940384255,0.0014203242225223622,-0.0025445682379680035,0.4970601812879405
CatBoost no terrain,ablation_no_terrain,CatBoost,full minus topography,Eastern Siberia,2022,18946,1456,0.17418595527657904,0.6098901098901099,0.27097955447055233,0.010889379118482234,0.23962538764492458,0.003664841390964853,0.0014466947768889682,-0.015368778161989838,0.4970601812879405
CatBoost no terrain,ablation_no_terrain,CatBoost,full minus topography,Far East,2022,2076,192,0.2558139534883721,0.5729166666666666,0.3536977491961415,0.024938460244724372,0.29841198671915026,0.034391687717421154,0.004792816841594327,-0.005374305269370161,0.4970601812879405
CatBoost no terrain,ablation_no_terrain,CatBoost,full minus topography,Central Asia,2022,9862,698,0.1590909090909091,0.49140401146131807,0.24036440084092503,0.016508337999465304,0.16177401639335268,0.015255068752814092,0.0018336995661306088,0.009662434089696748,0.4970601812879405
CatBoost no terrain,ablation_no_terrain,CatBoost,full minus topography,Europe,2022,10330,382,0.15,0.2513089005235602,0.18786692759295498,0.024231116600818683,0.147002270433107,0.0246245600009598,0.01921754107189516,0.00583436784697422,0.4970601812879405
CatBoost no terrain,ablation_no_terrain,CatBoost,full minus topography,Global,2023,60888,6898,0.3004626790791014,0.7813859089591186,0.434029874783589,0.002267705679854736,0.4096714642854877,0.0006224865326090596,-0.0002618043876116416,-0.0019180627291812136,0.4970601812879405
CatBoost no terrain,ablation_no_terrain,CatBoost,full minus topography,Eastern Siberia,2023,18853,1391,0.16739702015775634,0.8238677210639828,0.27825664683744084,0.0005449856172566175,0.3207309971084113,0.005959480670187625,-0.006085393014810869,0.005322553501086014,0.4970601812879405
CatBoost no terrain,ablation_no_terrain,CatBoost,full minus topography,Far East,2023,2267,333,0.36818851251840945,0.7507507507507507,0.49407114624505927,0.009479603132824942,0.358863683274719,0.006815574638526784,-0.0003392272479522118,-0.00109006147682833,0.4970601812879405
CatBoost no terrain,ablation_no_terrain,CatBoost,full minus topography,Central Asia,2023,9281,411,0.1306432281262485,0.7956204379562044,0.2244337680164722,0.003644806926079848,0.15714017097908545,0.012940535723717743,-0.0016865523566679252,-0.003295923192005251,0.4970601812879405
CatBoost no terrain,ablation_no_terrain,CatBoost,full minus topography,Europe,2023,10456,494,0.17932148626817448,0.22469635627530365,0.19946091644204852,0.007864809089453938,0.17733620323378313,0.011241955494598206,0.07102436597640813,0.012481934281019375,0.4970601812879405
CatBoost no terrain,ablation_no_terrain,CatBoost,full minus topography,Global,2024,65063,9134,0.34036561011828564,0.7277206043354499,0.46380350975124723,0.0015179819535699297,0.438212038877937,0.003593085741463169,0.005282101930156713,-0.002710714727005459,0.4970601812879405
CatBoost no terrain,ablation_no_terrain,CatBoost,full minus topography,Eastern Siberia,2024,26660,6189,0.37425127560452565,0.8177411536597189,0.5134943181818182,0.00016224457093291366,0.48922878720980145,0.0043013651362787935,0.0029096861793672657,-0.010912566294090653,0.4970601812879405
CatBoost no terrain,ablation_no_terrain,CatBoost,full minus topography,Far East,2024,2229,298,0.24503311258278146,0.6208053691275168,0.3513770180436847,0.027488134587986192,0.28902473784965277,0.0020995807408705535,0.008697608821986946,0.013850656876117307,0.4970601812879405
CatBoost no terrain,ablation_no_terrain,CatBoost,full minus topography,Central Asia,2024,9003,187,0.06103286384976526,0.41711229946524064,0.10648464163822526,0.012416783876111588,0.07993019596370712,0.013975575222817218,-0.0015012529339063219,0.005966172441851825,0.4970601812879405
CatBoost no terrain,ablation_no_terrain,CatBoost,full minus topography,Europe,2024,10472,493,0.16892725030826142,0.2778904665314402,0.21012269938650308,0.00973057421493095,0.16557140881937468,0.0013243319437226812,0.021559087075464833,0.005487705664013437,0.4970601812879405
CatBoost no terrain,ablation_no_terrain,CatBoost,full minus topography,Global,2025,49672,3787,0.28225806451612906,0.6931608133086876,0.4011614579353557,0.004689086878396872,0.4231495162319691,0.0031744868565836614,-0.011310888324466473,0.0008488792501680775,0.4970601812879405
CatBoost no terrain,ablation_no_terrain,CatBoost,full minus topography,Eastern Siberia,2025,19162,2442,0.35244233378561735,0.8509418509418509,0.4984408731110578,0.002781340779982354,0.5353086875905292,0.0033211453298094443,-0.010812488423849576,-0.00017071749466190944,0.4970601812879405
CatBoost no terrain,ablation_no_terrain,CatBoost,full minus topography,Far East,2025,1744,137,0.3201754385964912,0.5328467153284672,0.4,0.04642620280517738,0.3906321160519493,0.09046924579894906,-0.009625668449197877,0.02106531046176635,0.4970601812879405
CatBoost no terrain,ablation_no_terrain,CatBoost,full minus topography,Central Asia,2025,7618,304,0.08439383791024782,0.4144736842105263,0.14023372287145242,0.00027987156411622943,0.08351588759559739,0.001135675586921499,-0.0013448339825635203,-0.000659274013042721,0.4970601812879405
CatBoost no terrain,ablation_no_terrain,CatBoost,full minus topography,Europe,2025,8878,632,0.26081582200247216,0.3338607594936709,0.29285218598195695,0.013616159716576955,0.235237256092641,0.017103787753685918,0.008570841184925349,-0.0010403303381924522,0.4970601812879405
CatBoost no terrain,ablation_no_terrain,CatBoost,full minus topography,Global,2021-2023,206438,36593,0.41916159512042367,0.8413357746016997,0.5595499900038168,0.0027235086971023957,0.5817849020913238,0.0012268054685674059,-0.002301295691508831,-0.00024120800350180271,0.4970601812879405
CatBoost no terrain,ablation_no_terrain,CatBoost,full minus topography,Eastern Siberia,2021-2023,82438,22636,0.4769306136991182,0.9461919066972964,0.6341940068695961,0.0013946321147166917,0.671677566378034,0.005118230593122903,-0.005333173046930262,-0.0010584467983328905,0.4970601812879405
CatBoost no terrain,ablation_no_terrain,CatBoost,full minus topography,Far East,2021-2023,6484,795,0.3341288782816229,0.7044025157232704,0.45325779036827196,0.006069367320626582,0.36888208552652413,0.004713103782789263,-0.0028284382995756308,-0.003565428828251227,0.4970601812879405
CatBoost no terrain,ablation_no_terrain,CatBoost,full minus topography,Central Asia,2021-2023,29340,2012,0.15607511503544336,0.6237574552683897,0.24967671341887993,0.0007690495036972365,0.17785928350938937,0.006775752533280141,0.001293783475529997,0.001390561464913842,0.4970601812879405
CatBoost no terrain,ablation_no_terrain,CatBoost,full minus topography,Europe,2021-2023,32712,1723,0.21695533272561532,0.2762623331398723,0.24304314526423282,0.0045540118825575255,0.19826108310612367,3.571625913533197e-05,0.040936303591442125,0.01070916874932934,0.4970601812879405
CatBoost no terrain,ablation_no_terrain,CatBoost,full minus topography,Global,2021-2025,321173,49514,0.3916678073485989,0.8090439067738417,0.5278143775693054,0.003500787821560224,0.5466730422677655,0.0008172878324674067,-0.00202265109479971,-0.0003941317052355009,0.4970601812879405
CatBoost no terrain,ablation_no_terrain,CatBoost,full minus topography,Eastern Siberia,2021-2025,128260,31267,0.4439348951451179,0.9133271500303835,0.5974642760005858,0.002267325083150213,0.6324203473350982,0.002451276534327854,-0.004521447763639941,-0.002216172582631959,0.4970601812879405
CatBoost no terrain,ablation_no_terrain,CatBoost,full minus topography,Far East,2021-2025,10457,1230,0.30763444904099285,0.6650406504065041,0.42067369503728463,0.0033255157194318624,0.3484659855817594,0.0038132826793303067,-1.5012402554082094e-05,0.0005431327678310782,0.4970601812879405
CatBoost no terrain,ablation_no_terrain,CatBoost,full minus topography,Central Asia,2021-2025,45961,2503,0.13494265630780614,0.5829005193767479,0.21915133308298912,0.0014919214451368033,0.15507030856500845,0.002888452039973488,0.0004232594175590798,0.001664047815116615,0.4970601812879405
CatBoost no terrain,ablation_no_terrain,CatBoost,full minus topography,Europe,2021-2025,52062,2848,0.21604614577871,0.2893258426966292,0.247373161212849,0.002653710763893572,0.197803374389586,0.0012407996161826786,0.029999101560873626,0.007135515155231753,0.4970601812879405
CatBoost no seasonality,ablation_no_seasonality,CatBoost,full minus month/day-of-year features,Global,2021,87238,24772,0.5126609393672913,0.9178104311319232,0.6578608527075708,0.0009434184459055643,0.6700096096622029,0.006661526331081327,0.0005741670977135183,-0.002103258493527438,0.48811979238586695
CatBoost no seasonality,ablation_no_seasonality,CatBoost,full minus month/day-of-year features,Eastern Siberia,2021,44639,19789,0.5842097333132439,0.9796856839658397,0.7319439725148186,0.00026386662174174714,0.7238397997221725,0.0005864640098702834,-0.0011326311020500857,-0.002404918512223797,0.48811979238586695
CatBoost no seasonality,ablation_no_seasonality,CatBoost,full minus month/day-of-year features,Far East,2021,2141,270,0.34539473684210525,0.7777777777777778,0.4783599088838269,0.01710576111617803,0.4439790605567352,0.0532439920342908,-0.012668120357392731,-0.014694686565927872,0.48811979238586695
CatBoost no seasonality,ablation_no_seasonality,CatBoost,full minus month/day-of-year features,Central Asia,2021,10197,903,0.17464179507975128,0.7153931339977851,0.28074750108648416,8.954649641491697e-05,0.21124360554859098,0.015587568109659168,-0.004854034207358304,-0.005529974349870792,0.48811979238586695
CatBoost no seasonality,ablation_no_seasonality,CatBoost,full minus month/day-of-year features,Europe,2021,11926,847,0.3010156971375808,0.38488783943329397,0.3378238341968912,0.013198257207152075,0.25508685246659335,0.0022937848666367343,-0.001025497398554398,0.009161458136957457,0.48811979238586695
CatBoost no seasonality,ablation_no_seasonality,CatBoost,full minus month/day-of-year features,Global,2022,58312,4923,0.2320094376720409,0.5992281129392647,0.3345050459235741,0.0024626231017858854,0.25946495191148033,0.00966838518657635,0.0006833598735273561,-0.0024185668872305777,0.48811979238586695
CatBoost no seasonality,ablation_no_seasonality,CatBoost,full minus month/day-of-year features,Eastern Siberia,2022,18946,1456,0.17446246699358733,0.6353021978021978,0.27374963006806746,0.008946215746798714,0.23202913782827914,0.0038367991453520218,-0.0013233808206261632,-0.007772528345344393,0.48811979238586695
CatBoost no seasonality,ablation_no_seasonality,CatBoost,full minus month/day-of-year features,Far East,2022,2076,192,0.2595078299776286,0.6041666666666666,0.36306729264475746,0.01712176797212709,0.29638439100975067,0.03972700592637764,-0.004576726607021631,-0.003346709559970573,0.48811979238586695
CatBoost no seasonality,ablation_no_seasonality,CatBoost,full minus month/day-of-year features,Central Asia,2022,9862,698,0.1563903634136382,0.5487106017191977,0.24340641881156658,0.015031116206649521,0.17129149881618383,0.018989123257873792,-0.0012083184045109385,0.0001449516668655948,0.48811979238586695
CatBoost no seasonality,ablation_no_seasonality,CatBoost,full minus month/day-of-year features,Europe,2022,10330,382,0.15247252747252749,0.2905759162303665,0.2,0.03297582222576489,0.15342456418521336,0.024254792922901725,0.00708446866485013,-0.0005879259051321251,0.48811979238586695
CatBoost no seasonality,ablation_no_seasonality,CatBoost,full minus month/day-of-year features,Global,2023,60888,6898,0.29270905876680775,0.7921136561322122,0.4274594171719147,0.0011417035503249915,0.41198229001015974,0.0004968846847124467,0.006308653224062655,-0.0042288884538532745,0.48811979238586695
CatBoost no seasonality,ablation_no_seasonality,CatBoost,full minus month/day-of-year features,Eastern Siberia,2023,18853,1391,0.16255668934240364,0.8245866283249461,0.2715757073517225,0.0008943069310585345,0.3136718719438484,0.006840114984178944,0.000595546470907482,0.012381678665648932,0.48811979238586695
CatBoost no seasonality,ablation_no_seasonality,CatBoost,full minus month/day-of-year features,Far East,2023,2267,333,0.36714285714285716,0.7717717717717718,0.4975798644724105,0.012060103381033518,0.36556952372569984,0.011356313681462256,-0.003847945475303427,-0.007795901927809157,0.48811979238586695
CatBoost no seasonality,ablation_no_seasonality,CatBoost,full minus month/day-of-year features,Central Asia,2023,9281,411,0.12228360957642725,0.8077858880778589,0.2124120281509917,0.004268546785646916,0.15504579834455737,0.009211681711979385,0.010335187508812571,-0.0012015505574771712,0.48811979238586695
CatBoost no seasonality,ablation_no_seasonality,CatBoost,full minus month/day-of-year features,Europe,2023,10456,494,0.18911174785100288,0.26720647773279355,0.2214765100671141,0.0020971598021070734,0.1755100500549703,0.01141909446911497,0.049008772351342544,0.014308087459832197,0.48811979238586695
CatBoost no seasonality,ablation_no_seasonality,CatBoost,full minus month/day-of-year features,Global,2024,65063,9134,0.3331697502085685,0.7432669148237355,0.4600996238690658,0.0015028743936927554,0.43788915040121495,0.003237327650537611,0.00898598781233817,-0.002387826250283387,0.48811979238586695
CatBoost no seasonality,ablation_no_seasonality,CatBoost,full minus month/day-of-year features,Eastern Siberia,2024,26660,6189,0.3700503959683225,0.830505735983196,0.511977688131879,0.00011663679279460171,0.4867674620235377,0.003787908522636833,0.004426316229306448,-0.008451241107826912,0.48811979238586695
CatBoost no seasonality,ablation_no_seasonality,CatBoost,full minus month/day-of-year features,Far East,2024,2229,298,0.24771838331160365,0.6375838926174496,0.3568075117370892,0.02853522405261163,0.3008673293438219,0.0030487150401218425,0.003267115128582465,0.0020080653819481986,0.48811979238586695
CatBoost no seasonality,ablation_no_seasonality,CatBoost,full minus month/day-of-year features,Central Asia,2024,9003,187,0.05562913907284768,0.44919786096256686,0.09899823217442545,0.011936341172249867,0.0790995194610553,0.008471992626958611,0.005985156529893482,0.00679684894450365,0.48811979238586695
CatBoost no seasonality,ablation_no_seasonality,CatBoost,full minus month/day-of-year features,Europe,2024,10472,493,0.17191011235955056,0.3103448275862069,0.22125813449023862,0.011137156112741499,0.16683827635079634,0.0019750145999465666,0.010423651971729286,0.004220838132591775,0.48811979238586695
CatBoost no seasonality,ablation_no_seasonality,CatBoost,full minus month/day-of-year features,Global,2025,49672,3787,0.26843657817109146,0.6968576709796673,0.3875752680276105,0.009322753403496111,0.41355503847918124,3.4955205654142716e-05,0.0022753015832787105,0.010443357002955955,0.48811979238586695
CatBoost no seasonality,ablation_no_seasonality,CatBoost,full minus month/day-of-year features,Eastern Siberia,2025,19162,2442,0.3408792650918635,0.8509418509418509,0.4867650503630827,0.004919749212140178,0.5247168895259706,0.0005815625646264548,0.0008633343241254976,0.010421080569896657,0.48811979238586695
CatBoost no seasonality,ablation_no_seasonality,CatBoost,full minus month/day-of-year features,Far East,2025,1744,137,0.3103448275862069,0.5255474452554745,0.3902439024390244,0.02813847603484611,0.3882769842914029,0.08388290494489169,0.0001304291117777412,0.023420442222312765,0.48811979238586695
CatBoost no seasonality,ablation_no_seasonality,CatBoost,full minus month/day-of-year features,Central Asia,2025,7618,304,0.08352668213457076,0.47368421052631576,0.14201183431952663,0.004679468402643348,0.08052423718874915,0.0014559636863584872,-0.0031229454306377358,0.002332376393805513,0.48811979238586695
CatBoost no seasonality,ablation_no_seasonality,CatBoost,full minus month/day-of-year features,Europe,2025,8878,632,0.2520231213872832,0.3449367088607595,0.29124916499666,0.014127563773131391,0.2317791155302112,0.012330595583182221,0.010173862170222314,0.002417810224237371,0.48811979238586695
CatBoost no seasonality,ablation_no_seasonality,CatBoost,full minus month/day-of-year features,Global,2021-2023,206438,36593,0.4113242925618307,0.8512557046429645,0.5546454898329831,0.000890188591509666,0.584353824231916,0.0011791546409027206,0.0026032044793248277,-0.0028101301440939253,0.48811979238586695
CatBoost no seasonality,ablation_no_seasonality,CatBoost,full minus month/day-of-year features,Eastern Siberia,2021-2023,82438,22636,0.47118108161517686,0.9480031807739884,0.629490018920782,0.0008009281082689879,0.672839706640757,0.005242525044276815,-0.0006291850981161584,-0.0022205870610558787,0.48811979238586695
CatBoost no seasonality,ablation_no_seasonality,CatBoost,full minus month/day-of-year features,Far East,2021-2023,6484,795,0.3321937321937322,0.7333333333333333,0.45725490196078433,0.004713909653355228,0.37394698128945214,0.0038801705486869714,-0.006825549892088001,-0.00863032459117924,0.48811979238586695
CatBoost no seasonality,ablation_no_seasonality,CatBoost,full minus month/day-of-year features,Central Asia,2021-2023,29340,2012,0.1535597427507616,0.6764413518886679,0.25029885057471263,0.0017057667271468567,0.18171695604923888,0.006605955796328169,0.0006716463196972944,-0.002467111074935663,0.48811979238586695
CatBoost no seasonality,ablation_no_seasonality,CatBoost,full minus month/day-of-year features,Europe,2021-2023,32712,1723,0.22678357911518535,0.3302379570516541,0.2689035916824197,0.00407365947179588,0.20022738762152206,0.00034091861775138374,0.01507585717325527,0.008742864233930947,0.48811979238586695
CatBoost no seasonality,ablation_no_seasonality,CatBoost,full minus month/day-of-year features,Global,2021-2025,321173,49514,0.3830317446832611,0.8195257906854627,0.5220613304342792,0.005890955496997528,0.5481389991511768,0.0004010468833375859,0.0037303960402265135,-0.0018600885886468355,0.48811979238586695
CatBoost no seasonality,ablation_no_seasonality,CatBoost,full minus month/day-of-year features,Eastern Siberia,2021-2025,128260,31267,0.43762303712859957,0.9171650622061599,0.5925244844828299,0.0004241558701248029,0.6325588974970184,0.0004564231150214831,0.00041834375411597957,-0.0023547227445521735,0.48811979238586695
CatBoost no seasonality,ablation_no_seasonality,CatBoost,full minus month/day-of-year features,Far East,2021-2025,10457,1230,0.3068264342774147,0.6869918699186992,0.4241967871485944,0.0020968023590406753,0.3544115727092763,0.002447712875823181,-0.0035381045138638267,-0.005402454359685838,0.48811979238586695
CatBoost no seasonality,ablation_no_seasonality,CatBoost,full minus month/day-of-year features,Central Asia,2021-2025,45961,2503,0.13135488137554766,0.6348381941669996,0.21767123287671233,0.000819020548765008,0.15777984040198767,0.0004089806695964924,0.0019033596238358652,-0.0010454840218626082,0.48811979238586695
CatBoost no seasonality,ablation_no_seasonality,CatBoost,full minus month/day-of-year features,Europe,2021-2025,52062,2848,0.22045028142589118,0.3300561797752809,0.2643419572553431,0.0023504160048624452,0.1987375467299493,0.001200100915516449,0.013030305518379526,0.006201342814868449,0.48811979238586695
CatBoost no history,ablation_no_history,CatBoost,full minus prior-fire/proximity features,Global,2021,87238,24772,0.42297839260790443,0.9664540610366543,0.5884261364334608,0.0002907929132474008,0.6138688516148798,0.0024858215913920166,0.07000888337182354,0.054037499553795665,0.4426630744536391
CatBoost no history,ablation_no_history,CatBoost,full minus prior-fire/proximity features,Eastern Siberia,2021,44639,19789,0.5284828887092428,0.9910556369700338,0.6893618517021389,0.00015561651392866595,0.6617532280179751,0.005440053286555871,0.04144948971062956,0.059681653191973605,0.4426630744536391
CatBoost no history,ablation_no_history,CatBoost,full minus prior-fire/proximity features,Far East,2021,2141,270,0.23696145124716553,0.774074074074074,0.3628472222222222,0.02484387853261748,0.3292320890446032,0.02558295161701291,0.10284456630421196,0.1000522849462041,0.4426630744536391
CatBoost no history,ablation_no_history,CatBoost,full minus prior-fire/proximity features,Central Asia,2021,10197,903,0.1351564969965223,0.946843853820598,0.2365472402821967,0.002322754633907551,0.13985776964752122,0.0007486942289851872,0.03934622659692916,0.06585586155119896,0.4426630744536391
CatBoost no history,ablation_no_history,CatBoost,full minus prior-fire/proximity features,Europe,2021,11926,847,0.18311466058185966,0.7579693034238488,0.2949689869055824,0.0009633668848005679,0.19919641509679453,7.362689613819858e-05,0.04182934989275444,0.06505189550675627,0.4426630744536391
CatBoost no history,ablation_no_history,CatBoost,full minus prior-fire/proximity features,Global,2022,58312,4923,0.16826981614513575,0.842169408897014,0.28049523036330426,0.002666233347143257,0.20801240395699308,0.008445587330260797,0.0546931754337972,0.04903398106725668,0.4426630744536391
CatBoost no history,ablation_no_history,CatBoost,full minus prior-fire/proximity features,Eastern Siberia,2022,18946,1456,0.14101094319958313,0.9292582417582418,0.24486471812505656,0.0012987047063586458,0.14931919390563791,0.0013497954551675978,0.02756153112238474,0.07493741557729683,0.4426630744536391
CatBoost no history,ablation_no_history,CatBoost,full minus prior-fire/proximity features,Far East,2022,2076,192,0.19689119170984457,0.7916666666666666,0.3153526970954357,0.004884461302493635,0.24552888206959733,0.006444086001924044,0.04313786894230015,0.047508799380182765,0.4426630744536391
CatBoost no history,ablation_no_history,CatBoost,full minus prior-fire/proximity features,Central Asia,2022,9862,698,0.10771157631061012,0.8624641833810889,0.1915062828057897,0.004466715339374,0.10810862534807844,0.006015312610324118,0.050691817601265926,0.06332782513497098,0.4426630744536391
CatBoost no history,ablation_no_history,CatBoost,full minus prior-fire/proximity features,Europe,2022,10330,382,0.11652253072371416,0.6701570680628273,0.19852656068243504,0.0006019823429123287,0.1390302061147345,0.003446462601627397,0.008557907982415097,0.013806432165346744,0.4426630744536391
CatBoost no history,ablation_no_history,CatBoost,full minus prior-fire/proximity features,Global,2023,60888,6898,0.20493533913961468,0.900550884314294,0.33388873958613274,0.0012909564723776353,0.2787210711873046,0.009782566067141235,0.09987933080984462,0.12903233036900186,0.4426630744536391
CatBoost no history,ablation_no_history,CatBoost,full minus prior-fire/proximity features,Eastern Siberia,2023,18853,1391,0.1119722073757349,0.903666427030913,0.19925497344852183,0.0004491058051369068,0.15351479000031207,0.00015124810008357284,0.07291628037410813,0.17253876060918524,0.4426630744536391
CatBoost no history,ablation_no_history,CatBoost,full minus prior-fire/proximity features,Far East,2023,2267,333,0.2876288659793814,0.8378378378378378,0.42824251726784346,0.011051456176305215,0.3630680054683145,0.007322208285680663,0.0654894017292636,-0.005294383670423841,0.4426630744536391
CatBoost no history,ablation_no_history,CatBoost,full minus prior-fire/proximity features,Central Asia,2023,9281,411,0.07058823529411765,0.9051094890510949,0.13096285865164584,0.002075490927283081,0.09172343318087901,0.003961003588397186,0.09178435700815843,0.06212081460620118,0.4426630744536391
CatBoost no history,ablation_no_history,CatBoost,full minus prior-fire/proximity features,Europe,2023,10456,494,0.14177101967799643,0.6417004048582996,0.23223443223443224,0.010931994309415162,0.15275695797623484,2.0838410445313112e-05,0.03825085018402441,0.03706117953856766,0.4426630744536391
CatBoost no history,ablation_no_history,CatBoost,full minus prior-fire/proximity features,Global,2024,65063,9134,0.24882054344580473,0.9123056711188964,0.39100037537537535,0.0011807641351579596,0.401695289284462,0.006010787982332363,0.0780852363060286,0.03380603486646955,0.4426630744536391
CatBoost no history,ablation_no_history,CatBoost,full minus prior-fire/proximity features,Eastern Siberia,2024,26660,6189,0.30489910434876444,0.9130715786072063,0.45714516846661,0.0007763608674217411,0.4311995417586284,0.0063131313290510594,0.05925883589457548,0.0471166791570824,0.4426630744536391
CatBoost no history,ablation_no_history,CatBoost,full minus prior-fire/proximity features,Far East,2024,2229,298,0.1889400921658986,0.6879194630872483,0.29645697758496026,0.013332022711346892,0.2397577056171402,0.009926039121121066,0.0636176492807114,0.06311768910862989,0.4426630744536391
CatBoost no history,ablation_no_history,CatBoost,full minus prior-fire/proximity features,Central Asia,2024,9003,187,0.03693599160545645,0.9411764705882353,0.07108239095315025,0.0005412165131664252,0.06625802601875005,0.009152508986364473,0.033900997751168685,0.019638342386808894,0.4426630744536391
CatBoost no history,ablation_no_history,CatBoost,full minus prior-fire/proximity features,Europe,2024,10472,493,0.11951126384116074,0.6348884381338742,0.2011568123393316,0.015788435344195266,0.12012330261313824,0.008470962615185264,0.0305249741226363,0.050935811870249884,0.4426630744536391
CatBoost no history,ablation_no_history,CatBoost,full minus prior-fire/proximity features,Global,2025,49672,3787,0.15286686103012634,0.8307367309215739,0.25821808183198586,0.0002066268389737538,0.2886533253936324,0.007564941843688312,0.13163248777890335,0.13534507008850477,0.4426630744536391
CatBoost no history,ablation_no_history,CatBoost,full minus prior-fire/proximity features,Eastern Siberia,2025,19162,2442,0.20984259434856817,0.9062244062244063,0.3407761010163228,0.0026140655840408995,0.431890381148024,0.005549015771585301,0.14685228367088543,0.10324758894784325,0.4426630744536391
CatBoost no history,ablation_no_history,CatBoost,full minus prior-fire/proximity features,Far East,2025,1744,137,0.22784810126582278,0.656934306569343,0.3383458646616541,0.04348775623086856,0.32601999872964155,0.093820986899216,0.05202846688914803,0.08567742778407411,0.4426630744536391
CatBoost no history,ablation_no_history,CatBoost,full minus prior-fire/proximity features,Central Asia,2025,7618,304,0.061899441340782124,0.9111842105263158,0.11592383343795773,0.0023285454252391174,0.06728074274638113,0.00021332913851298746,0.022965055450931166,0.015575870836173539,0.4426630744536391
CatBoost no history,ablation_no_history,CatBoost,full minus prior-fire/proximity features,Europe,2025,8878,632,0.17371532514779445,0.6044303797468354,0.26986930413281524,0.003455961914114056,0.16932444650511924,0.008286376708176321,0.03155372303406706,0.06487247924932932,0.4426630744536391
CatBoost no history,ablation_no_history,CatBoost,full minus prior-fire/proximity features,Global,2021-2023,206438,36593,0.3074709552495697,0.9373104145601617,0.46304633973471937,0.005577521799727596,0.5041892033953953,0.0011284111477710998,0.09420235457758858,0.07735449069242673,0.4426630744536391
CatBoost no history,ablation_no_history,CatBoost,full minus prior-fire/proximity features,Eastern Siberia,2021-2023,82438,22636,0.3835942759489738,0.9817105495670613,0.5516402497300383,0.0016678306976869665,0.5783883300576699,0.006563940832470272,0.07722058409262755,0.09223078952203123,0.4426630744536391
CatBoost no history,ablation_no_history,CatBoost,full minus prior-fire/proximity features,Far East,2021-2023,6484,795,0.24390243902439024,0.8050314465408805,0.37437847323778883,0.0002719131940394054,0.3166564322665809,0.00338790441022834,0.0760508788309075,0.04866022443169199,0.4426630744536391
CatBoost no history,ablation_no_history,CatBoost,full minus prior-fire/proximity features,Central Asia,2021-2023,29340,2012,0.106430026185627,0.9090457256461233,0.19055060686565609,0.0013358824767317934,0.11128846001123079,0.001466410438945859,0.060419890028753837,0.06796138496307243,0.4426630744536391
CatBoost no history,ablation_no_history,CatBoost,full minus prior-fire/proximity features,Europe,2021-2023,32712,1723,0.1530419448293236,0.7051654091700522,0.25150072448768374,0.003136954232386494,0.16135544924523504,0.0026923435093906024,0.03247872436799121,0.04761480261021797,0.4426630744536391
CatBoost no history,ablation_no_history,CatBoost,full minus prior-fire/proximity features,Global,2021-2025,321173,49514,0.2764004781973409,0.924546592882821,0.4255726610144281,0.0017507960157566735,0.470805337061619,0.009760934815139417,0.10021906546007758,0.075473573500911,0.4426630744536391
CatBoost no history,ablation_no_history,CatBoost,full minus prior-fire/proximity features,Eastern Siberia,2021-2025,128260,31267,0.3457723736079346,0.9622285476700675,0.508733661374051,0.0005283341957800521,0.5414709512136593,0.0011621837644654543,0.08420916686289492,0.08873322353880697,0.4426630744536391
CatBoost no history,ablation_no_history,CatBoost,full minus prior-fire/proximity features,Far East,2021-2025,10457,1230,0.22782651072124757,0.7601626016260162,0.3505811773528309,0.004432956843824264,0.2916176438250258,0.002257798581238047,0.07007750528189965,0.05739147452456467,0.4426630744536391
CatBoost no history,ablation_no_history,CatBoost,full minus prior-fire/proximity features,Central Asia,2021-2025,45961,2503,0.08635761589403973,0.9117059528565721,0.15777101769911506,0.0008121388406485242,0.09378781399237739,0.003916189968080969,0.06180357480143314,0.06294654238774768,0.4426630744536391
CatBoost no history,ablation_no_history,CatBoost,full minus prior-fire/proximity features,Europe,2021-2025,52062,2848,0.1497217214078545,0.6706460674157303,0.24479333546940082,0.0017164011306999274,0.15236770835840102,0.0005436487818339315,0.0325789273043218,0.05257118118641674,0.4426630744536391
CatBoost no temporal-history/weather lags,ablation_no_temporal_history,CatBoost,full minus lagged meteorology,Global,2021,87238,24772,0.5255427326285207,0.7886323268206039,0.6307530874162564,0.00015673842513764917,0.6197676219262466,0.003484312037066174,0.02768193238902794,0.0481387292424289,0.5096086910245284
CatBoost no temporal-history/weather lags,ablation_no_temporal_history,CatBoost,full minus lagged meteorology,Eastern Siberia,2021,44639,19789,0.5868064952638701,0.876547576936682,0.7029929684492087,0.0024745922726812706,0.6795537669431906,0.0020744826267681746,0.027818372963559823,0.04188111426675811,0.5096086910245284
CatBoost no temporal-history/weather lags,ablation_no_temporal_history,CatBoost,full minus lagged meteorology,Far East,2021,2141,270,0.4054669703872437,0.6592592592592592,0.5021156558533145,0.0301259277327117,0.44357095861793744,0.06557556651537198,-0.036423867326880355,-0.014286584627130117,0.5096086910245284
CatBoost no temporal-history/weather lags,ablation_no_temporal_history,CatBoost,full minus lagged meteorology,Central Asia,2021,10197,903,0.19762154599510318,0.6256921373200443,0.3003721424774056,0.00036769864608431204,0.2502726102771252,0.020546107814030334,-0.024478675598279764,-0.04455897907840503,0.5096086910245284
CatBoost no temporal-history/weather lags,ablation_no_temporal_history,CatBoost,full minus lagged meteorology,Europe,2021,11926,847,0.2192513368983957,0.1936245572609209,0.20564263322884013,0.004758557886590688,0.1997579994435618,0.0019795765493723478,0.13115570356949668,0.06449031115998902,0.5096086910245284
CatBoost no temporal-history/weather lags,ablation_no_temporal_history,CatBoost,full minus lagged meteorology,Global,2022,58312,4923,0.20301959524574364,0.5135080235628682,0.29099280575539566,0.0005358343892958407,0.22315522071448093,0.003017646720175413,0.04419560004170581,0.03389116430976882,0.5096086910245284
CatBoost no temporal-history/weather lags,ablation_no_temporal_history,CatBoost,full minus lagged meteorology,Eastern Siberia,2022,18946,1456,0.1491530740276035,0.6531593406593407,0.24284984678243104,0.007179807282907698,0.25427820094371417,0.00661013311657918,0.029576402465010254,-0.03002159146077943,0.5096086910245284
CatBoost no temporal-history/weather lags,ablation_no_temporal_history,CatBoost,full minus lagged meteorology,Far East,2022,2076,192,0.30670103092783507,0.6197916666666666,0.4103448275862069,0.0410191405312531,0.27389258300159375,0.027680113619419904,-0.05185426154847106,0.01914509844818635,0.5096086910245284
CatBoost no temporal-history/weather lags,ablation_no_temporal_history,CatBoost,full minus lagged meteorology,Central Asia,2022,9862,698,0.15847928235796668,0.5315186246418339,0.24415926291543272,0.0102450434245335,0.1878547167933035,0.01958349464832885,-0.001961162508377079,-0.016418266310254087,0.5096086910245284
CatBoost no temporal-history/weather lags,ablation_no_temporal_history,CatBoost,full minus lagged meteorology,Europe,2022,10330,382,0.2149321266968326,0.2486910994764398,0.23058252427184467,0.045551994334273496,0.18299708387908542,0.038938679752360525,-0.023498055606994528,-0.030160445599004188,0.5096086910245284
CatBoost no temporal-history/weather lags,ablation_no_temporal_history,CatBoost,full minus lagged meteorology,Global,2023,60888,6898,0.241467919376857,0.4359234560742244,0.31078497235284996,5.781546008582959e-06,0.32612250132125375,0.007328251892201245,0.1229830980431274,0.0816309002350527,0.5096086910245284
CatBoost no temporal-history/weather lags,ablation_no_temporal_history,CatBoost,full minus lagged meteorology,Eastern Siberia,2023,18853,1391,0.1395925597874225,0.5664989216391085,0.22399090392268334,0.0007987797629787032,0.2628976278097958,0.0010838038246688943,0.04818034989994663,0.0631559227997015,0.5096086910245284
CatBoost no temporal-history/weather lags,ablation_no_temporal_history,CatBoost,full minus lagged meteorology,Far East,2023,2267,333,0.3475,0.4174174174174174,0.3792633015006821,0.0032182910621636673,0.29769101397874365,0.006403391741318412,0.11446861749642495,0.06008260781914704,0.5096086910245284
CatBoost no temporal-history/weather lags,ablation_no_temporal_history,CatBoost,full minus lagged meteorology,Central Asia,2023,9281,411,0.12669902912621359,0.635036496350365,0.21125050586806962,0.009474579940873048,0.1782305564601047,0.0059314740569464865,0.011496709791734644,-0.024386308673024493,0.5096086910245284
CatBoost no temporal-history/weather lags,ablation_no_temporal_history,CatBoost,full minus lagged meteorology,Europe,2023,10456,494,0.21621621621621623,0.19433198380566802,0.2046908315565032,0.014791806136409102,0.181839184921302,0.0025809134383997625,0.06579445086195346,0.00797895259350051,0.5096086910245284
CatBoost no temporal-history/weather lags,ablation_no_temporal_history,CatBoost,full minus lagged meteorology,Global,2024,65063,9134,0.2998170693244181,0.5203634771184585,0.3804378276703886,0.000291437884519336,0.3465186551466753,0.0035174034942201354,0.08864778401101536,0.08898266900425628,0.5096086910245284
CatBoost no temporal-history/weather lags,ablation_no_temporal_history,CatBoost,full minus lagged meteorology,Eastern Siberia,2024,26660,6189,0.3514998648770381,0.6304734205849087,0.4513591671486408,0.0006126185665814618,0.42309517294313376,0.0016726528578007687,0.06504483721254467,0.05522104797257704,0.5096086910245284
CatBoost no temporal-history/weather lags,ablation_no_temporal_history,CatBoost,full minus lagged meteorology,Far East,2024,2229,298,0.3075313807531381,0.49328859060402686,0.3788659793814433,0.016449914954763275,0.2900497299979069,0.015864248853141548,-0.01879135251577163,0.012825664727863173,0.5096086910245284
CatBoost no temporal-history/weather lags,ablation_no_temporal_history,CatBoost,full minus lagged meteorology,Central Asia,2024,9003,187,0.04914004914004914,0.42780748663101603,0.0881542699724518,0.01399055773358935,0.07893738700239393,0.023429707309137546,0.01682911873186714,0.006958981403165018,0.5096086910245284
CatBoost no temporal-history/weather lags,ablation_no_temporal_history,CatBoost,full minus lagged meteorology,Europe,2024,10472,493,0.20374220374220375,0.19878296146044624,0.20123203285420946,0.007007210098835112,0.15139071946248595,0.0006200581287736279,0.03044975360775845,0.019668395020902174,0.5096086910245284
CatBoost no temporal-history/weather lags,ablation_no_temporal_history,CatBoost,full minus lagged meteorology,Global,2025,49672,3787,0.21118272369632543,0.6662265645629786,0.32070674971399515,0.003342205956842253,0.3759336005418229,0.008081429104601164,0.06914381989689405,0.04806479494031429,0.5096086910245284
CatBoost no temporal-history/weather lags,ablation_no_temporal_history,CatBoost,full minus lagged meteorology,Eastern Siberia,2025,19162,2442,0.24736101337086558,0.8636363636363636,0.38457330415754926,0.0027636743301493877,0.48093957227701706,0.0030043260980197866,0.10305508052965895,0.05419839781885022,0.5096086910245284
CatBoost no temporal-history/weather lags,ablation_no_temporal_history,CatBoost,full minus lagged meteorology,Far East,2025,1744,137,0.3333333333333333,0.7445255474452555,0.4604966139954853,0.05167318785594002,0.35074065406897165,0.07371397013062515,-0.07012228244468316,0.06095677244474401,0.5096086910245284
CatBoost no temporal-history/weather lags,ablation_no_temporal_history,CatBoost,full minus lagged meteorology,Central Asia,2025,7618,304,0.07225258044930176,0.39144736842105265,0.12198872373141978,0.0060746934898019845,0.10571889607426528,0.009429244141483096,0.016900165157469116,-0.022862282491710614,0.5096086910245284
CatBoost no temporal-history/weather lags,ablation_no_temporal_history,CatBoost,full minus lagged meteorology,Europe,2025,8878,632,0.27058823529411763,0.254746835443038,0.2624286878565607,0.017879361221025476,0.22123555426019598,0.009175251654443719,0.03899433931032159,0.012961371494252583,0.5096086910245284
CatBoost no temporal-history/weather lags,ablation_no_temporal_history,CatBoost,full minus lagged meteorology,Global,2021-2023,206438,36593,0.4038628821804826,0.68513103599049,0.5081736275096026,0.0030446963997526793,0.507539685684584,0.0002960700610895176,0.04907506680270535,0.07400400840323806,0.5096086910245284
CatBoost no temporal-history/weather lags,ablation_no_temporal_history,CatBoost,full minus lagged meteorology,Eastern Siberia,2021-2023,82438,22636,0.45898367042639665,0.8431259939918714,0.5943908933771431,0.0032332090316457033,0.6008481180379294,0.0012309391413077402,0.03446994044552276,0.06977100154177174,0.5096086910245284
CatBoost no temporal-history/weather lags,ablation_no_temporal_history,CatBoost,full minus lagged meteorology,Far East,2021-2023,6484,795,0.3553382233088835,0.5484276729559748,0.43125618199802174,0.004041790364333802,0.32711442797636325,0.007744700893465141,0.019173170070674594,0.03820222872190965,0.5096086910245284
CatBoost no temporal-history/weather lags,ablation_no_temporal_history,CatBoost,full minus lagged meteorology,Central Asia,2021-2023,29340,2012,0.16487603305785123,0.5949304174950298,0.2581967213114754,0.006802000374904588,0.2088021722990649,0.01752035585265378,-0.0072262244170654966,-0.02955232732476168,0.5096086910245284
CatBoost no temporal-history/weather lags,ablation_no_temporal_history,CatBoost,full minus lagged meteorology,Europe,2021-2023,32712,1723,0.21725826193390452,0.2060359837492745,0.2114983616324099,0.013669198858415853,0.1850666381453216,6.140832032783565e-05,0.07248108722326504,0.023903613710131416,0.5096086910245284
CatBoost no temporal-history/weather lags,ablation_no_temporal_history,CatBoost,full minus lagged meteorology,Global,2021-2025,321173,49514,0.3598989741649792,0.6532899785919134,0.46411558769513317,0.006106725582755526,0.46262004328022854,0.0007943406710794789,0.0616761387793725,0.08365886728230143,0.5096086910245284
CatBoost no temporal-history/weather lags,ablation_no_temporal_history,CatBoost,full minus lagged meteorology,Eastern Siberia,2021-2025,128260,31267,0.4100117631682133,0.8026353663606998,0.5427629088942958,0.002480789489034651,0.5522077407883019,0.0002797775263136381,0.05017991934265009,0.07799643396416434,0.5096086910245284
CatBoost no temporal-history/weather lags,ablation_no_temporal_history,CatBoost,full minus lagged meteorology,Far East,2021-2025,10457,1230,0.3406265539532571,0.556910569105691,0.4227090404196236,0.0028294493423322636,0.3167259926257294,0.006396776051663269,-0.002050357784893042,0.03228312572386105,0.5096086910245284
CatBoost no temporal-history/weather lags,ablation_no_temporal_history,CatBoost,full minus lagged meteorology,Central Asia,2021-2025,45961,2503,0.13251067869008068,0.5577307231322413,0.21414327350820678,0.0029817952612615425,0.17970846127307485,0.0013889241517775115,0.005431318992341422,-0.022974104892949793,0.5096086910245284
CatBoost no temporal-history/weather lags,ablation_no_temporal_history,CatBoost,full minus lagged meteorology,Europe,2021-2025,52062,2848,0.22656826568265684,0.21558988764044945,0.2209427851745232,0.006934231499607532,0.18531452675349797,0.010274527974296918,0.05642947759919942,0.019624362791319794,0.5096086910245284
CatBoost <=30d climate windows,ablation_shorter_sequence_30d,CatBoost,full minus >30-day weather-history windows,Global,2021,87238,24772,0.5054125251809709,0.9216454061036654,0.6528272213882336,0.0014868079993800177,0.6345824357681418,0.0075954107705709225,0.0056077984170507245,0.0333239154005337,0.47445262206724037
CatBoost <=30d climate windows,ablation_shorter_sequence_30d,CatBoost,full minus >30-day weather-history windows,Eastern Siberia,2021,44639,19789,0.5835806432075586,0.9738238415281217,0.7298100774459866,0.001942306745299285,0.6890772019202458,0.0010742217966647081,0.0010012639667819068,0.0323576792897029,0.47445262206724037
CatBoost <=30d climate windows,ablation_shorter_sequence_30d,CatBoost,full minus >30-day weather-history windows,Far East,2021,2141,270,0.3192868719611021,0.7296296296296296,0.44419391206313413,0.011110573998222323,0.4351267635701437,0.04952690284929005,0.021497876463300036,-0.00584238957933636,0.47445262206724037
CatBoost <=30d climate windows,ablation_shorter_sequence_30d,CatBoost,full minus >30-day weather-history windows,Central Asia,2021,10197,903,0.1690881763527054,0.7475083056478405,0.27579162410623087,0.0007497520188665382,0.23273840365710793,0.02029823386312768,0.00010184277289498889,-0.027024772458387747,0.47445262206724037
CatBoost <=30d climate windows,ablation_shorter_sequence_30d,CatBoost,full minus >30-day weather-history windows,Europe,2021,11926,847,0.27291381668946646,0.47107438016528924,0.3456041576440017,0.027806243284135265,0.25505082023653,0.004228404278005608,-0.008805820845664891,0.009197490367020833,0.47445262206724037
CatBoost <=30d climate windows,ablation_shorter_sequence_30d,CatBoost,full minus >30-day weather-history windows,Global,2022,58312,4923,0.22159372127554267,0.6366036969327645,0.32875275359278294,0.0009586885192275918,0.2739535516952511,0.009790531824016563,0.0064356522043185205,-0.01690716667100134,0.47445262206724037
CatBoost <=30d climate windows,ablation_shorter_sequence_30d,CatBoost,full minus >30-day weather-history windows,Eastern Siberia,2022,18946,1456,0.1757082021847806,0.6517857142857143,0.27679743327986,0.0054005716606570775,0.2621543067401957,0.0040926750969289254,-0.004371184032418707,-0.03789769725726094,0.47445262206724037
CatBoost <=30d climate windows,ablation_shorter_sequence_30d,CatBoost,full minus >30-day weather-history windows,Far East,2022,2076,192,0.24175824175824176,0.5729166666666666,0.3400309119010819,0.03232987445647483,0.2829427802472937,0.029221297665745057,0.018459654136653902,0.010094901202486406,0.47445262206724037
CatBoost <=30d climate windows,ablation_shorter_sequence_30d,CatBoost,full minus >30-day weather-history windows,Central Asia,2022,9862,698,0.15166461159062886,0.7048710601719198,0.2496194824961948,0.003929207995257375,0.22843253293978413,0.023891110021526545,-0.007421382089139172,-0.05699608245673471,0.47445262206724037
CatBoost <=30d climate windows,ablation_shorter_sequence_30d,CatBoost,full minus >30-day weather-history windows,Europe,2022,10330,382,0.1888045540796964,0.5209424083769634,0.27715877437325903,0.019037374881888055,0.174808284692259,0.029610532966086185,-0.07007430570840889,-0.021971646412177775,0.47445262206724037
CatBoost <=30d climate windows,ablation_shorter_sequence_30d,CatBoost,full minus >30-day weather-history windows,Global,2023,60888,6898,0.2828568542276998,0.8118295158016816,0.4195385076415942,8.519947862403752e-05,0.4090237028888602,0.004974661453733447,0.01422956275438314,-0.001270301332553736,0.47445262206724037
CatBoost <=30d climate windows,ablation_shorter_sequence_30d,CatBoost,full minus >30-day weather-history windows,Eastern Siberia,2023,18853,1391,0.15765579859678086,0.8238677210639828,0.2646651270207852,0.0008559111881306441,0.2901367175096662,0.004795366941065379,0.007506126801844759,0.035916833099831125,0.47445262206724037
CatBoost <=30d climate windows,ablation_shorter_sequence_30d,CatBoost,full minus >30-day weather-history windows,Far East,2023,2267,333,0.3467202141900937,0.7777777777777778,0.47962962962962963,0.01573310324384203,0.35112712462670037,0.007956667965325325,0.014102289367477427,0.006646497171190313,0.47445262206724037
CatBoost <=30d climate windows,ablation_shorter_sequence_30d,CatBoost,full minus >30-day weather-history windows,Central Asia,2023,9281,411,0.11233408870184526,0.8442822384428224,0.1982857142857143,0.0019499418628669669,0.2175991187938332,0.0034725577325793794,0.024461501374089978,-0.063754871006753,0.47445262206724037
CatBoost <=30d climate windows,ablation_shorter_sequence_30d,CatBoost,full minus >30-day weather-history windows,Europe,2023,10456,494,0.20390243902439023,0.4230769230769231,0.27518104015799866,0.006915978903025851,0.2038990163554209,0.005801192832071303,-0.004695757739542006,-0.0140808788406184,0.47445262206724037
CatBoost <=30d climate windows,ablation_shorter_sequence_30d,CatBoost,full minus >30-day weather-history windows,Global,2024,65063,9134,0.31030192832192927,0.7099846726516312,0.43185828921519664,0.0037508714797287713,0.4086026679112529,0.001446003356788001,0.0372273224662073,0.026898656239678687,0.47445262206724037
CatBoost <=30d climate windows,ablation_shorter_sequence_30d,CatBoost,full minus >30-day weather-history windows,Eastern Siberia,2024,26660,6189,0.36395939086294415,0.8109549200193893,0.5024275489263726,0.0001621243306806162,0.467735116623361,0.0024662697719844,0.013976455434812851,0.010581104292349819,0.47445262206724037
CatBoost <=30d climate windows,ablation_shorter_sequence_30d,CatBoost,full minus >30-day weather-history windows,Far East,2024,2229,298,0.2512315270935961,0.6845637583892618,0.3675675675675676,0.0197753234227042,0.30605191207717375,0.0010582819169635141,-0.007492940701895934,-0.0031765173514036738,0.47445262206724037
CatBoost <=30d climate windows,ablation_shorter_sequence_30d,CatBoost,full minus >30-day weather-history windows,Central Asia,2024,9003,187,0.05103042198233562,0.5561497326203209,0.09348314606741573,0.009931212397890502,0.10937192004912945,0.0016368227083265693,0.011500242636903205,-0.0234755516435705,0.47445262206724037
CatBoost <=30d climate windows,ablation_shorter_sequence_30d,CatBoost,full minus >30-day weather-history windows,Europe,2024,10472,493,0.16681299385425813,0.385395537525355,0.23284313725490197,0.01032160933707421,0.17192571935818077,0.001176817724772792,-0.0011613507929340572,-0.000866604874792648,0.47445262206724037
CatBoost <=30d climate windows,ablation_shorter_sequence_30d,CatBoost,full minus >30-day weather-history windows,Global,2025,49672,3787,0.24115448143962445,0.7325059413783997,0.36285153695225636,0.004699479844208296,0.39147355667708933,0.000938794727904377,0.02699903265863285,0.03252483880504786,0.47445262206724037
CatBoost <=30d climate windows,ablation_shorter_sequence_30d,CatBoost,full minus >30-day weather-history windows,Eastern Siberia,2025,19162,2442,0.30782918149466193,0.8501228501228502,0.4519921619856303,0.00023662085175364097,0.49295894892636233,0.00017239644639530232,0.0356362227015779,0.04217902116950495,0.47445262206724037
CatBoost <=30d climate windows,ablation_shorter_sequence_30d,CatBoost,full minus >30-day weather-history windows,Far East,2025,1744,137,0.321285140562249,0.583941605839416,0.41450777202072536,0.029237976291581966,0.4267582776663902,0.10810683224324653,-0.024133440469923217,-0.015060851152674526,0.47445262206724037
CatBoost <=30d climate windows,ablation_shorter_sequence_30d,CatBoost,full minus >30-day weather-history windows,Central Asia,2025,7618,304,0.08495575221238938,0.631578947368421,0.1497659906396256,0.011098312534302506,0.11458766301876105,3.937494442101109e-05,-0.010877101750736695,-0.03173104943620639,0.47445262206724037
CatBoost <=30d climate windows,ablation_shorter_sequence_30d,CatBoost,full minus >30-day weather-history windows,Europe,2025,8878,632,0.2311033883579496,0.4208860759493671,0.29837352776219855,0.0035302017841125494,0.22692331515330819,0.010793526716114788,0.003049499404683742,0.007273610601140373,0.47445262206724037
CatBoost <=30d climate windows,ablation_shorter_sequence_30d,CatBoost,full minus >30-day weather-history windows,Global,2021-2023,206438,36593,0.3989812169780317,0.8625966714945481,0.545602253969077,0.0058875330977865075,0.5529376548980539,0.002501708813453974,0.011646440343230924,0.028606039189768118,0.47445262206724037
CatBoost <=30d climate windows,ablation_shorter_sequence_30d,CatBoost,full minus >30-day weather-history windows,Eastern Siberia,2021-2023,82438,22636,0.4676092094896262,0.9438946810390528,0.6253951527924131,0.0010673064665336946,0.6319360568034363,0.002220471302688944,0.0034656810302527985,0.038683062776264765,0.47445262206724037
CatBoost <=30d climate windows,ablation_shorter_sequence_30d,CatBoost,full minus >30-day weather-history windows,Far East,2021-2023,6484,795,0.31115997800989553,0.7119496855345911,0.43305279265493496,0.012875085918113687,0.3581502302903951,0.008342695365378508,0.017376559413761372,0.007166426407877791,0.47445262206724037
CatBoost <=30d climate windows,ablation_shorter_sequence_30d,CatBoost,full minus >30-day weather-history windows,Central Asia,2021-2023,29340,2012,0.14663438256658595,0.7524850894632207,0.24544054470292614,0.001728972142887916,0.22122546893604,0.010028289677196059,0.005529952191483778,-0.04197562396173679,0.47445262206724037
CatBoost <=30d climate windows,ablation_shorter_sequence_30d,CatBoost,full minus >30-day weather-history windows,Europe,2021-2023,32712,1723,0.22790172267720982,0.4683691236215902,0.3066109422492401,0.008364384473903431,0.213729662834068,0.00020301199879892994,-0.022631493393565183,-0.004759410978614986,0.47445262206724037
CatBoost <=30d climate windows,ablation_shorter_sequence_30d,CatBoost,full minus >30-day weather-history windows,Global,2021-2025,321173,49514,0.3660819972021952,0.8244940824817223,0.5070359560330373,0.006803729955385544,0.5166572773104353,0.001123591792732004,0.018755770441468367,0.02962163325209466,0.47445262206724037
CatBoost <=30d climate windows,ablation_shorter_sequence_30d,CatBoost,full minus >30-day weather-history windows,Eastern Siberia,2021-2025,128260,31267,0.42975568507836803,0.9102568202897624,0.5838573025755696,1.095784109007283e-05,0.5946060690955253,0.004367242936370202,0.009085525661376326,0.03559810565694099,0.47445262206724037
CatBoost <=30d climate windows,ablation_shorter_sequence_30d,CatBoost,full minus >30-day weather-history windows,Far East,2021-2025,10457,1230,0.2951388888888889,0.6910569105691057,0.41362530413625304,0.002910360983173236,0.34861065778123246,0.0033186290882774227,0.007033378498477516,0.0003984605683580167,0.47445262206724037
CatBoost <=30d climate windows,ablation_shorter_sequence_30d,CatBoost,full minus >30-day weather-history windows,Central Asia,2021-2025,45961,2503,0.12377761061341722,0.7231322413104275,0.21137451827630505,0.0033524123829844544,0.1965134357424141,0.007627730496369558,0.008200074224243153,-0.03977907936228903,0.47445262206724037
CatBoost <=30d climate windows,ablation_shorter_sequence_30d,CatBoost,full minus >30-day weather-history windows,Europe,2021-2025,52062,2848,0.2166009260847196,0.4434691011235955,0.29104735568613893,0.001053988668621111,0.20726945727824353,0.0012915872217242694,-0.013675092912416309,-0.00233056773342577,0.47445262206724037
CatBoost no sine/cos seasonality,ablation_no_periodic_seasonality,CatBoost,full minus periodic seasonality encodings,Global,2021,87238,24772,0.5139414256268545,0.9159534958824479,0.6584350198052843,5.4580028934063156e-05,0.6679063511686755,0.005448920825391068,0.0,0.0,0.4920829446562272
CatBoost no sine/cos seasonality,ablation_no_periodic_seasonality,CatBoost,full minus periodic seasonality encodings,Eastern Siberia,2021,44639,19789,0.5833057104113304,0.978169690231947,0.7308113414127685,0.000805919923666427,0.7214348812099487,0.0010711574085830113,0.0,0.0,0.4920829446562272
CatBoost no sine/cos seasonality,ablation_no_periodic_seasonality,CatBoost,full minus periodic seasonality encodings,Far East,2021,2141,270,0.3344103392568659,0.7666666666666667,0.46569178852643417,0.024322386397368036,0.4292843739908073,0.05383706638897778,0.0,0.0,0.4920829446562272
CatBoost no sine/cos seasonality,ablation_no_periodic_seasonality,CatBoost,full minus periodic seasonality encodings,Central Asia,2021,10197,903,0.17363896848137536,0.6710963455149501,0.27589346687912586,0.006196976915192281,0.2057136311987202,0.011267742399519031,0.0,0.0,0.4920829446562272
CatBoost no sine/cos seasonality,ablation_no_periodic_seasonality,CatBoost,full minus periodic seasonality encodings,Europe,2021,11926,847,0.3008356545961003,0.3825265643447462,0.3367983367983368,0.010281125767476066,0.2642483106035508,0.0017405755040546646,0.0,0.0,0.4920829446562272
CatBoost no sine/cos seasonality,ablation_no_periodic_seasonality,CatBoost,full minus periodic seasonality encodings,Global,2022,58312,4923,0.2345258375922771,0.5872435506804794,0.33518840579710146,0.0036630577702844967,0.25704638502424976,0.006321963098996343,0.0,0.0,0.4920829446562272
CatBoost no sine/cos seasonality,ablation_no_periodic_seasonality,CatBoost,full minus periodic seasonality encodings,Eastern Siberia,2022,18946,1456,0.17444101773323054,0.6215659340659341,0.2724262492474413,0.010422147965353415,0.22425660948293474,0.004984649634407018,0.0,0.0,0.4920829446562272
CatBoost no sine/cos seasonality,ablation_no_periodic_seasonality,CatBoost,full minus periodic seasonality encodings,Far East,2022,2076,192,0.25675675675675674,0.59375,0.3584905660377358,0.02261784628516681,0.2930376814497801,0.03729098701912285,0.0,0.0,0.4920829446562272
CatBoost no sine/cos seasonality,ablation_no_periodic_seasonality,CatBoost,full minus periodic seasonality encodings,Central Asia,2022,9862,698,0.15866666666666668,0.5114613180515759,0.24219810040705564,0.015597034701530446,0.17143645048304942,0.018295589205205236,0.0,0.0,0.4920829446562272
CatBoost no sine/cos seasonality,ablation_no_periodic_seasonality,CatBoost,full minus periodic seasonality encodings,Europe,2022,10330,382,0.15855354659248957,0.29842931937172773,0.20708446866485014,0.029657167123177872,0.15283663828008123,0.02478026023681261,0.0,0.0,0.4920829446562272
CatBoost no sine/cos seasonality,ablation_no_periodic_seasonality,CatBoost,full minus periodic seasonality encodings,Global,2023,60888,6898,0.29749973057441537,0.8003769208466223,0.43376807039597737,0.001030880314837669,0.40775340155630646,0.0008587653067532271,0.0,0.0,0.4920829446562272
CatBoost no sine/cos seasonality,ablation_no_periodic_seasonality,CatBoost,full minus periodic seasonality encodings,Eastern Siberia,2023,18853,1391,0.16270566727605118,0.8317757009345794,0.27217125382262997,0.0023896759758783638,0.3260535506094973,0.0037188400611114143,0.0,0.0,0.4920829446562272
CatBoost no sine/cos seasonality,ablation_no_periodic_seasonality,CatBoost,full minus periodic seasonality encodings,Far East,2023,2267,333,0.36363636363636365,0.7687687687687688,0.49373191899710706,0.015000193047532173,0.3577736217978907,0.008942983345946393,0.0,0.0,0.4920829446562272
CatBoost no sine/cos seasonality,ablation_no_periodic_seasonality,CatBoost,full minus periodic seasonality encodings,Central Asia,2023,9281,411,0.12931034482758622,0.8029197080291971,0.22274721565980427,0.0017061148401272103,0.1538442477870802,0.009275292871067585,0.0,0.0,0.4920829446562272
CatBoost no sine/cos seasonality,ablation_no_periodic_seasonality,CatBoost,full minus periodic seasonality encodings,Europe,2023,10456,494,0.22280471821756226,0.3441295546558704,0.27048528241845665,0.0020596520952877646,0.1898181375148025,0.011469159712964125,0.0,0.0,0.4920829446562272
CatBoost no sine/cos seasonality,ablation_no_periodic_seasonality,CatBoost,full minus periodic seasonality encodings,Global,2024,65063,9134,0.3396457832507482,0.7579373768338078,0.46908561168140395,0.00039273328768826664,0.43550132415093157,0.0061111822087264595,0.0,0.0,0.4920829446562272
CatBoost no sine/cos seasonality,ablation_no_periodic_seasonality,CatBoost,full minus periodic seasonality encodings,Eastern Siberia,2024,26660,6189,0.3724354850239474,0.8418161253837454,0.5164040043611855,0.0013958383933730797,0.4783162209157108,0.0027070885800716876,0.0,0.0,0.4920829446562272
CatBoost no sine/cos seasonality,ablation_no_periodic_seasonality,CatBoost,full minus periodic seasonality encodings,Far East,2024,2229,298,0.24935400516795866,0.6476510067114094,0.36007462686567165,0.019354617066643792,0.3028753947257701,0.0034032973627291666,0.0,0.0,0.4920829446562272
CatBoost no sine/cos seasonality,ablation_no_periodic_seasonality,CatBoost,full minus periodic seasonality encodings,Central Asia,2024,9003,187,0.05993930197268589,0.42245989304812837,0.10498338870431893,0.012853799689821567,0.08589636840555895,0.008462097927686704,0.0,0.0,0.4920829446562272
CatBoost no sine/cos seasonality,ablation_no_periodic_seasonality,CatBoost,full minus periodic seasonality encodings,Europe,2024,10472,493,0.17659574468085107,0.3367139959432049,0.2316817864619679,0.003350593242009848,0.17105911448338812,0.0037560758487391903,0.0,0.0,0.4920829446562272
CatBoost no sine/cos seasonality,ablation_no_periodic_seasonality,CatBoost,full minus periodic seasonality encodings,Global,2025,49672,3787,0.27078409207686777,0.695801425930816,0.3898505696108892,0.007790984558438626,0.4239983954821372,0.00014880250504560732,0.0,0.0,0.4920829446562272
CatBoost no sine/cos seasonality,ablation_no_periodic_seasonality,CatBoost,full minus periodic seasonality encodings,Eastern Siberia,2025,19162,2442,0.34100555011426703,0.8554463554463555,0.4876283846872082,0.0032378923391597043,0.5351379700958673,0.0012777232696251249,0.0,0.0,0.4920829446562272
CatBoost no sine/cos seasonality,ablation_no_periodic_seasonality,CatBoost,full minus periodic seasonality encodings,Far East,2025,1744,137,0.3080168776371308,0.5328467153284672,0.39037433155080214,0.03315665319165386,0.41169742651371566,0.10080250089735217,0.0,0.0,0.4920829446562272
CatBoost no sine/cos seasonality,ablation_no_periodic_seasonality,CatBoost,full minus periodic seasonality encodings,Central Asia,2025,7618,304,0.08290816326530612,0.4276315789473684,0.1388888888888889,0.0008872896353423732,0.08285661358255467,0.002885099334428085,0.0,0.0,0.4920829446562272
CatBoost no sine/cos seasonality,ablation_no_periodic_seasonality,CatBoost,full minus periodic seasonality encodings,Europe,2025,8878,632,0.2549234135667396,0.3686708860759494,0.3014230271668823,0.0074692207322378254,0.23419692575444856,0.01619405565971892,0.0,0.0,0.4920829446562272
CatBoost no sine/cos seasonality,ablation_no_periodic_seasonality,CatBoost,full minus periodic seasonality encodings,Global,2021-2023,206438,36593,0.4145054242076925,0.8499439783565162,0.557248694312308,0.000523603158742155,0.581543694087822,0.0016999180811163672,0.0,0.0,0.4920829446562272
CatBoost no sine/cos seasonality,ablation_no_periodic_seasonality,CatBoost,full minus periodic seasonality encodings,Eastern Siberia,2021-2023,82438,22636,0.47091284847418874,0.946236084113801,0.6288608338226659,0.002028394378345299,0.6706191195797011,0.0024539614637184835,0.0,0.0,0.4920829446562272
CatBoost no sine/cos seasonality,ablation_no_periodic_seasonality,CatBoost,full minus periodic seasonality encodings,Far East,2021-2023,6484,795,0.3265421618562535,0.7257861635220125,0.45042935206869633,0.007862174531228632,0.3653166566982729,0.005738093259950799,0.0,0.0,0.4920829446562272
CatBoost no sine/cos seasonality,ablation_no_periodic_seasonality,CatBoost,full minus periodic seasonality encodings,Central Asia,2021-2023,29340,2012,0.15593342981186686,0.6426441351888668,0.2509704968944099,0.000992754652150165,0.1792498449743032,0.006896064768342445,0.0,0.0,0.4920829446562272
CatBoost no sine/cos seasonality,ablation_no_periodic_seasonality,CatBoost,full minus periodic seasonality encodings,Europe,2021-2023,32712,1723,0.23759280969128566,0.3528728961114335,0.28397944885567494,0.013229531367940953,0.208970251855453,6.835651715402428e-05,0.0,0.0,0.4920829446562272
CatBoost no sine/cos seasonality,ablation_no_periodic_seasonality,CatBoost,full minus periodic seasonality encodings,Global,2021-2025,321173,49514,0.3866930421881538,0.8211818879508825,0.5257917264745057,0.00546004789362184,0.54627891056253,0.0008530944872809891,0.0,0.0,0.4920829446562272
CatBoost no sine/cos seasonality,ablation_no_periodic_seasonality,CatBoost,full minus periodic seasonality encodings,Eastern Siberia,2021-2025,128260,31267,0.43778106373572767,0.9184763488662168,0.5929428282369459,0.0013170202350700204,0.6302041747524663,0.0016470548257556238,0.0,0.0,0.4920829446562272
CatBoost no sine/cos seasonality,ablation_no_periodic_seasonality,CatBoost,full minus periodic seasonality encodings,Far East,2021-2025,10457,1230,0.30345572354211664,0.6853658536585366,0.42065868263473055,0.00027546897180051106,0.3490091183495905,0.0022660438096129055,0.0,0.0,0.4920829446562272
CatBoost no sine/cos seasonality,ablation_no_periodic_seasonality,CatBoost,full minus periodic seasonality encodings,Central Asia,2021-2025,45961,2503,0.1343710860619073,0.600079904115062,0.2195745925005482,0.002939219676848661,0.15673435638012506,0.000332972651043077,0.0,0.0,0.4920829446562272
CatBoost no sine/cos seasonality,ablation_no_periodic_seasonality,CatBoost,full minus periodic seasonality encodings,Europe,2021-2025,52062,2848,0.22818944029005211,0.3535814606741573,0.2773722627737226,0.002112029409610323,0.20493888954481776,0.0021147151063970857,0.0,0.0,0.4920829446562272
CatBoost no Gaussian-smoothed anthropogenic rasters,ablation_no_gaussian_smoothing,CatBoost,full minus Gaussian road/light/population rasters,Global,2021,87238,24772,0.5052173722018409,0.9283868884224123,0.6543468055140625,0.00047055150388354344,0.6653825220140259,0.006231235405809923,0.004088214291221748,0.0025238291546495484,0.4805431956270541
CatBoost no Gaussian-smoothed anthropogenic rasters,ablation_no_gaussian_smoothing,CatBoost,full minus Gaussian road/light/population rasters,Eastern Siberia,2021,44639,19789,0.5786643693185194,0.9843347314164435,0.7288544648369535,0.0005854411458110072,0.7195828735693435,0.001868106773706797,0.001956876575815003,0.0018520076406052244,0.4805431956270541
CatBoost no Gaussian-smoothed anthropogenic rasters,ablation_no_gaussian_smoothing,CatBoost,full minus Gaussian road/light/population rasters,Far East,2021,2141,270,0.3280757097791798,0.7703703703703704,0.46017699115044247,0.019918477577668906,0.43458016071322725,0.0552461146284076,0.005514797375991698,-0.005295786722419926,0.4805431956270541
CatBoost no Gaussian-smoothed anthropogenic rasters,ablation_no_gaussian_smoothing,CatBoost,full minus Gaussian road/light/population rasters,Central Asia,2021,10197,903,0.17283298097251584,0.7242524916943521,0.27906976744186046,0.0026800562287171378,0.20670131690296156,0.010527033101768741,-0.003176300562734602,-0.0009876857042413756,0.4805431956270541
CatBoost no Gaussian-smoothed anthropogenic rasters,ablation_no_gaussian_smoothing,CatBoost,full minus Gaussian road/light/population rasters,Europe,2021,11926,847,0.30507343124165553,0.5395513577331759,0.38976545842217486,0.01583798440787867,0.27956900031210086,0.004405265823502151,-0.05296712162383804,-0.01532068970855005,0.4805431956270541
CatBoost no Gaussian-smoothed anthropogenic rasters,ablation_no_gaussian_smoothing,CatBoost,full minus Gaussian road/light/population rasters,Global,2022,58312,4923,0.2255109765329296,0.6051188299817185,0.3285722164010368,0.003510768959623246,0.2530483837113629,0.006538817370223471,0.006616189396064676,0.003998001312886856,0.4805431956270541
CatBoost no Gaussian-smoothed anthropogenic rasters,ablation_no_gaussian_smoothing,CatBoost,full minus Gaussian road/light/population rasters,Eastern Siberia,2022,18946,1456,0.16842680262199564,0.6353021978021978,0.2662636729994243,0.0080229150057886,0.2230592262482213,0.004473308049809116,0.0061625762480170265,0.0011973832347134394,0.4805431956270541
CatBoost no Gaussian-smoothed anthropogenic rasters,ablation_no_gaussian_smoothing,CatBoost,full minus Gaussian road/light/population rasters,Far East,2022,2076,192,0.2505307855626327,0.6145833333333334,0.3559577677224736,0.018345677249778654,0.309539854563258,0.03648738582095895,0.002532798315262208,-0.016502173113477903,0.4805431956270541
CatBoost no Gaussian-smoothed anthropogenic rasters,ablation_no_gaussian_smoothing,CatBoost,full minus Gaussian road/light/population rasters,Central Asia,2022,9862,698,0.15022330491270808,0.5300859598853869,0.2341031319202784,0.01702477650646696,0.16332937458996552,0.015797897285095442,0.008094968486777238,0.008107075893083904,0.4805431956270541
CatBoost no Gaussian-smoothed anthropogenic rasters,ablation_no_gaussian_smoothing,CatBoost,full minus Gaussian road/light/population rasters,Europe,2022,10330,382,0.15376226826608505,0.36910994764397903,0.21709006928406466,0.0218973019305642,0.15003809396658202,0.026084332579426016,-0.010005600619214516,0.0027985443134992127,0.4805431956270541
CatBoost no Gaussian-smoothed anthropogenic rasters,ablation_no_gaussian_smoothing,CatBoost,full minus Gaussian road/light/population rasters,Global,2023,60888,6898,0.2885680882427693,0.8229921716439548,0.42730796733280646,0.0020034668040819882,0.40570226783686786,1.4830927425580211e-05,0.006460103063170908,0.0020511337194386026,0.4805431956270541
CatBoost no Gaussian-smoothed anthropogenic rasters,ablation_no_gaussian_smoothing,CatBoost,full minus Gaussian road/light/population rasters,Eastern Siberia,2023,18853,1391,0.1577022083728492,0.8368080517613228,0.265389876880985,0.00035566336149207676,0.32065501979688216,0.003987824850444833,0.00678137694164499,0.005398530812615154,0.4805431956270541
CatBoost no Gaussian-smoothed anthropogenic rasters,ablation_no_gaussian_smoothing,CatBoost,full minus Gaussian road/light/population rasters,Far East,2023,2267,333,0.35302197802197804,0.7717717717717718,0.48444863336475025,0.01594977701924543,0.3610821222863789,0.008325823656298994,0.009283285632356808,-0.003308500488488242,0.4805431956270541
CatBoost no Gaussian-smoothed anthropogenic rasters,ablation_no_gaussian_smoothing,CatBoost,full minus Gaussian road/light/population rasters,Central Asia,2023,9281,411,0.1195729537366548,0.8175182481751825,0.20863085998137224,0.0014709621682198661,0.15192047845197565,0.010117908156866737,0.01411635567843203,0.001923769335104547,0.4805431956270541
CatBoost no Gaussian-smoothed anthropogenic rasters,ablation_no_gaussian_smoothing,CatBoost,full minus Gaussian road/light/population rasters,Europe,2023,10456,494,0.24363636363636362,0.5425101214574899,0.33626097867001253,0.017221772423225718,0.20177280882394416,0.016847284400697302,-0.06577569625155588,-0.011954671309141657,0.4805431956270541
CatBoost no Gaussian-smoothed anthropogenic rasters,ablation_no_gaussian_smoothing,CatBoost,full minus Gaussian road/light/population rasters,Global,2024,65063,9134,0.32674565634805414,0.7638493540617474,0.45770328336668087,0.0007839622873337263,0.43115236070282065,0.00615958116063165,0.011382328314723078,0.004348963448110921,0.4805431956270541
CatBoost no Gaussian-smoothed anthropogenic rasters,ablation_no_gaussian_smoothing,CatBoost,full minus Gaussian road/light/population rasters,Eastern Siberia,2024,26660,6189,0.3653886444584119,0.8453708191953466,0.5102399063779989,0.001334988613257572,0.4821390043845903,0.0036569071276174752,0.006164097983186623,-0.003822783468879487,0.4805431956270541
CatBoost no Gaussian-smoothed anthropogenic rasters,ablation_no_gaussian_smoothing,CatBoost,full minus Gaussian road/light/population rasters,Far East,2024,2229,298,0.244228432563791,0.674496644295302,0.3586083853702052,0.02712348051003137,0.2947095034360606,0.0037403381525548222,0.0014662414954664804,0.00816589128970946,0.4805431956270541
CatBoost no Gaussian-smoothed anthropogenic rasters,ablation_no_gaussian_smoothing,CatBoost,full minus Gaussian road/light/population rasters,Central Asia,2024,9003,187,0.0590851334180432,0.49732620320855614,0.10562180579216354,0.01648237415572852,0.08277355307695192,0.015097779198980645,-0.0006384170878446088,0.0031228153286070315,0.4805431956270541
CatBoost no Gaussian-smoothed anthropogenic rasters,ablation_no_gaussian_smoothing,CatBoost,full minus Gaussian road/light/population rasters,Europe,2024,10472,493,0.18959731543624161,0.45841784989858014,0.26824925816023737,0.006289434988724949,0.16988123571111396,0.0025787313292012374,-0.03656747169826946,0.0011778787722741546,0.4805431956270541
CatBoost no Gaussian-smoothed anthropogenic rasters,ablation_no_gaussian_smoothing,CatBoost,full minus Gaussian road/light/population rasters,Global,2025,49672,3787,0.25928388260993446,0.7208872458410351,0.38139145012573344,0.004885005956140263,0.4217539567970384,0.002658657384487483,0.008459119485155764,0.0022444386850987708,0.4805431956270541
CatBoost no Gaussian-smoothed anthropogenic rasters,ablation_no_gaussian_smoothing,CatBoost,full minus Gaussian road/light/population rasters,Eastern Siberia,2025,19162,2442,0.3276995305164319,0.8574938574938575,0.4741847826086957,0.003588043876067843,0.5311975058613418,0.0009901235932992004,0.013443602078512529,0.0039404642345254315,0.4805431956270541
CatBoost no Gaussian-smoothed anthropogenic rasters,ablation_no_gaussian_smoothing,CatBoost,full minus Gaussian road/light/population rasters,Far East,2025,1744,137,0.31451612903225806,0.5693430656934306,0.4051948051948052,0.032396839917517455,0.3883178928280452,0.09736981752744413,-0.014820473644003074,0.023379533685670473,0.4805431956270541
CatBoost no Gaussian-smoothed anthropogenic rasters,ablation_no_gaussian_smoothing,CatBoost,full minus Gaussian road/light/population rasters,Central Asia,2025,7618,304,0.07909930715935334,0.4506578947368421,0.13457760314341846,0.00686038747043382,0.08368236981939277,0.0033481059360488466,0.004311285745470433,-0.0008257562368381016,0.4805431956270541
CatBoost no Gaussian-smoothed anthropogenic rasters,ablation_no_gaussian_smoothing,CatBoost,full minus Gaussian road/light/population rasters,Europe,2025,8878,632,0.24893797790994052,0.46360759493670883,0.32393587617468217,0.010908369792142414,0.24256808081737447,0.016256214998544263,-0.022512849007799873,-0.008371155062925906,0.4805431956270541
CatBoost no Gaussian-smoothed anthropogenic rasters,ablation_no_gaussian_smoothing,CatBoost,full minus Gaussian road/light/population rasters,Global,2021-2023,206438,36593,0.40372940156114484,0.8650288306506709,0.5505187091837178,0.0033920393592993853,0.5783755458218588,0.002581693189387523,0.006729985128590132,0.003168148265963233,0.4805431956270541
CatBoost no Gaussian-smoothed anthropogenic rasters,ablation_no_gaussian_smoothing,CatBoost,full minus Gaussian road/light/population rasters,Eastern Siberia,2021-2023,82438,22636,0.4634791017513699,0.9528185191729988,0.6236139422590392,0.00025587260417188985,0.6670379896996329,0.0025029688549722613,0.005246891563626677,0.003581129880068201,0.4805431956270541
CatBoost no Gaussian-smoothed anthropogenic rasters,ablation_no_gaussian_smoothing,CatBoost,full minus Gaussian road/light/population rasters,Far East,2021-2023,6484,795,0.3180578286961266,0.7333333333333333,0.4436834094368341,0.0013917235960148166,0.37051619045282175,0.00562013996521837,0.006745942631862234,-0.005199533754548846,0.4805431956270541
CatBoost no Gaussian-smoothed anthropogenic rasters,ablation_no_gaussian_smoothing,CatBoost,full minus Gaussian road/light/population rasters,Central Asia,2021-2023,29340,2012,0.15016009716241582,0.6759443339960238,0.24573132170927817,0.0006092833453431677,0.17693503732815524,0.005319365790673079,0.005239175185131756,0.0023148076461479705,0.4805431956270541
CatBoost no Gaussian-smoothed anthropogenic rasters,ablation_no_gaussian_smoothing,CatBoost,full minus Gaussian road/light/population rasters,Europe,2021-2023,32712,1723,0.24637268847795163,0.5026117237376668,0.33066055746468115,0.0038154936532378107,0.21738349429144432,0.002744815147203751,-0.046681108609006206,-0.008413242435991314,0.4805431956270541
CatBoost no Gaussian-smoothed anthropogenic rasters,ablation_no_gaussian_smoothing,CatBoost,full minus Gaussian road/light/population rasters,Global,2021-2025,321173,49514,0.3750340025025842,0.835339499939411,0.5176595744680851,0.007359094631355864,0.5428270136200537,0.0005978004631060078,0.00813215200642059,0.0034518969424762735,0.4805431956270541
CatBoost no Gaussian-smoothed anthropogenic rasters,ablation_no_gaussian_smoothing,CatBoost,full minus Gaussian road/light/population rasters,Eastern Siberia,2021-2025,128260,31267,0.4296888941764321,0.9241052867240221,0.5866146927754261,0.0014305181308794182,0.6276473050692424,0.0017184063667020299,0.006328135461519779,0.0025568696832238835,0.4805431956270541
CatBoost no Gaussian-smoothed anthropogenic rasters,ablation_no_gaussian_smoothing,CatBoost,full minus Gaussian road/light/population rasters,Far East,2021-2025,10457,1230,0.296831955922865,0.7008130081300813,0.417029511369134,0.0009852920649338014,0.35000918464596303,0.005661769464069862,0.0036291712655965314,-0.0010000662963725593,0.4805431956270541
CatBoost no Gaussian-smoothed anthropogenic rasters,ablation_no_gaussian_smoothing,CatBoost,full minus Gaussian road/light/population rasters,Central Asia,2021-2025,45961,2503,0.12860956078621694,0.6352377147423093,0.21391093771021122,0.0029754584179732435,0.15432802454983582,0.0026792067746878845,0.0056636547903369805,0.002406331830289238,0.4805431956270541
CatBoost no Gaussian-smoothed anthropogenic rasters,ablation_no_gaussian_smoothing,CatBoost,full minus Gaussian road/light/population rasters,Europe,2021-2025,52062,2848,0.23538409245411285,0.4863061797752809,0.3172240036646816,0.001202933574445458,0.21170025810456564,0.0023078095543037098,-0.039851740890959,-0.006761368559747877,0.4805431956270541
CatBoost static only,ablation_static_only,CatBoost,static non-weather features,Global,2021,87238,24772,0.5035278713963581,0.8383255288228645,0.6291600393849882,0.0012163693959668768,0.611238163449995,0.004158072601991884,0.02927498042029608,0.05666818771868043,0.44845285685006103
CatBoost static only,ablation_static_only,CatBoost,static non-weather features,Eastern Siberia,2021,44639,19789,0.5675218407776548,0.9322856132194653,0.7055471633172075,0.002249116836141281,0.6766241693181938,0.0021752104501391043,0.02526417809556103,0.044810711891754895,0.44845285685006103
CatBoost static only,ablation_static_only,CatBoost,static non-weather features,Far East,2021,2141,270,0.22473246135552913,0.7,0.3402340234023402,0.01549346791157851,0.3228716497134366,0.047906615846603155,0.12545776512409396,0.1064127242773707,0.44845285685006103
CatBoost static only,ablation_static_only,CatBoost,static non-weather features,Central Asia,2021,10197,903,0.2193158953722334,0.48283499446290146,0.30162573503977863,0.005276277511150624,0.24914956493752718,0.019733387720792143,-0.02573226816065277,-0.043435933738807,0.44845285685006103
CatBoost static only,ablation_static_only,CatBoost,static non-weather features,Europe,2021,11926,847,0.2141119221411192,0.2077922077922078,0.21090473337327742,0.005439367889141181,0.1531262673763577,0.0035293747122889726,0.1258936034250594,0.1111220432271931,0.44845285685006103
CatBoost static only,ablation_static_only,CatBoost,static non-weather features,Global,2022,58312,4923,0.16376554174067495,0.46821044078813734,0.24265712180229498,0.003987490104526308,0.19783269583163576,0.0013071672605369038,0.09253128399480648,0.059213689192613994,0.44845285685006103
CatBoost static only,ablation_static_only,CatBoost,static non-weather features,Eastern Siberia,2022,18946,1456,0.117574931880109,0.5927197802197802,0.19622555707139608,0.004596674806373858,0.21863527346459996,0.0015343790834442834,0.07620069217604522,0.005621336018334783,0.44845285685006103
CatBoost static only,ablation_static_only,CatBoost,static non-weather features,Far East,2022,2076,192,0.17391304347826086,0.75,0.2823529411764706,0.0034353196791230716,0.2030898861571048,0.009692932751571041,0.07613762486126524,0.0899477952926753,0.44845285685006103
CatBoost static only,ablation_static_only,CatBoost,static non-weather features,Central Asia,2022,9862,698,0.1701863354037267,0.39255014326647564,0.23743500866551126,0.010789933925276187,0.18004251979107533,0.021127527669585332,0.0047630917415443785,-0.008606069308025904,0.44845285685006103
CatBoost static only,ablation_static_only,CatBoost,static non-weather features,Europe,2022,10330,382,0.2020618556701031,0.25654450261780104,0.22606689734717417,0.04410146179920065,0.15415637768340532,0.03370059344409581,-0.018982428682324026,-0.0013197394033240828,0.44845285685006103
CatBoost static only,ablation_static_only,CatBoost,static non-weather features,Global,2023,60888,6898,0.24459562563580875,0.5576978834444767,0.3400512684522231,0.0046849598994623725,0.3265493796814285,0.007762668171754331,0.09371680194375426,0.08120402187487796,0.44845285685006103
CatBoost static only,ablation_static_only,CatBoost,static non-weather features,Eastern Siberia,2023,18853,1391,0.13590033975084936,0.6901509705248023,0.22708456534594915,0.0018578738235386003,0.27962035817443154,0.011279508900866875,0.04508668847668082,0.04643319243506577,0.44845285685006103
CatBoost static only,ablation_static_only,CatBoost,static non-weather features,Far East,2023,2267,333,0.255663430420712,0.7117117117117117,0.3761904761904762,0.008346108748407615,0.25442647698337506,0.0032558751118618103,0.11754144280663087,0.10334714481451562,0.44845285685006103
CatBoost static only,ablation_static_only,CatBoost,static non-weather features,Central Asia,2023,9281,411,0.1633259094283593,0.5352798053527981,0.2502844141069397,0.006435248590305522,0.16543176892241485,0.012634638933442351,-0.027537198447135425,-0.01158752113533465,0.44845285685006103
CatBoost static only,ablation_static_only,CatBoost,static non-weather features,Europe,2023,10456,494,0.22134387351778656,0.22672064777327935,0.224,0.0036797887439985535,0.14634194565619718,0.0026749802007452915,0.04648528241845665,0.04347619185860532,0.44845285685006103
CatBoost static only,ablation_static_only,CatBoost,static non-weather features,Global,2024,65063,9134,0.2809872817417547,0.5708342456754981,0.37659804983748646,0.006547699698611921,0.3219399711131751,0.001101924212555853,0.09248756184391749,0.11356135303775644,0.44845285685006103
CatBoost static only,ablation_static_only,CatBoost,static non-weather features,Eastern Siberia,2024,26660,6189,0.3307497505947356,0.6963968330909679,0.44849115504682624,0.0022840605963255567,0.3937070382344834,0.0007919382361714289,0.06791284931435926,0.08460918268122741,0.44845285685006103
CatBoost static only,ablation_static_only,CatBoost,static non-weather features,Far East,2024,2229,298,0.22398414271555997,0.7583892617449665,0.3458301453710788,0.015240108438769811,0.2425946342839892,0.005729709258515178,0.014244481494592842,0.06028076044178088,0.44845285685006103
CatBoost static only,ablation_static_only,CatBoost,static non-weather features,Central Asia,2024,9003,187,0.060459492140266025,0.26737967914438504,0.09861932938856016,0.003270803669440645,0.08713829219562108,0.02497925705734548,0.006364059315758772,-0.0012419237900621327,0.44845285685006103
CatBoost static only,ablation_static_only,CatBoost,static non-weather features,Europe,2024,10472,493,0.17697228144989338,0.16835699797160245,0.17255717255717257,0.012393567488841658,0.12378383713169991,0.009211231661244402,0.05912461390479534,0.04727527735168821,0.44845285685006103
CatBoost static only,ablation_static_only,CatBoost,static non-weather features,Global,2025,49672,3787,0.18511809882625707,0.6746765249537893,0.2905224856444369,0.0023963053176709,0.29144084326743425,0.0005528226455345975,0.09932808396645232,0.13255755221470295,0.44845285685006103
CatBoost static only,ablation_static_only,CatBoost,static non-weather features,Eastern Siberia,2025,19162,2442,0.2161164650399836,0.8632268632268633,0.34568711052804196,0.006738081925474886,0.37882444858447917,0.001476560933115266,0.14194127415916624,0.1563135215113881,0.44845285685006103
CatBoost static only,ablation_static_only,CatBoost,static non-weather features,Far East,2025,1744,137,0.1548872180451128,0.7518248175182481,0.256857855361596,0.027721066562590727,0.21749679761099988,0.0492342207328641,0.13351647618920615,0.19420062890271578,0.44845285685006103
CatBoost static only,ablation_static_only,CatBoost,static non-weather features,Central Asia,2025,7618,304,0.1087962962962963,0.3092105263157895,0.16095890410958905,0.021833006505201157,0.10005122243399914,0.013216636813263337,-0.02207001522070015,-0.01719460885144447,0.44845285685006103
CatBoost static only,ablation_static_only,CatBoost,static non-weather features,Europe,2025,8878,632,0.2453416149068323,0.25,0.2476489028213166,0.02555449219736816,0.170580001769862,0.007513738097217228,0.053774124345565694,0.06361692398458657,0.44845285685006103
CatBoost static only,ablation_static_only,CatBoost,static non-weather features,Global,2021-2023,206438,36593,0.3788953635672663,0.7356324980187467,0.5001718707903269,0.0013958363307713492,0.498463375511795,0.0025674852901753295,0.05707682352198107,0.08308031857602705,0.44845285685006103
CatBoost static only,ablation_static_only,CatBoost,static non-weather features,Eastern Siberia,2021-2023,82438,22636,0.4321282401091405,0.8955645873829299,0.5829642836602059,0.0013136535927480565,0.5982727294302039,0.00133359611215725,0.04589655016245997,0.07234639014949718,0.44845285685006103
CatBoost static only,ablation_static_only,CatBoost,static non-weather features,Far East,2021-2023,6484,795,0.21956856702619415,0.7169811320754716,0.3361840165143026,0.0017460559920814884,0.2509330721097444,0.004641439898345832,0.11424533555439376,0.11438358458852849,0.44845285685006103
CatBoost static only,ablation_static_only,CatBoost,static non-weather features,Central Asia,2021-2023,29340,2012,0.18806875631951467,0.46222664015904574,0.26735661923242776,0.008485066682318798,0.20254005165353223,0.020113803588561713,-0.01638612233801784,-0.023290206679229014,0.44845285685006103
CatBoost static only,ablation_static_only,CatBoost,static non-weather features,Europe,2021-2023,32712,1723,0.21290678433535576,0.2240278583865351,0.21832579185520362,0.01374022902708437,0.1466676214947989,0.0010603525173193548,0.06565365700047132,0.062302630360654115,0.44845285685006103
CatBoost static only,ablation_static_only,CatBoost,static non-weather features,Global,2021-2025,321173,49514,0.3354609106030714,0.7005695358888395,0.45368105782183915,0.000964399045547961,0.4475095859880401,0.004592434825434821,0.07211066865266652,0.09876932457448989,0.44845285685006103
CatBoost static only,ablation_static_only,CatBoost,static non-weather features,Eastern Siberia,2021-2025,128260,31267,0.3829433117637775,0.853615633095596,0.528703300186205,0.0015847526738737817,0.5409341884909721,0.0015712727976180513,0.06423952805074085,0.08926998626149418,0.44845285685006103
CatBoost static only,ablation_static_only,CatBoost,static non-weather features,Far East,2021-2025,10457,1230,0.21053864168618266,0.7308943089430894,0.3269090909090909,0.005473808946646001,0.23839487321822866,0.0013930197042509704,0.09374959172563962,0.11061424513136181,0.44845285685006103
CatBoost static only,ablation_static_only,CatBoost,static non-weather features,Central Asia,2021-2025,45961,2503,0.16184448462929477,0.42908509788254096,0.23503665608928767,0.0021815605944388184,0.17538467827801327,0.005988918165936759,-0.015462063588739472,-0.018650321897888206,0.44845285685006103
CatBoost static only,ablation_static_only,CatBoost,static non-weather features,Europe,2021-2025,52062,2848,0.21428571428571427,0.22015449438202248,0.2171804641496363,0.0026311734312473994,0.1467165533129345,0.004411611046055134,0.06019179862408633,0.05822233623188325,0.44845285685006103
CatBoost dynamic weather+FWI only,ablation_dynamic_weather_fwi_only,CatBoost,meteorology plus fire-weather variables,Global,2021,87238,24772,0.41167445190766816,0.9748102696592927,0.578880498621599,0.0009968053338051026,0.6212787369421915,0.00273545037776666,0.07955452118368533,0.04662761422648398,0.41254350851141697
CatBoost dynamic weather+FWI only,ablation_dynamic_weather_fwi_only,CatBoost,meteorology plus fire-weather variables,Eastern Siberia,2021,44639,19789,0.5271762435677531,0.9939865581888928,0.6889546592879284,0.0005971963030596858,0.6761090212462292,0.002531853691330567,0.04185668212484006,0.04532585996371952,0.41254350851141697
CatBoost dynamic weather+FWI only,ablation_dynamic_weather_fwi_only,CatBoost,meteorology plus fire-weather variables,Far East,2021,2141,270,0.21621621621621623,0.7703703703703704,0.33766233766233766,0.005672722134723943,0.3202362857485656,0.012153502979822702,0.1280294508640965,0.10904808824224171,0.41254350851141697
CatBoost dynamic weather+FWI only,ablation_dynamic_weather_fwi_only,CatBoost,meteorology plus fire-weather variables,Central Asia,2021,10197,903,0.11809045226130653,0.9368770764119602,0.2097433990330978,0.002789579289164062,0.13689783531273758,0.0011589191605121778,0.06615006784602806,0.0688157958859826,0.41254350851141697
CatBoost dynamic weather+FWI only,ablation_dynamic_weather_fwi_only,CatBoost,meteorology plus fire-weather variables,Europe,2021,11926,847,0.17160194174757282,0.8347107438016529,0.28467888061203944,0.0006901028482940864,0.25677817216039506,0.0017078757563659464,0.052119456186297375,0.007470138443155749,0.41254350851141697
CatBoost dynamic weather+FWI only,ablation_dynamic_weather_fwi_only,CatBoost,meteorology plus fire-weather variables,Global,2022,58312,4923,0.15647833898981833,0.7960593134267723,0.2615456486919381,0.004533479646130342,0.19463396215054374,0.007061568708078162,0.07364275710516338,0.06241242287370602,0.41254350851141697
CatBoost dynamic weather+FWI only,ablation_dynamic_weather_fwi_only,CatBoost,meteorology plus fire-weather variables,Eastern Siberia,2022,18946,1456,0.144949715784871,0.9107142857142857,0.25009430403621274,0.001960912716834095,0.1441321590006204,0.001705489556415637,0.022331945211228554,0.08012445048231434,0.41254350851141697
CatBoost dynamic weather+FWI only,ablation_dynamic_weather_fwi_only,CatBoost,meteorology plus fire-weather variables,Far East,2022,2076,192,0.18246445497630331,0.8020833333333334,0.2972972972972973,0.01113185612693494,0.2789623422192141,0.004062838518485782,0.06119326874043851,0.014075339230565975,0.41254350851141697
CatBoost dynamic weather+FWI only,ablation_dynamic_weather_fwi_only,CatBoost,meteorology plus fire-weather variables,Central Asia,2022,9862,698,0.09584335279972518,0.7994269340974212,0.17116564417177915,0.0020267204735922783,0.09154572727674828,0.004835716582921444,0.07103245623527649,0.07989072320630114,0.41254350851141697
CatBoost dynamic weather+FWI only,ablation_dynamic_weather_fwi_only,CatBoost,meteorology plus fire-weather variables,Europe,2022,10330,382,0.08200455580865604,0.6596858638743456,0.1458755426917511,0.0002524112367645412,0.09305172512232905,0.0033615552284629274,0.06120892597309904,0.05978491315775218,0.41254350851141697
CatBoost dynamic weather+FWI only,ablation_dynamic_weather_fwi_only,CatBoost,meteorology plus fire-weather variables,Global,2023,60888,6898,0.19227499089031944,0.9179472310814729,0.31795129299522973,0.0017431660856337358,0.2995186032796263,0.014443565302596507,0.11581677740074764,0.10823479827668014,0.41254350851141697
CatBoost dynamic weather+FWI only,ablation_dynamic_weather_fwi_only,CatBoost,meteorology plus fire-weather variables,Eastern Siberia,2023,18853,1391,0.1112715535547439,0.9417685118619699,0.19902765116985718,0.0021616906149711864,0.17770699039996,0.0014992270566173895,0.07314360265277278,0.14834656020953732,0.41254350851141697
CatBoost dynamic weather+FWI only,ablation_dynamic_weather_fwi_only,CatBoost,meteorology plus fire-weather variables,Far East,2023,2267,333,0.2721280602636535,0.8678678678678678,0.414336917562724,0.007648791011511003,0.368074252225558,0.006338397701665828,0.07939500143438305,-0.010300630427667323,0.41254350851141697
CatBoost dynamic weather+FWI only,ablation_dynamic_weather_fwi_only,CatBoost,meteorology plus fire-weather variables,Central Asia,2023,9281,411,0.057719054242002785,0.8077858880778589,0.10773973714100275,0.0029889319525264013,0.09039889813628989,0.0006482573400134661,0.11500747851880151,0.06344534965079031,0.41254350851141697
CatBoost dynamic weather+FWI only,ablation_dynamic_weather_fwi_only,CatBoost,meteorology plus fire-weather variables,Europe,2023,10456,494,0.10745891276864729,0.6882591093117408,0.1858939311098961,0.009716686316624668,0.15620425075010236,0.010044642755324223,0.08459135130856055,0.033613886764700146,0.41254350851141697
CatBoost dynamic weather+FWI only,ablation_dynamic_weather_fwi_only,CatBoost,meteorology plus fire-weather variables,Global,2024,65063,9134,0.24500257746720888,0.9366104663893147,0.3884046127304095,0.0015654720246145724,0.391374544094525,0.0025449137114771795,0.08068099895099445,0.04412678005640658,0.41254350851141697
CatBoost dynamic weather+FWI only,ablation_dynamic_weather_fwi_only,CatBoost,meteorology plus fire-weather variables,Eastern Siberia,2024,26660,6189,0.31269697131563484,0.9458717078687995,0.4700120433560819,4.263715036709041e-05,0.4159520354503851,0.0025597326412352605,0.04639196100510362,0.06236418546532568,0.41254350851141697
CatBoost dynamic weather+FWI only,ablation_dynamic_weather_fwi_only,CatBoost,meteorology plus fire-weather variables,Far East,2024,2229,298,0.18557607739665788,0.7080536912751678,0.2940766550522648,0.022771256043120074,0.2505469891644148,0.007799497878818864,0.06599797181340683,0.05232840556135526,0.41254350851141697
CatBoost dynamic weather+FWI only,ablation_dynamic_weather_fwi_only,CatBoost,meteorology plus fire-weather variables,Central Asia,2024,9003,187,0.031650806785271,0.8181818181818182,0.06094403505277833,0.002524111019444955,0.04436266565451234,0.014250218596587013,0.0440393536515406,0.041533702751046606,0.41254350851141697
CatBoost dynamic weather+FWI only,ablation_dynamic_weather_fwi_only,CatBoost,meteorology plus fire-weather variables,Europe,2024,10472,493,0.09892235424150318,0.7261663286004056,0.17412451361867703,0.005933418637691145,0.11677819390880768,0.0051549301293500015,0.057557272843290874,0.054280920574580435,0.41254350851141697
CatBoost dynamic weather+FWI only,ablation_dynamic_weather_fwi_only,CatBoost,meteorology plus fire-weather variables,Global,2025,49672,3787,0.15378766276969869,0.8545022445207288,0.260662934471787,0.0009702551221713289,0.3237624578683513,0.0069329541683556765,0.1291876351391022,0.10023593761378591,0.41254350851141697
CatBoost dynamic weather+FWI only,ablation_dynamic_weather_fwi_only,CatBoost,meteorology plus fire-weather variables,Eastern Siberia,2025,19162,2442,0.21731141199226306,0.9201474201474201,0.3515881708652793,0.0021047994340431383,0.5053728526965444,0.0014888214390266637,0.13604021382192888,0.02976511739932286,0.41254350851141697
CatBoost dynamic weather+FWI only,ablation_dynamic_weather_fwi_only,CatBoost,meteorology plus fire-weather variables,Far East,2025,1744,137,0.17123287671232876,0.5474452554744526,0.2608695652173913,0.031116443448080407,0.27313978909854547,0.04565820608828961,0.12950476633341085,0.1385576374151702,0.41254350851141697
CatBoost dynamic weather+FWI only,ablation_dynamic_weather_fwi_only,CatBoost,meteorology plus fire-weather variables,Central Asia,2025,7618,304,0.05551912568306011,0.8355263157894737,0.10411969665915147,0.0010272366810251707,0.051759478701521394,0.0005937162167176248,0.03476919222973743,0.031097134881033273,0.41254350851141697
CatBoost dynamic weather+FWI only,ablation_dynamic_weather_fwi_only,CatBoost,meteorology plus fire-weather variables,Europe,2025,8878,632,0.16989164086687306,0.694620253164557,0.27300995024875624,0.003196875328436324,0.17403127470681914,0.0017832482380821886,0.028413076918126057,0.060165651047629415,0.41254350851141697
CatBoost dynamic weather+FWI only,ablation_dynamic_weather_fwi_only,CatBoost,meteorology plus fire-weather variables,Global,2021-2023,206438,36593,0.29492862348351695,0.9400431776569289,0.4489910460229201,0.005369179211651642,0.5152298169156505,0.004231019074076912,0.10825764828938783,0.06631387717217152,0.41254350851141697
CatBoost dynamic weather+FWI only,ablation_dynamic_weather_fwi_only,CatBoost,meteorology plus fire-weather variables,Eastern Siberia,2021-2023,82438,22636,0.3830474129788951,0.9854214525534547,0.5516576191123916,0.000999099073129674,0.6005242202791551,0.0006318652879507181,0.07720321471027425,0.07009489930054602,0.41254350851141697
CatBoost dynamic weather+FWI only,ablation_dynamic_weather_fwi_only,CatBoost,meteorology plus fire-weather variables,Far East,2021-2023,6484,795,0.22698744769874477,0.8188679245283019,0.35544635544635544,0.0014617691762496964,0.3183907213701207,0.00013509688809657216,0.09498299662234089,0.0469259353281522,0.41254350851141697
CatBoost dynamic weather+FWI only,ablation_dynamic_weather_fwi_only,CatBoost,meteorology plus fire-weather variables,Central Asia,2021-2023,29340,2012,0.09264596008111858,0.8628230616302187,0.16732530120481928,0.0022442759177669844,0.10458052887422496,0.0010346756918236907,0.08364519568959064,0.07466931610007825,0.41254350851141697
CatBoost dynamic weather+FWI only,ablation_dynamic_weather_fwi_only,CatBoost,meteorology plus fire-weather variables,Europe,2021-2023,32712,1723,0.12542241961958095,0.7539175856065002,0.21506622516556292,0.001258173987309364,0.16411147099102524,0.0012537144450210438,0.06891322369011202,0.044858780864427766,0.41254350851141697
CatBoost dynamic weather+FWI only,ablation_dynamic_weather_fwi_only,CatBoost,meteorology plus fire-weather variables,Global,2021-2025,321173,49514,0.26762073061212666,0.9328674718261502,0.41592191221427316,0.0021249673075403965,0.48220962013270774,0.007054716381673686,0.10986981426023251,0.06406929042982223,0.41254350851141697
CatBoost dynamic weather+FWI only,ablation_dynamic_weather_fwi_only,CatBoost,meteorology plus fire-weather variables,Eastern Siberia,2021-2025,128260,31267,0.3483286365615048,0.9724949627402693,0.512934270122553,0.0014460438820754805,0.5649907154698324,0.0016550646940409707,0.08000855811439289,0.06521345928263389,0.41254350851141697
CatBoost dynamic weather+FWI only,ablation_dynamic_weather_fwi_only,CatBoost,meteorology plus fire-weather variables,Far East,2021-2025,10457,1230,0.21089354040063021,0.7617886178861789,0.33033668253128856,0.0027383428751398507,0.29171372189096745,0.006899450092884559,0.09032200010344199,0.05729539645862303,0.41254350851141697
CatBoost dynamic weather+FWI only,ablation_dynamic_weather_fwi_only,CatBoost,meteorology plus fire-weather variables,Central Asia,2021-2025,45961,2503,0.07613600028422211,0.8561725928885338,0.139836867862969,0.0010337815194849532,0.08600611580265748,0.003071591246195524,0.0797377246375792,0.07072824057746759,0.41254350851141697
CatBoost dynamic weather+FWI only,ablation_dynamic_weather_fwi_only,CatBoost,meteorology plus fire-weather variables,Europe,2021-2025,52062,2848,0.12657004830917876,0.7359550561797753,0.2159934047815334,0.0015275146509090647,0.15283672471405546,0.002354389099456462,0.06137885799218923,0.0521021648307623,0.41254350851141697
