experiment,model,feature_set,region,region_display,period,support,positives,negatives,positive_rate,predicted_positives,precision,recall,f1,f1_error,average_precision,average_precision_error,roc_auc,brier_score,threshold,validation_threshold,evaluation_type,is_primary,train_rows,architecture,source_metrics
FT-Transformer (global full),Neural,global full NN features,global,Global,2021,87238,24772,62466,0.2839588253,49448,0.4495834007,0.8974245115,0.5990568580000001,0.0017708814,0.5813307729,0.0022413396,0.8086770099,0.162284394,0.1592247635,0.1592247635,legacy_sampled_case_control,False,1185561,ft_transformer,outputs/nn_global_full_ft_transformer/metrics.json
FT-Transformer (global full),Neural,global full NN features,eastern_siberia,Eastern Siberia,2021,44639,19789,24850,0.4433119021,32430,0.5534998458,0.9070695841,0.6874892281,0.0010863461,0.6485319458000001,0.0037509842,0.7407756347000001,0.2164616786,0.1592247635,0.1592247635,legacy_sampled_case_control,False,1185561,ft_transformer,outputs/nn_global_full_ft_transformer/metrics.json
FT-Transformer (global full),Neural,global full NN features,far_east,Far East,2021,2141,270,1871,0.1261092947,1161,0.21791559,0.937037037,0.3535988819,0.0051840453,0.4490800664,0.0234694444,0.8619811153,0.1322626851,0.1592247635,0.1592247635,legacy_sampled_case_control,False,1185561,ft_transformer,outputs/nn_global_full_ft_transformer/metrics.json
FT-Transformer (global full),Neural,global full NN features,central_asia,Central Asia,2021,10197,903,9294,0.0885554575,4814,0.1645201496,0.8770764120000001,0.2770683925,0.0030132219,0.3086999133,0.0145568559,0.8089548479,0.1003808658,0.1592247635,0.1592247635,legacy_sampled_case_control,False,1185561,ft_transformer,outputs/nn_global_full_ft_transformer/metrics.json
FT-Transformer (global full),Neural,global full NN features,europe,Europe,2021,11926,847,11079,0.071021298,3715,0.2067294751,0.906729634,0.3366944323,0.0025796679,0.270594057,0.0117183745,0.8693229573,0.0685957329,0.1592247635,0.1592247635,legacy_sampled_case_control,False,1185561,ft_transformer,outputs/nn_global_full_ft_transformer/metrics.json
FT-Transformer (global full),Neural,global full NN features,global,Global,2022,58312,4923,53389,0.0844251612,21356,0.1957295374,0.8490757668000001,0.3181247384,0.001428286,0.2431916761,0.0017948168,0.8214905602,0.0927373187,0.1592247635,0.1592247635,legacy_sampled_case_control,False,1185561,ft_transformer,outputs/nn_global_full_ft_transformer/metrics.json
FT-Transformer (global full),Neural,global full NN features,eastern_siberia,Eastern Siberia,2022,18946,1456,17490,0.0768499947,7264,0.1672632159,0.8344780220000001,0.2786697248,0.0051590523,0.1654444387,0.0056152801,0.7782630106,0.1029527892,0.1592247635,0.1592247635,legacy_sampled_case_control,False,1185561,ft_transformer,outputs/nn_global_full_ft_transformer/metrics.json
FT-Transformer (global full),Neural,global full NN features,far_east,Far East,2022,2076,192,1884,0.0924855491,980,0.1806122449,0.921875,0.3020477816,0.0062167354,0.2484253793,0.0180585609,0.8066005396,0.1218054651,0.1592247635,0.1592247635,legacy_sampled_case_control,False,1185561,ft_transformer,outputs/nn_global_full_ft_transformer/metrics.json
FT-Transformer (global full),Neural,global full NN features,central_asia,Central Asia,2022,9862,698,9164,0.0707767187,4367,0.1449507671,0.9068767908,0.2499506417,0.0035275796,0.2941063562,0.0114571178,0.8364804849,0.0903784025,0.1592247635,0.1592247635,legacy_sampled_case_control,False,1185561,ft_transformer,outputs/nn_global_full_ft_transformer/metrics.json
FT-Transformer (global full),Neural,global full NN features,europe,Europe,2022,10330,382,9948,0.0369796709,2520,0.1285714286,0.8481675393,0.2232942798,0.0041506479,0.3346041672,0.0213956717,0.8978591819,0.0478953437,0.1592247635,0.1592247635,legacy_sampled_case_control,False,1185561,ft_transformer,outputs/nn_global_full_ft_transformer/metrics.json
FT-Transformer (global full),Neural,global full NN features,global,Global,2023,60888,6898,53990,0.113289975,24968,0.2324575457,0.8414033053000001,0.3642754033,0.0019872641,0.2975883401,0.0031040525,0.8108113846,0.1107614088,0.1592247635,0.1592247635,legacy_sampled_case_control,False,1185561,ft_transformer,outputs/nn_global_full_ft_transformer/metrics.json
FT-Transformer (global full),Neural,global full NN features,eastern_siberia,Eastern Siberia,2023,18853,1391,17462,0.0737813611,8664,0.1352723915,0.8425593098,0.2331178518,0.0028685926,0.2260601609,0.0081683702,0.7857527707,0.1199016156,0.1592247635,0.1592247635,legacy_sampled_case_control,False,1185561,ft_transformer,outputs/nn_global_full_ft_transformer/metrics.json
FT-Transformer (global full),Neural,global full NN features,far_east,Far East,2023,2267,333,1934,0.1468901632,1283,0.250974279,0.966966967,0.3985148515,0.0021492591,0.4274827745,0.0111830332,0.8507302546000001,0.1265135473,0.1592247635,0.1592247635,legacy_sampled_case_control,False,1185561,ft_transformer,outputs/nn_global_full_ft_transformer/metrics.json
FT-Transformer (global full),Neural,global full NN features,central_asia,Central Asia,2023,9281,411,8870,0.0442840211,3713,0.0894155669,0.8077858881000001,0.1610087294,0.0039938187,0.2993957474,0.0143474117,0.8191520119,0.0752371317,0.1592247635,0.1592247635,legacy_sampled_case_control,False,1185561,ft_transformer,outputs/nn_global_full_ft_transformer/metrics.json
FT-Transformer (global full),Neural,global full NN features,europe,Europe,2023,10456,494,9962,0.0472456006,2485,0.1826961771,0.9190283401,0.3048002685,0.0057696239,0.3697553146,0.025249671,0.9104038667,0.0487393731,0.1592247635,0.1592247635,legacy_sampled_case_control,False,1185561,ft_transformer,outputs/nn_global_full_ft_transformer/metrics.json
FT-Transformer (global full),Neural,global full NN features,global,Global,2024,65063,9134,55929,0.1403870095,24318,0.238958796,0.6361944384,0.3474231735,0.0042946738,0.2982159369,0.0049650273,0.7375163443,0.1322569583,0.1592247635,0.1592247635,legacy_sampled_case_control,False,1185561,ft_transformer,outputs/nn_global_full_ft_transformer/metrics.json
FT-Transformer (global full),Neural,global full NN features,eastern_siberia,Eastern Siberia,2024,26660,6189,20471,0.2321455364,13283,0.3144620944,0.6749070932,0.4290262942,0.002377071,0.3671164155,0.0077544277,0.6814610644,0.1939420336,0.1592247635,0.1592247635,legacy_sampled_case_control,False,1185561,ft_transformer,outputs/nn_global_full_ft_transformer/metrics.json
FT-Transformer (global full),Neural,global full NN features,far_east,Far East,2024,2229,298,1931,0.1336922387,1221,0.2211302211,0.9060402685,0.3554970375,0.0089047565,0.4297890046,0.0376744814,0.8371310202000001,0.1303885359,0.1592247635,0.1592247635,legacy_sampled_case_control,False,1185561,ft_transformer,outputs/nn_global_full_ft_transformer/metrics.json
FT-Transformer (global full),Neural,global full NN features,central_asia,Central Asia,2024,9003,187,8816,0.0207708542,3051,0.0530973451,0.8663101604000001,0.1000617665,0.0039634727,0.1981911064,0.031249438,0.8498166921,0.0598553973,0.1592247635,0.1592247635,legacy_sampled_case_control,False,1185561,ft_transformer,outputs/nn_global_full_ft_transformer/metrics.json
FT-Transformer (global full),Neural,global full NN features,europe,Europe,2024,10472,493,9979,0.0470779221,2844,0.1455696203,0.8397565923,0.2481270602,0.0027346023,0.2470446512,0.0108372908,0.8648010721,0.0570424964,0.1592247635,0.1592247635,legacy_sampled_case_control,False,1185561,ft_transformer,outputs/nn_global_full_ft_transformer/metrics.json
FT-Transformer (global full),Neural,global full NN features,global,Global,2025,49672,3787,45885,0.0762401353,17879,0.1799317635,0.8494850805,0.2969629835,0.0011611558,0.2697404896,0.005881158,0.8375513473,0.0843138954,0.1592247635,0.1592247635,legacy_sampled_case_control,False,1185561,ft_transformer,outputs/nn_global_full_ft_transformer/metrics.json
FT-Transformer (global full),Neural,global full NN features,eastern_siberia,Eastern Siberia,2025,19162,2442,16720,0.1274397245,9031,0.2509135201,0.9279279279,0.3950143816,0.0030289222,0.3569448526,0.007097703,0.8309746036000001,0.1140888967,0.1592247635,0.1592247635,legacy_sampled_case_control,False,1185561,ft_transformer,outputs/nn_global_full_ft_transformer/metrics.json
FT-Transformer (global full),Neural,global full NN features,far_east,Far East,2025,1744,137,1607,0.0785550459,687,0.1965065502,0.9854014599,0.3276699029,0.0090008803,0.4842648115,0.0546373364,0.9344155815,0.0707626649,0.1592247635,0.1592247635,legacy_sampled_case_control,False,1185561,ft_transformer,outputs/nn_global_full_ft_transformer/metrics.json
FT-Transformer (global full),Neural,global full NN features,central_asia,Central Asia,2025,7618,304,7314,0.039905487,2853,0.0834209604,0.7828947368,0.1507760532,0.0070089039,0.201461798,0.0265880628,0.8101550019,0.0674483547,0.1592247635,0.1592247635,legacy_sampled_case_control,False,1185561,ft_transformer,outputs/nn_global_full_ft_transformer/metrics.json
FT-Transformer (global full),Neural,global full NN features,europe,Europe,2025,8878,632,8246,0.0711872043,2519,0.1830091306,0.7294303797,0.2926055221,0.0080808167,0.2367029001,0.0193798102,0.8242053301000001,0.0727330878,0.1592247635,0.1592247635,legacy_sampled_case_control,False,1185561,ft_transformer,outputs/nn_global_full_ft_transformer/metrics.json
FT-Transformer (global full),Neural,global full NN features,global,Global,2021-2023,206438,36593,169845,0.1772590318,95772,0.3363717997,0.8803596316000001,0.4867600952,0.0022535832,0.4734057161,0.0091879018,0.8270339314,0.1274431313,0.1592247635,0.1592247635,legacy_sampled_case_control,False,1185561,ft_transformer,outputs/nn_global_full_ft_transformer/metrics.json
FT-Transformer (global full),Neural,global full NN features,eastern_siberia,Eastern Siberia,2021-2023,82438,22636,59802,0.2745821102,48358,0.4205508913,0.8984361195,0.5729216554000001,0.0005533873,0.5536756347,0.0029221404,0.7955801736,0.1682923115,0.1592247635,0.1592247635,legacy_sampled_case_control,False,1185561,ft_transformer,outputs/nn_global_full_ft_transformer/metrics.json
FT-Transformer (global full),Neural,global full NN features,far_east,Far East,2021-2023,6484,795,5689,0.1226095003,3424,0.2196261682,0.9459119497,0.3564825788,0.0026562852,0.3770816038,0.0167992345,0.8413816358,0.1269044982,0.1592247635,0.1592247635,legacy_sampled_case_control,False,1185561,ft_transformer,outputs/nn_global_full_ft_transformer/metrics.json
FT-Transformer (global full),Neural,global full NN features,central_asia,Central Asia,2021-2023,29340,2012,27328,0.0685753238,12894,0.1362649294,0.8732604374,0.2357439957,0.0022805998,0.2962205245,0.0057685944,0.8250955061,0.0890651436,0.1592247635,0.1592247635,legacy_sampled_case_control,False,1185561,ft_transformer,outputs/nn_global_full_ft_transformer/metrics.json
FT-Transformer (global full),Neural,global full NN features,europe,Europe,2021-2023,32712,1723,30989,0.0526718024,8720,0.177293578,0.8972721997,0.2960835009,0.0026024517,0.3075483019,0.0172606965,0.8915325898,0.0557119863,0.1592247635,0.1592247635,legacy_sampled_case_control,False,1185561,ft_transformer,outputs/nn_global_full_ft_transformer/metrics.json
FT-Transformer (global full),Neural,global full NN features,global,Global,2021-2025,321173,49514,271659,0.1541661348,137969,0.2989294697,0.8329563356,0.4399652235,0.0019388807,0.4234355108,0.0039749642,0.8143480561,0.1217480281,0.1592247635,0.1592247635,legacy_sampled_case_control,False,1185561,ft_transformer,outputs/nn_global_full_ft_transformer/metrics.json
FT-Transformer (global full),Neural,global full NN features,eastern_siberia,Eastern Siberia,2021-2025,128260,31267,96993,0.2437782629,70672,0.3789336654,0.8564940672,0.5254122563,0.0013569236,0.5020292125,0.0050924643,0.7802978604,0.1655258664,0.1592247635,0.1592247635,legacy_sampled_case_control,False,1185561,ft_transformer,outputs/nn_global_full_ft_transformer/metrics.json
FT-Transformer (global full),Neural,global full NN features,far_east,Far East,2021-2025,10457,1230,9227,0.1176245577,5332,0.2169917479,0.9406504065,0.3526363913,0.0041001638,0.3927793698,0.0072123381,0.8547410789000001,0.1182839151,0.1592247635,0.1592247635,legacy_sampled_case_control,False,1185561,ft_transformer,outputs/nn_global_full_ft_transformer/metrics.json
FT-Transformer (global full),Neural,global full NN features,central_asia,Central Asia,2021-2025,45961,2503,43458,0.0544592154,18798,0.1147462496,0.8617658809000001,0.202525703,0.0012472095,0.267286085,0.0020722174,0.8312075902,0.0797604713,0.1592247635,0.1592247635,legacy_sampled_case_control,False,1185561,ft_transformer,outputs/nn_global_full_ft_transformer/metrics.json
FT-Transformer (global full),Neural,global full NN features,europe,Europe,2021-2025,52062,2848,49214,0.0547040068,14083,0.1719093943,0.8500702247,0.2859842892,0.0017175221,0.2798939504,0.0059745112,0.8729766159000001,0.0588821765,0.1592247635,0.1592247635,legacy_sampled_case_control,False,1185561,ft_transformer,outputs/nn_global_full_ft_transformer/metrics.json
LSTM attention (global full),Neural,global full NN features,global,Global,2021,87238,24772,62466,0.2839588253,48039,0.4755511147,0.9222105603,0.6275150733,0.0018369849,0.5971716769000001,0.0030067727,0.8370127766000001,0.1494892614,0.2067688853,0.2067688853,legacy_sampled_case_control,False,1185561,lstm_attention,outputs/nn_global_full_lstm_attention/metrics.json
LSTM attention (global full),Neural,global full NN features,eastern_siberia,Eastern Siberia,2021,44639,19789,24850,0.4433119021,32867,0.5698116652,0.9463843549,0.7113339411,0.0011546249,0.6686065976000001,0.0039281234,0.7700232534,0.1924611681,0.2067688853,0.2067688853,legacy_sampled_case_control,False,1185561,lstm_attention,outputs/nn_global_full_lstm_attention/metrics.json
LSTM attention (global full),Neural,global full NN features,far_east,Far East,2021,2141,270,1871,0.1261092947,967,0.2492244054,0.8925925926,0.3896523848,0.0102104645,0.4540607018,0.020406008,0.8576677158,0.1233137568,0.2067688853,0.2067688853,legacy_sampled_case_control,False,1185561,lstm_attention,outputs/nn_global_full_lstm_attention/metrics.json
LSTM attention (global full),Neural,global full NN features,central_asia,Central Asia,2021,10197,903,9294,0.0885554575,4382,0.172752168,0.8383167220000001,0.2864711447,0.0035705981,0.2555854041,0.0128115584,0.7963285474,0.1086382331,0.2067688853,0.2067688853,legacy_sampled_case_control,False,1185561,lstm_attention,outputs/nn_global_full_lstm_attention/metrics.json
LSTM attention (global full),Neural,global full NN features,europe,Europe,2021,11926,847,11079,0.071021298,2586,0.2544470224,0.7768595041,0.3833381882,0.0089238395,0.3348743565,0.0158432659,0.8862446295,0.0609667431,0.2067688853,0.2067688853,legacy_sampled_case_control,False,1185561,lstm_attention,outputs/nn_global_full_lstm_attention/metrics.json
LSTM attention (global full),Neural,global full NN features,global,Global,2022,58312,4923,53389,0.0844251612,18500,0.2061621622,0.7747308552000001,0.3256628101,0.0026783096,0.2203939913,0.0019397145,0.8206263513000001,0.0935454057,0.2067688853,0.2067688853,legacy_sampled_case_control,False,1185561,lstm_attention,outputs/nn_global_full_lstm_attention/metrics.json
LSTM attention (global full),Neural,global full NN features,eastern_siberia,Eastern Siberia,2022,18946,1456,17490,0.0768499947,6554,0.1728715288,0.7781593407,0.2828963795,0.0032099041,0.1531012338,0.0025828603,0.7824029744000001,0.1079891628,0.2067688853,0.2067688853,legacy_sampled_case_control,False,1185561,lstm_attention,outputs/nn_global_full_lstm_attention/metrics.json
LSTM attention (global full),Neural,global full NN features,far_east,Far East,2022,2076,192,1884,0.0924855491,837,0.2126642772,0.9270833333,0.3459669582,0.0138501806,0.2537005171,0.0282436288,0.8314037067000001,0.1037792499,0.2067688853,0.2067688853,legacy_sampled_case_control,False,1185561,lstm_attention,outputs/nn_global_full_lstm_attention/metrics.json
LSTM attention (global full),Neural,global full NN features,central_asia,Central Asia,2022,9862,698,9164,0.0707767187,3996,0.1521521522,0.8710601719000001,0.2590541116,0.00312935,0.2710818711,0.0238402702,0.8181821166000001,0.0964516239,0.2067688853,0.2067688853,legacy_sampled_case_control,False,1185561,lstm_attention,outputs/nn_global_full_lstm_attention/metrics.json
LSTM attention (global full),Neural,global full NN features,europe,Europe,2022,10330,382,9948,0.0369796709,1717,0.1753057659,0.7879581152,0.2868032396,0.0040565367,0.2797295306,0.0185339237,0.899892267,0.041509709,0.2067688853,0.2067688853,legacy_sampled_case_control,False,1185561,lstm_attention,outputs/nn_global_full_lstm_attention/metrics.json
LSTM attention (global full),Neural,global full NN features,global,Global,2023,60888,6898,53990,0.113289975,22422,0.2515386674,0.8176282981,0.3847203274,0.0031250641,0.3224541424,0.0036692566,0.8272789636000001,0.1089119056,0.2067688853,0.2067688853,legacy_sampled_case_control,False,1185561,lstm_attention,outputs/nn_global_full_lstm_attention/metrics.json
LSTM attention (global full),Neural,global full NN features,eastern_siberia,Eastern Siberia,2023,18853,1391,17462,0.0737813611,7709,0.1346478142,0.7462257369,0.2281318681,0.0037695753,0.1803764934,0.0058683347,0.7620744884,0.1258636138,0.2067688853,0.2067688853,legacy_sampled_case_control,False,1185561,lstm_attention,outputs/nn_global_full_lstm_attention/metrics.json
LSTM attention (global full),Neural,global full NN features,far_east,Far East,2023,2267,333,1934,0.1468901632,1141,0.2699386503,0.9249249249,0.4179104478,0.007156435,0.3808240052,0.0123301095,0.8246457419000001,0.1338188695,0.2067688853,0.2067688853,legacy_sampled_case_control,False,1185561,lstm_attention,outputs/nn_global_full_lstm_attention/metrics.json
LSTM attention (global full),Neural,global full NN features,central_asia,Central Asia,2023,9281,411,8870,0.0442840211,3097,0.0994510817,0.7493917275,0.1755986317,0.0045307069,0.276085353,0.0330676717,0.8107058704000001,0.0808389296,0.2067688853,0.2067688853,legacy_sampled_case_control,False,1185561,lstm_attention,outputs/nn_global_full_lstm_attention/metrics.json
LSTM attention (global full),Neural,global full NN features,europe,Europe,2023,10456,494,9962,0.0472456006,1760,0.2409090909,0.8582995951,0.3762200532,0.006862085,0.4308481159,0.0163739208,0.9256252708,0.0410397801,0.2067688853,0.2067688853,legacy_sampled_case_control,False,1185561,lstm_attention,outputs/nn_global_full_lstm_attention/metrics.json
LSTM attention (global full),Neural,global full NN features,global,Global,2024,65063,9134,55929,0.1403870095,22867,0.2718765033,0.6806437486,0.3885503578,0.002745464,0.3294015201,0.0038128961,0.7728746951000001,0.1277600525,0.2067688853,0.2067688853,legacy_sampled_case_control,False,1185561,lstm_attention,outputs/nn_global_full_lstm_attention/metrics.json
LSTM attention (global full),Neural,global full NN features,eastern_siberia,Eastern Siberia,2024,26660,6189,20471,0.2321455364,13280,0.3423945783,0.7346905801,0.467101546,0.0031489515,0.3750804105,0.0059916321,0.7050144923,0.1894672001,0.2067688853,0.2067688853,legacy_sampled_case_control,False,1185561,lstm_attention,outputs/nn_global_full_lstm_attention/metrics.json
LSTM attention (global full),Neural,global full NN features,far_east,Far East,2024,2229,298,1931,0.1336922387,1086,0.2504604052,0.9127516779,0.3930635838,0.0114906266,0.387555355,0.0241521298,0.8457053584,0.1233897085,0.2067688853,0.2067688853,legacy_sampled_case_control,False,1185561,lstm_attention,outputs/nn_global_full_lstm_attention/metrics.json
LSTM attention (global full),Neural,global full NN features,central_asia,Central Asia,2024,9003,187,8816,0.0207708542,2847,0.0561995083,0.8556149733,0.105471325,0.003946846,0.338189104,0.0431480176,0.8864273271,0.0647755792,0.2067688853,0.2067688853,legacy_sampled_case_control,False,1185561,lstm_attention,outputs/nn_global_full_lstm_attention/metrics.json
LSTM attention (global full),Neural,global full NN features,europe,Europe,2024,10472,493,9979,0.0470779221,1940,0.1809278351,0.7119675456,0.2885326757,0.0066835396,0.2638475736,0.0165148145,0.8778522118000001,0.0501702571,0.2067688853,0.2067688853,legacy_sampled_case_control,False,1185561,lstm_attention,outputs/nn_global_full_lstm_attention/metrics.json
LSTM attention (global full),Neural,global full NN features,global,Global,2025,49672,3787,45885,0.0762401353,15285,0.2010467779,0.8114602588000001,0.3222525168,0.0025553641,0.3307038299,0.0051158415,0.8554467016,0.0830377599,0.2067688853,0.2067688853,legacy_sampled_case_control,False,1185561,lstm_attention,outputs/nn_global_full_lstm_attention/metrics.json
LSTM attention (global full),Neural,global full NN features,eastern_siberia,Eastern Siberia,2025,19162,2442,16720,0.1274397245,8205,0.2723948812,0.9152334152,0.4198365737,0.0006500434,0.4201177934,0.0094117047,0.8617071563,0.111768143,0.2067688853,0.2067688853,legacy_sampled_case_control,False,1185561,lstm_attention,outputs/nn_global_full_lstm_attention/metrics.json
LSTM attention (global full),Neural,global full NN features,far_east,Far East,2025,1744,137,1607,0.0785550459,565,0.2265486726,0.9343065693,0.3646723647,0.005714796,0.5371286802,0.0432042426,0.9185452332,0.0705122472,0.2067688853,0.2067688853,legacy_sampled_case_control,False,1185561,lstm_attention,outputs/nn_global_full_lstm_attention/metrics.json
LSTM attention (global full),Neural,global full NN features,central_asia,Central Asia,2025,7618,304,7314,0.039905487,2496,0.0873397436,0.7171052632,0.1557142857,0.0058389365,0.1529665719,0.0118018766,0.7902018299,0.0780421617,0.2067688853,0.2067688853,legacy_sampled_case_control,False,1185561,lstm_attention,outputs/nn_global_full_lstm_attention/metrics.json
LSTM attention (global full),Neural,global full NN features,europe,Europe,2025,8878,632,8246,0.0711872043,1775,0.2276056338,0.6392405063000001,0.3356875779,0.0116163939,0.2503917682,0.0174887006,0.8428369182000001,0.0667870157,0.2067688853,0.2067688853,legacy_sampled_case_control,False,1185561,lstm_attention,outputs/nn_global_full_lstm_attention/metrics.json
LSTM attention (global full),Neural,global full NN features,global,Global,2021-2023,206438,36593,169845,0.1772590318,88961,0.3630692101,0.8826551526,0.5145037195000001,0.00110967,0.4904842319,0.00414613,0.8505387397,0.1217188308,0.2067688853,0.2067688853,legacy_sampled_case_control,False,1185561,lstm_attention,outputs/nn_global_full_lstm_attention/metrics.json
LSTM attention (global full),Neural,global full NN features,eastern_siberia,Eastern Siberia,2021-2023,82438,22636,59802,0.2745821102,47130,0.4434330575,0.9232638275,0.5991170484,0.001460742,0.5700219835,0.0063917277,0.8202183961,0.1578173108,0.2067688853,0.2067688853,legacy_sampled_case_control,False,1185561,lstm_attention,outputs/nn_global_full_lstm_attention/metrics.json
LSTM attention (global full),Neural,global full NN features,far_east,Far East,2021-2023,6484,795,5689,0.1226095003,2945,0.2468590832,0.9144654088,0.3887700535,0.0054593337,0.3788459877,0.0138931028,0.8398084796,0.1207322414,0.2067688853,0.2067688853,legacy_sampled_case_control,False,1185561,lstm_attention,outputs/nn_global_full_lstm_attention/metrics.json
LSTM attention (global full),Neural,global full NN features,central_asia,Central Asia,2021-2023,29340,2012,27328,0.0685753238,11475,0.145795207,0.8315109344,0.2480907541,0.0017200348,0.2634215355,0.0082185599,0.8116109676000001,0.0957483328,0.2067688853,0.2067688853,legacy_sampled_case_control,False,1185561,lstm_attention,outputs/nn_global_full_lstm_attention/metrics.json
LSTM attention (global full),Neural,global full NN features,europe,Europe,2021-2023,32712,1723,30989,0.0526718024,6063,0.2281048986,0.8026697620000001,0.3552530182,0.0034365826,0.3469892452,0.0059899467,0.904069184,0.0484530635,0.2067688853,0.2067688853,legacy_sampled_case_control,False,1185561,lstm_attention,outputs/nn_global_full_lstm_attention/metrics.json
LSTM attention (global full),Neural,global full NN features,global,Global,2021-2025,321173,49514,271659,0.1541661348,127113,0.3271813269,0.8399442582000001,0.4709246038,0.0013183655,0.4464965735,0.002356869,0.8399825372,0.116960317,0.2067688853,0.2067688853,legacy_sampled_case_control,False,1185561,lstm_attention,outputs/nn_global_full_lstm_attention/metrics.json
LSTM attention (global full),Neural,global full NN features,eastern_siberia,Eastern Siberia,2021-2025,128260,31267,96993,0.2437782629,68615,0.4034249071,0.8853103911,0.5542740434,0.000802637,0.5196162065000001,0.0021896781,0.8061257486000001,0.1575162964,0.2067688853,0.2067688853,legacy_sampled_case_control,False,1185561,lstm_attention,outputs/nn_global_full_lstm_attention/metrics.json
LSTM attention (global full),Neural,global full NN features,far_east,Far East,2021-2025,10457,1230,9227,0.1176245577,4596,0.2452132289,0.9162601626,0.3868863714,0.0038564806,0.3890085438,0.0109606976,0.8540750413,0.1129231015,0.2067688853,0.2067688853,legacy_sampled_case_control,False,1185561,lstm_attention,outputs/nn_global_full_lstm_attention/metrics.json
LSTM attention (global full),Neural,global full NN features,central_asia,Central Asia,2021-2025,45961,2503,43458,0.0544592154,16818,0.1219526698,0.8194167,0.2123078516,0.0010488971,0.2473103799,0.0081697384,0.8209585563,0.0867464984,0.2067688853,0.2067688853,legacy_sampled_case_control,False,1185561,lstm_attention,outputs/nn_global_full_lstm_attention/metrics.json
LSTM attention (global full),Neural,global full NN features,europe,Europe,2021-2025,52062,2848,49214,0.0547040068,9778,0.2186541215,0.7507022472,0.3386662443,0.0059188331,0.3095481575,0.011895791,0.8872711861,0.0519249101,0.2067688853,0.2067688853,legacy_sampled_case_control,False,1185561,lstm_attention,outputs/nn_global_full_lstm_attention/metrics.json
LSTM gated MoE (global full),Neural,global full NN features,global,Global,2021,87238,24772,62466,0.2839588253,47296,0.483550406,0.9232197642,0.6346783593,0.0019519085,0.6374250676000001,0.0053181936,0.8472913412,0.146352838,0.2481723875,0.2481723875,legacy_sampled_case_control,False,1185561,lstm_gated_moe,outputs/nn_global_full_lstm_gated_moe/metrics.json
LSTM gated MoE (global full),Neural,global full NN features,eastern_siberia,Eastern Siberia,2021,44639,19789,24850,0.4433119021,32431,0.5798156085,0.9502248724,0.7201838376,0.001219016,0.6918477205,0.0037382851,0.780078244,0.1881064844,0.2481723875,0.2481723875,legacy_sampled_case_control,False,1185561,lstm_gated_moe,outputs/nn_global_full_lstm_gated_moe/metrics.json
LSTM gated MoE (global full),Neural,global full NN features,far_east,Far East,2021,2141,270,1871,0.1261092947,922,0.2689804772,0.9185185185,0.4161073826,0.0091623786,0.4652507449,0.0157130865,0.8762456203000001,0.1226584055,0.2481723875,0.2481723875,legacy_sampled_case_control,False,1185561,lstm_gated_moe,outputs/nn_global_full_lstm_gated_moe/metrics.json
LSTM gated MoE (global full),Neural,global full NN features,central_asia,Central Asia,2021,10197,903,9294,0.0885554575,4293,0.1702771954,0.8095238095,0.2813702848,0.0050816529,0.3118397277,0.0145062468,0.8022251939,0.1086783728,0.2481723875,0.2481723875,legacy_sampled_case_control,False,1185561,lstm_gated_moe,outputs/nn_global_full_lstm_gated_moe/metrics.json
LSTM gated MoE (global full),Neural,global full NN features,europe,Europe,2021,11926,847,11079,0.071021298,2919,0.2312435766,0.7969303424,0.3584705258,0.0024733972,0.2871139683,0.0088658861,0.8679181062,0.0680658508,0.2481723875,0.2481723875,legacy_sampled_case_control,False,1185561,lstm_gated_moe,outputs/nn_global_full_lstm_gated_moe/metrics.json
LSTM gated MoE (global full),Neural,global full NN features,global,Global,2022,58312,4923,53389,0.0844251612,17148,0.2067879636,0.7202925046,0.3213266277,0.0016747258,0.2583211059,0.0055202403,0.8223361127000001,0.0915177797,0.2481723875,0.2481723875,legacy_sampled_case_control,False,1185561,lstm_gated_moe,outputs/nn_global_full_lstm_gated_moe/metrics.json
LSTM gated MoE (global full),Neural,global full NN features,eastern_siberia,Eastern Siberia,2022,18946,1456,17490,0.0768499947,5775,0.1807792208,0.7170329670000001,0.2887567418,0.0019060024,0.188307414,0.0072812843,0.7985805664000001,0.1005381792,0.2481723875,0.2481723875,legacy_sampled_case_control,False,1185561,lstm_gated_moe,outputs/nn_global_full_lstm_gated_moe/metrics.json
LSTM gated MoE (global full),Neural,global full NN features,far_east,Far East,2022,2076,192,1884,0.0924855491,796,0.2248743719,0.9322916667,0.3623481781,0.0079205754,0.2871786489,0.0177771472,0.858200084,0.1039827399,0.2481723875,0.2481723875,legacy_sampled_case_control,False,1185561,lstm_gated_moe,outputs/nn_global_full_lstm_gated_moe/metrics.json
LSTM gated MoE (global full),Neural,global full NN features,central_asia,Central Asia,2022,9862,698,9164,0.0707767187,3897,0.1516551193,0.8467048711,0.2572361262,0.0040965081,0.3025649049,0.0105645268,0.8211595392000001,0.0992356179,0.2481723875,0.2481723875,legacy_sampled_case_control,False,1185561,lstm_gated_moe,outputs/nn_global_full_lstm_gated_moe/metrics.json
LSTM gated MoE (global full),Neural,global full NN features,europe,Europe,2022,10330,382,9948,0.0369796709,2029,0.1567274519,0.832460733,0.2637909581,0.0078691325,0.3616158981,0.0340358611,0.9052328654,0.0472919392,0.2481723875,0.2481723875,legacy_sampled_case_control,False,1185561,lstm_gated_moe,outputs/nn_global_full_lstm_gated_moe/metrics.json
LSTM gated MoE (global full),Neural,global full NN features,global,Global,2023,60888,6898,53990,0.113289975,21932,0.2636786431,0.8383589446,0.4011793271,0.0007920454,0.3766944649,0.0035324839,0.8445329628,0.1059236256,0.2481723875,0.2481723875,legacy_sampled_case_control,False,1185561,lstm_gated_moe,outputs/nn_global_full_lstm_gated_moe/metrics.json
LSTM gated MoE (global full),Neural,global full NN features,eastern_siberia,Eastern Siberia,2023,18853,1391,17462,0.0737813611,7530,0.1579017264,0.8547807333,0.2665620446,0.0022734963,0.2859494854,0.011410221,0.815742344,0.1223042861,0.2481723875,0.2481723875,legacy_sampled_case_control,False,1185561,lstm_gated_moe,outputs/nn_global_full_lstm_gated_moe/metrics.json
LSTM gated MoE (global full),Neural,global full NN features,far_east,Far East,2023,2267,333,1934,0.1468901632,1100,0.2854545455,0.9429429429,0.4382414515,0.0052894003,0.4418329503,0.0234062462,0.8605280565000001,0.1256468771,0.2481723875,0.2481723875,legacy_sampled_case_control,False,1185561,lstm_gated_moe,outputs/nn_global_full_lstm_gated_moe/metrics.json
LSTM gated MoE (global full),Neural,global full NN features,central_asia,Central Asia,2023,9281,411,8870,0.0442840211,2991,0.0932798395,0.6788321168,0.164021164,0.0050236397,0.272815065,0.0096512774,0.796152865,0.0809399485,0.2481723875,0.2481723875,legacy_sampled_case_control,False,1185561,lstm_gated_moe,outputs/nn_global_full_lstm_gated_moe/metrics.json
LSTM gated MoE (global full),Neural,global full NN features,europe,Europe,2023,10456,494,9962,0.0472456006,2021,0.2122711529,0.8684210526,0.3411530815,0.0073476834,0.3629460594,0.0146184733,0.9107923876,0.0479879842,0.2481723875,0.2481723875,legacy_sampled_case_control,False,1185561,lstm_gated_moe,outputs/nn_global_full_lstm_gated_moe/metrics.json
LSTM gated MoE (global full),Neural,global full NN features,global,Global,2024,65063,9134,55929,0.1403870095,22781,0.2808480752,0.7004598205,0.4009399969,0.0025110028,0.3469048493,0.0047357831,0.7840075657000001,0.1250232846,0.2481723875,0.2481723875,legacy_sampled_case_control,False,1185561,lstm_gated_moe,outputs/nn_global_full_lstm_gated_moe/metrics.json
LSTM gated MoE (global full),Neural,global full NN features,eastern_siberia,Eastern Siberia,2024,26660,6189,20471,0.2321455364,13373,0.3490615419,0.7542413960000001,0.4772518147,0.0031369866,0.4059287248,0.0036186844,0.7217035265,0.1838907233,0.2481723875,0.2481723875,legacy_sampled_case_control,False,1185561,lstm_gated_moe,outputs/nn_global_full_lstm_gated_moe/metrics.json
LSTM gated MoE (global full),Neural,global full NN features,far_east,Far East,2024,2229,298,1931,0.1336922387,1027,0.2619279455,0.9026845638,0.4060377358,0.0092430022,0.3798466732,0.0138933989,0.8359875434,0.1316246701,0.2481723875,0.2481723875,legacy_sampled_case_control,False,1185561,lstm_gated_moe,outputs/nn_global_full_lstm_gated_moe/metrics.json
LSTM gated MoE (global full),Neural,global full NN features,central_asia,Central Asia,2024,9003,187,8816,0.0207708542,2700,0.0603703704,0.871657754,0.1129199861,0.0019119374,0.239688444,0.0173318333,0.8838681736,0.0668798143,0.2481723875,0.2481723875,legacy_sampled_case_control,False,1185561,lstm_gated_moe,outputs/nn_global_full_lstm_gated_moe/metrics.json
LSTM gated MoE (global full),Neural,global full NN features,europe,Europe,2024,10472,493,9979,0.0470779221,2275,0.163956044,0.7565922921,0.2695086705,0.0108557919,0.2514595572,0.0277737031,0.8738247886,0.0569881351,0.2481723875,0.2481723875,legacy_sampled_case_control,False,1185561,lstm_gated_moe,outputs/nn_global_full_lstm_gated_moe/metrics.json
LSTM gated MoE (global full),Neural,global full NN features,global,Global,2025,49672,3787,45885,0.0762401353,13858,0.2087602829,0.7639292316,0.3279115897,0.0027725536,0.35290792,0.0095793851,0.8518493194000001,0.0810287768,0.2481723875,0.2481723875,legacy_sampled_case_control,False,1185561,lstm_gated_moe,outputs/nn_global_full_lstm_gated_moe/metrics.json
LSTM gated MoE (global full),Neural,global full NN features,eastern_siberia,Eastern Siberia,2025,19162,2442,16720,0.1274397245,7182,0.2932330827,0.8624078624,0.4376558603,0.0025542063,0.4463719637,0.0088102225,0.8522434965000001,0.1095339611,0.2481723875,0.2481723875,legacy_sampled_case_control,False,1185561,lstm_gated_moe,outputs/nn_global_full_lstm_gated_moe/metrics.json
LSTM gated MoE (global full),Neural,global full NN features,far_east,Far East,2025,1744,137,1607,0.0785550459,571,0.2329246935,0.9708029197,0.3757062147,0.0045308929,0.4974066283,0.0316992593,0.9398071394,0.0762487931,0.2481723875,0.2481723875,legacy_sampled_case_control,False,1185561,lstm_gated_moe,outputs/nn_global_full_lstm_gated_moe/metrics.json
LSTM gated MoE (global full),Neural,global full NN features,central_asia,Central Asia,2025,7618,304,7314,0.039905487,2276,0.0949033392,0.7105263158,0.1674418605,0.0015901914,0.1852561342,0.006102438,0.8051794144000001,0.0720806788,0.2481723875,0.2481723875,legacy_sampled_case_control,False,1185561,lstm_gated_moe,outputs/nn_global_full_lstm_gated_moe/metrics.json
LSTM gated MoE (global full),Neural,global full NN features,europe,Europe,2025,8878,632,8246,0.0711872043,1966,0.1932858596,0.6012658228000001,0.2925327175,0.0049563453,0.2447479121,0.0114186763,0.8318461655,0.070968915,0.2481723875,0.2481723875,legacy_sampled_case_control,False,1185561,lstm_gated_moe,outputs/nn_global_full_lstm_gated_moe/metrics.json
LSTM gated MoE (global full),Neural,global full NN features,global,Global,2021-2023,206438,36593,169845,0.1772590318,86376,0.3727771603,0.8799223895,0.5236929633,0.0013752359,0.5396568806,0.0034022015,0.8611514325,0.1189393008,0.2481723875,0.2481723875,legacy_sampled_case_control,False,1185561,lstm_gated_moe,outputs/nn_global_full_lstm_gated_moe/metrics.json
LSTM gated MoE (global full),Neural,global full NN features,eastern_siberia,Eastern Siberia,2021-2023,82438,22636,59802,0.2745821102,45736,0.4599658912,0.929360311,0.6153688644,0.0012027151,0.6133338941,0.003499647,0.8370649395,0.1529329242,0.2481723875,0.2481723875,legacy_sampled_case_control,False,1185561,lstm_gated_moe,outputs/nn_global_full_lstm_gated_moe/metrics.json
LSTM gated MoE (global full),Neural,global full NN features,far_east,Far East,2021-2023,6484,795,5689,0.1226095003,2818,0.2629524485,0.9320754717,0.4101854415,0.0057147009,0.4153635048,0.0054104247,0.866537984,0.1177238255,0.2481723875,0.2481723875,legacy_sampled_case_control,False,1185561,lstm_gated_moe,outputs/nn_global_full_lstm_gated_moe/metrics.json
LSTM gated MoE (global full),Neural,global full NN features,central_asia,Central Asia,2021-2023,29340,2012,27328,0.0685753238,11181,0.1431893391,0.7957256461000001,0.2427044645,0.0017654878,0.2979894733,0.0059919999,0.8125006729,0.0967300168,0.2481723875,0.2481723875,legacy_sampled_case_control,False,1185561,lstm_gated_moe,outputs/nn_global_full_lstm_gated_moe/metrics.json
LSTM gated MoE (global full),Neural,global full NN features,europe,Europe,2021-2023,32712,1723,30989,0.0526718024,6969,0.2040464916,0.8253047011,0.3271974229,0.0032533459,0.3227954952,0.0068744212,0.8922819711000001,0.0550880848,0.2481723875,0.2481723875,legacy_sampled_case_control,False,1185561,lstm_gated_moe,outputs/nn_global_full_lstm_gated_moe/metrics.json
LSTM gated MoE (global full),Neural,global full NN features,global,Global,2021-2025,321173,49514,271659,0.1541661348,123015,0.337275942,0.8379448237,0.4809626208,0.002184068,0.4904584759,0.0052286628,0.8499677015,0.114308621,0.2481723875,0.2481723875,legacy_sampled_case_control,False,1185561,lstm_gated_moe,outputs/nn_global_full_lstm_gated_moe/metrics.json
LSTM gated MoE (global full),Neural,global full NN features,eastern_siberia,Eastern Siberia,2021-2025,128260,31267,96993,0.2437782629,66291,0.4195290462,0.8894681293000001,0.5701428894,0.0011519763,0.5633756335,0.00487937,0.822202934,0.1528839923,0.2481723875,0.2481723875,legacy_sampled_case_control,False,1185561,lstm_gated_moe,outputs/nn_global_full_lstm_gated_moe/metrics.json
LSTM gated MoE (global full),Neural,global full NN features,far_east,Far East,2021-2025,10457,1230,9227,0.1176245577,4416,0.2588315217,0.9292682927,0.4048884166,0.0026599839,0.4097469277,0.015544895,0.871061466,0.1137697781,0.2481723875,0.2481723875,legacy_sampled_case_control,False,1185561,lstm_gated_moe,outputs/nn_global_full_lstm_gated_moe/metrics.json
LSTM gated MoE (global full),Neural,global full NN features,central_asia,Central Asia,2021-2025,45961,2503,43458,0.0544592154,16157,0.1225475026,0.7910507391,0.2122186495,0.0015133433,0.2713345358,0.0125334834,0.8233672999999999,0.0867972471,0.2481723875,0.2481723875,legacy_sampled_case_control,False,1185561,lstm_gated_moe,outputs/nn_global_full_lstm_gated_moe/metrics.json
LSTM gated MoE (global full),Neural,global full NN features,europe,Europe,2021-2025,52062,2848,49214,0.0547040068,11210,0.1940231936,0.7636938202,0.3094323517,0.0026319564,0.2908173874,0.008902326,0.8765131976,0.0581783875,0.2481723875,0.2481723875,legacy_sampled_case_control,False,1185561,lstm_gated_moe,outputs/nn_global_full_lstm_gated_moe/metrics.json
LSTM static concat (global full),Neural,global full NN features,global,Global,2021,87238,24772,62466,0.2839588253,41203,0.5198650584,0.8646859357000001,0.6493368700000001,0.0019270494,0.5801070572,0.0013547925,0.8385919382,0.1468792649,0.320505619,0.320505619,legacy_sampled_case_control,False,1185561,lstm_mlp,outputs/nn_global_full_lstm_static_concat/metrics.json
LSTM static concat (global full),Neural,global full NN features,eastern_siberia,Eastern Siberia,2021,44639,19789,24850,0.4433119021,30247,0.6008199160000001,0.9183384709,0.7263969942,0.0018877224,0.643228098,0.0014284893,0.7685500084,0.1894514145,0.320505619,0.320505619,legacy_sampled_case_control,False,1185561,lstm_mlp,outputs/nn_global_full_lstm_static_concat/metrics.json
LSTM static concat (global full),Neural,global full NN features,far_east,Far East,2021,2141,270,1871,0.1261092947,822,0.2883211679,0.8777777778,0.4340659341,0.0049052756,0.4751219629,0.0410268446,0.8726725657000001,0.1297550892,0.320505619,0.320505619,legacy_sampled_case_control,False,1185561,lstm_mlp,outputs/nn_global_full_lstm_static_concat/metrics.json
LSTM static concat (global full),Neural,global full NN features,central_asia,Central Asia,2021,10197,903,9294,0.0885554575,3185,0.2062794349,0.7275747508,0.3214285714,0.0050143345,0.3626181061,0.0117381925,0.8306408045,0.0996121637,0.320505619,0.320505619,legacy_sampled_case_control,False,1185561,lstm_mlp,outputs/nn_global_full_lstm_static_concat/metrics.json
LSTM static concat (global full),Neural,global full NN features,europe,Europe,2021,11926,847,11079,0.071021298,2143,0.2566495567,0.6493506494,0.3678929766,0.0151419461,0.3610726929,0.0149154843,0.886439058,0.0631097567,0.320505619,0.320505619,legacy_sampled_case_control,False,1185561,lstm_mlp,outputs/nn_global_full_lstm_static_concat/metrics.json
LSTM static concat (global full),Neural,global full NN features,global,Global,2022,58312,4923,53389,0.0844251612,13143,0.226204063,0.6039000609,0.329126536,0.0057125719,0.2452670444,0.0053269301,0.8222973411000001,0.0925688493,0.320505619,0.320505619,legacy_sampled_case_control,False,1185561,lstm_mlp,outputs/nn_global_full_lstm_static_concat/metrics.json
LSTM static concat (global full),Neural,global full NN features,eastern_siberia,Eastern Siberia,2022,18946,1456,17490,0.0768499947,5243,0.1899675758,0.6840659341,0.2973578146,0.0035557374,0.1732582447,0.0032556198,0.7995369018,0.1096556821,0.320505619,0.320505619,legacy_sampled_case_control,False,1185561,lstm_mlp,outputs/nn_global_full_lstm_static_concat/metrics.json
LSTM static concat (global full),Neural,global full NN features,far_east,Far East,2022,2076,192,1884,0.0924855491,608,0.2154605263,0.6822916667000001,0.3275,0.0113683847,0.235202207,0.0202498583,0.8094148089000001,0.1104608576,0.320505619,0.320505619,legacy_sampled_case_control,False,1185561,lstm_mlp,outputs/nn_global_full_lstm_static_concat/metrics.json
LSTM static concat (global full),Neural,global full NN features,central_asia,Central Asia,2022,9862,698,9164,0.0707767187,2905,0.1855421687,0.7722063037,0.2991951152,0.0065161107,0.2955576536,0.0170187562,0.8355287102000001,0.0901159566,0.320505619,0.320505619,legacy_sampled_case_control,False,1185561,lstm_mlp,outputs/nn_global_full_lstm_static_concat/metrics.json
LSTM static concat (global full),Neural,global full NN features,europe,Europe,2022,10330,382,9948,0.0369796709,1448,0.2044198895,0.7748691099,0.3234972678,0.0093328144,0.3180698511,0.028059115,0.9123273483,0.042677287,0.320505619,0.320505619,legacy_sampled_case_control,False,1185561,lstm_mlp,outputs/nn_global_full_lstm_static_concat/metrics.json
LSTM static concat (global full),Neural,global full NN features,global,Global,2023,60888,6898,53990,0.113289975,17345,0.2957624676,0.7436938243,0.4232149486,0.0031937829,0.3532353762,0.0058367359,0.8463238443000001,0.1046217664,0.320505619,0.320505619,legacy_sampled_case_control,False,1185561,lstm_mlp,outputs/nn_global_full_lstm_static_concat/metrics.json
LSTM static concat (global full),Neural,global full NN features,eastern_siberia,Eastern Siberia,2023,18853,1391,17462,0.0737813611,6291,0.1676998887,0.7584471603,0.2746680552,0.0025153556,0.2300568983,0.008306499,0.7989962347,0.1258564092,0.320505619,0.320505619,legacy_sampled_case_control,False,1185561,lstm_mlp,outputs/nn_global_full_lstm_static_concat/metrics.json
LSTM static concat (global full),Neural,global full NN features,far_east,Far East,2023,2267,333,1934,0.1468901632,952,0.3035714286,0.8678678679,0.4498054475,0.0079223933,0.3970546652,0.0180749577,0.8377306986,0.1406041126,0.320505619,0.320505619,legacy_sampled_case_control,False,1185561,lstm_mlp,outputs/nn_global_full_lstm_static_concat/metrics.json
LSTM static concat (global full),Neural,global full NN features,central_asia,Central Asia,2023,9281,411,8870,0.0442840211,2197,0.1124260355,0.6009732360000001,0.1894171779,0.0082014337,0.2980606173,0.007305587,0.8227509004,0.0760828038,0.320505619,0.320505619,legacy_sampled_case_control,False,1185561,lstm_mlp,outputs/nn_global_full_lstm_static_concat/metrics.json
LSTM static concat (global full),Neural,global full NN features,europe,Europe,2023,10456,494,9962,0.0472456006,1441,0.2734212353,0.7975708502000001,0.4072351421,0.0067873844,0.4616144297,0.0228586706,0.9247994606,0.0420435532,0.320505619,0.320505619,legacy_sampled_case_control,False,1185561,lstm_mlp,outputs/nn_global_full_lstm_static_concat/metrics.json
LSTM static concat (global full),Neural,global full NN features,global,Global,2024,65063,9134,55929,0.1403870095,18484,0.3076173988,0.6225093059,0.4117604461,0.0037918252,0.3435518665,0.0043371321,0.7941538725,0.1235348899,0.320505619,0.320505619,legacy_sampled_case_control,False,1185561,lstm_mlp,outputs/nn_global_full_lstm_static_concat/metrics.json
LSTM static concat (global full),Neural,global full NN features,eastern_siberia,Eastern Siberia,2024,26660,6189,20471,0.2321455364,11476,0.3609271523,0.6692518985,0.4689499009,0.0023482902,0.3822173676,0.0033158138,0.7214753131,0.1848889923,0.320505619,0.320505619,legacy_sampled_case_control,False,1185561,lstm_mlp,outputs/nn_global_full_lstm_static_concat/metrics.json
LSTM static concat (global full),Neural,global full NN features,far_east,Far East,2024,2229,298,1931,0.1336922387,898,0.2951002227,0.8892617450000001,0.4431438127,0.0097395297,0.4004366549,0.0211456682,0.8587649755000001,0.1322990095,0.320505619,0.320505619,legacy_sampled_case_control,False,1185561,lstm_mlp,outputs/nn_global_full_lstm_static_concat/metrics.json
LSTM static concat (global full),Neural,global full NN features,central_asia,Central Asia,2024,9003,187,8816,0.0207708542,1965,0.0697201018,0.7326203209000001,0.1273234201,0.0063440947,0.2110782496,0.0360008821,0.8652528946,0.0627046787,0.320505619,0.320505619,legacy_sampled_case_control,False,1185561,lstm_mlp,outputs/nn_global_full_lstm_static_concat/metrics.json
LSTM static concat (global full),Neural,global full NN features,europe,Europe,2024,10472,493,9979,0.0470779221,1679,0.1846337105,0.6288032454,0.2854511971,0.0080857105,0.2550966589,0.0083017029,0.8672372225,0.0543824372,0.320505619,0.320505619,legacy_sampled_case_control,False,1185561,lstm_mlp,outputs/nn_global_full_lstm_static_concat/metrics.json
LSTM static concat (global full),Neural,global full NN features,global,Global,2025,49672,3787,45885,0.0762401353,11139,0.2505610917,0.7369949828,0.3739782929,0.0046801138,0.3504127294,0.0089897538,0.8538560296000001,0.0808741574,0.320505619,0.320505619,legacy_sampled_case_control,False,1185561,lstm_mlp,outputs/nn_global_full_lstm_static_concat/metrics.json
LSTM static concat (global full),Neural,global full NN features,eastern_siberia,Eastern Siberia,2025,19162,2442,16720,0.1274397245,6542,0.3180984408,0.8521703522,0.4632680321,0.0030095578,0.4369285059,0.0033774347,0.8407778769,0.1159075534,0.320505619,0.320505619,legacy_sampled_case_control,False,1185561,lstm_mlp,outputs/nn_global_full_lstm_static_concat/metrics.json
LSTM static concat (global full),Neural,global full NN features,far_east,Far East,2025,1744,137,1607,0.0785550459,375,0.296,0.8102189781,0.43359375,0.017861101,0.4465001898,0.0391532439,0.9101195045,0.0705045142,0.320505619,0.320505619,legacy_sampled_case_control,False,1185561,lstm_mlp,outputs/nn_global_full_lstm_static_concat/metrics.json
LSTM static concat (global full),Neural,global full NN features,central_asia,Central Asia,2025,7618,304,7314,0.039905487,1689,0.1077560687,0.5986842105,0.1826392373,0.0100530841,0.1818030621,0.0255308269,0.7967178123,0.0711220444,0.320505619,0.320505619,legacy_sampled_case_control,False,1185561,lstm_mlp,outputs/nn_global_full_lstm_static_concat/metrics.json
LSTM static concat (global full),Neural,global full NN features,europe,Europe,2025,8878,632,8246,0.0711872043,1348,0.2462908012,0.5253164557000001,0.3353535354,0.0189681308,0.2855182718,0.0240324098,0.8488448177,0.0659112584,0.320505619,0.320505619,legacy_sampled_case_control,False,1185561,lstm_mlp,outputs/nn_global_full_lstm_static_concat/metrics.json
LSTM static concat (global full),Neural,global full NN features,global,Global,2021-2023,206438,36593,169845,0.1772590318,71691,0.4118090137,0.8067936491000001,0.5452883159,0.0029785659,0.4759426306,0.0047268214,0.8545630580000001,0.119074677,0.320505619,0.320505619,legacy_sampled_case_control,False,1185561,lstm_mlp,outputs/nn_global_full_lstm_static_concat/metrics.json
LSTM static concat (global full),Neural,global full NN features,eastern_siberia,Eastern Siberia,2021-2023,82438,22636,59802,0.2745821102,41781,0.4840477729,0.8934440714,0.6279087818,0.0015445909,0.5280031084,0.0019131174,0.8183222462,0.1565689261,0.320505619,0.320505619,legacy_sampled_case_control,False,1185561,lstm_mlp,outputs/nn_global_full_lstm_static_concat/metrics.json
LSTM static concat (global full),Neural,global full NN features,far_east,Far East,2021-2023,6484,795,5689,0.1226095003,2382,0.2758186398,0.8264150943,0.4135977337,0.0117435588,0.389416409,0.0273462186,0.8448792826,0.1273707449,0.320505619,0.320505619,legacy_sampled_case_control,False,1185561,lstm_mlp,outputs/nn_global_full_lstm_static_concat/metrics.json
LSTM static concat (global full),Neural,global full NN features,central_asia,Central Asia,2021-2023,29340,2012,27328,0.0685753238,8287,0.1741281525,0.7171968191,0.2802213807,0.004624857,0.3217230228,0.0117041656,0.8340151749,0.0889772767,0.320505619,0.320505619,legacy_sampled_case_control,False,1185561,lstm_mlp,outputs/nn_global_full_lstm_static_concat/metrics.json
LSTM static concat (global full),Neural,global full NN features,europe,Europe,2021-2023,32712,1723,30989,0.0526718024,5032,0.2464228935,0.7196749855,0.3671354552,0.0049383173,0.379032213,0.0093638814,0.9070034156,0.0499239033,0.320505619,0.320505619,legacy_sampled_case_control,False,1185561,lstm_mlp,outputs/nn_global_full_lstm_static_concat/metrics.json
LSTM static concat (global full),Neural,global full NN features,global,Global,2021-2025,321173,49514,271659,0.1541661348,101314,0.3750715597,0.7674597084,0.5038852203,0.0034839198,0.4374845872,0.0032548967,0.8468918107000001,0.1140702047,0.320505619,0.320505619,legacy_sampled_case_control,False,1185561,lstm_mlp,outputs/nn_global_full_lstm_static_concat/metrics.json
LSTM static concat (global full),Neural,global full NN features,eastern_siberia,Eastern Siberia,2021-2025,128260,31267,96993,0.2437782629,59799,0.4422649208,0.8458438609000001,0.5808314849,0.0020309384,0.4874550147,0.0045082075,0.806922243,0.1563807126,0.320505619,0.320505619,legacy_sampled_case_control,False,1185561,lstm_mlp,outputs/nn_global_full_lstm_static_concat/metrics.json
LSTM static concat (global full),Neural,global full NN features,far_east,Far East,2021-2025,10457,1230,9227,0.1176245577,3655,0.282626539,0.8398373984,0.4229273286,0.0045968592,0.3921855877,0.0122220018,0.8586953629,0.1189371976,0.320505619,0.320505619,legacy_sampled_case_control,False,1185561,lstm_mlp,outputs/nn_global_full_lstm_static_concat/metrics.json
LSTM static concat (global full),Neural,global full NN features,central_asia,Central Asia,2021-2025,45961,2503,43458,0.0544592154,11941,0.1475588309,0.7039552537,0.2439767377,0.0031932122,0.287405016,0.0114181417,0.8368889405000001,0.0808714183,0.320505619,0.320505619,legacy_sampled_case_control,False,1185561,lstm_mlp,outputs/nn_global_full_lstm_static_concat/metrics.json
LSTM static concat (global full),Neural,global full NN features,europe,Europe,2021-2025,52062,2848,49214,0.0547040068,8059,0.233527733,0.6608146067,0.3450994774,0.0031064166,0.3339792297,0.0095306568,0.8879115225,0.053546997,0.320505619,0.320505619,legacy_sampled_case_control,False,1185561,lstm_mlp,outputs/nn_global_full_lstm_static_concat/metrics.json
Minimal MLP (global full),Neural,global full NN features,global,Global,2021,87238,24772,62466,0.2839588253,44043,0.5089344504000001,0.9048522525,0.6514568045,0.0010431127,0.6110804858000001,0.0029218157,0.8405183794000001,0.144881987,0.2953715026,0.2953715026,legacy_sampled_case_control,False,1185561,minimal_mlp,outputs/nn_global_full_minimal_mlp/metrics.json
Minimal MLP (global full),Neural,global full NN features,eastern_siberia,Eastern Siberia,2021,44639,19789,24850,0.4433119021,32239,0.5832997301,0.9502754055,0.7228799877000001,0.0011153697,0.6737659377,0.0034286502,0.7652631144,0.1908514647,0.2953715026,0.2953715026,legacy_sampled_case_control,False,1185561,minimal_mlp,outputs/nn_global_full_minimal_mlp/metrics.json
Minimal MLP (global full),Neural,global full NN features,far_east,Far East,2021,2141,270,1871,0.1261092947,923,0.2643553629,0.9037037037,0.409052808,0.0024911804,0.4854044984,0.0156855551,0.8748025417,0.129979647,0.2953715026,0.2953715026,legacy_sampled_case_control,False,1185561,minimal_mlp,outputs/nn_global_full_minimal_mlp/metrics.json
Minimal MLP (global full),Neural,global full NN features,central_asia,Central Asia,2021,10197,903,9294,0.0885554575,2991,0.2032764962,0.6733111849,0.3122752953,0.0029128148,0.2783815662,0.0102074572,0.8033050294,0.0937814201,0.2953715026,0.2953715026,legacy_sampled_case_control,False,1185561,minimal_mlp,outputs/nn_global_full_minimal_mlp/metrics.json
Minimal MLP (global full),Neural,global full NN features,europe,Europe,2021,11926,847,11079,0.071021298,1869,0.2830390583,0.6245572609000001,0.3895434462,0.0034727864,0.3494568563,0.0158258205,0.8842315034,0.0599946663,0.2953715026,0.2953715026,legacy_sampled_case_control,False,1185561,minimal_mlp,outputs/nn_global_full_minimal_mlp/metrics.json
Minimal MLP (global full),Neural,global full NN features,global,Global,2022,58312,4923,53389,0.0844251612,14763,0.2318634424,0.6953077392,0.3477598293,0.0011448515,0.2543481927,0.0031050028,0.8264425594,0.0856159121,0.2953715026,0.2953715026,legacy_sampled_case_control,False,1185561,minimal_mlp,outputs/nn_global_full_minimal_mlp/metrics.json
Minimal MLP (global full),Neural,global full NN features,eastern_siberia,Eastern Siberia,2022,18946,1456,17490,0.0768499947,5967,0.1887045416,0.7733516484,0.3033813822,0.0030641866,0.1867676232,0.0035862053,0.8078568837000001,0.0972258045,0.2953715026,0.2953715026,legacy_sampled_case_control,False,1185561,minimal_mlp,outputs/nn_global_full_minimal_mlp/metrics.json
Minimal MLP (global full),Neural,global full NN features,far_east,Far East,2022,2076,192,1884,0.0924855491,754,0.2135278515,0.8385416667000001,0.3403805497,0.0096832407,0.2727778672,0.0141934734,0.829485138,0.1076680176,0.2953715026,0.2953715026,legacy_sampled_case_control,False,1185561,minimal_mlp,outputs/nn_global_full_minimal_mlp/metrics.json
Minimal MLP (global full),Neural,global full NN features,central_asia,Central Asia,2022,9862,698,9164,0.0707767187,2851,0.1788846019,0.7306590258,0.2874049028,0.0040114688,0.2797209518,0.0198808772,0.8251880099000001,0.0832327538,0.2953715026,0.2953715026,legacy_sampled_case_control,False,1185561,minimal_mlp,outputs/nn_global_full_minimal_mlp/metrics.json
Minimal MLP (global full),Neural,global full NN features,europe,Europe,2022,10330,382,9948,0.0369796709,1227,0.1923390383,0.6178010471000001,0.2933499068,0.004525003,0.258064972,0.0160897496,0.8935653882000001,0.041557616,0.2953715026,0.2953715026,legacy_sampled_case_control,False,1185561,minimal_mlp,outputs/nn_global_full_minimal_mlp/metrics.json
Minimal MLP (global full),Neural,global full NN features,global,Global,2023,60888,6898,53990,0.113289975,19000,0.2897894737,0.7982023775,0.4252065797,0.0018852915,0.3782938199,0.0047317283,0.8533345670000001,0.098247063,0.2953715026,0.2953715026,legacy_sampled_case_control,False,1185561,minimal_mlp,outputs/nn_global_full_minimal_mlp/metrics.json
Minimal MLP (global full),Neural,global full NN features,eastern_siberia,Eastern Siberia,2023,18853,1391,17462,0.0737813611,7152,0.1595357942,0.8202731848,0.2671192789,0.0026897069,0.2577966659,0.013050005,0.8228896293,0.1125860839,0.2953715026,0.2953715026,legacy_sampled_case_control,False,1185561,minimal_mlp,outputs/nn_global_full_minimal_mlp/metrics.json
Minimal MLP (global full),Neural,global full NN features,far_east,Far East,2023,2267,333,1934,0.1468901632,1063,0.2831608655,0.9039039039,0.4312320917,0.0021949452,0.3865769734,0.0244455594,0.8428640636,0.1371611832,0.2953715026,0.2953715026,legacy_sampled_case_control,False,1185561,minimal_mlp,outputs/nn_global_full_minimal_mlp/metrics.json
Minimal MLP (global full),Neural,global full NN features,central_asia,Central Asia,2023,9281,411,8870,0.0442840211,2103,0.1450309082,0.7420924574000001,0.2426412092,0.0084280868,0.3096681823,0.0162283604,0.8524625779,0.0655461013,0.2953715026,0.2953715026,legacy_sampled_case_control,False,1185561,minimal_mlp,outputs/nn_global_full_minimal_mlp/metrics.json
Minimal MLP (global full),Neural,global full NN features,europe,Europe,2023,10456,494,9962,0.0472456006,1267,0.2778216259,0.7125506073,0.3997728563,0.015715766,0.4260682944,0.0344469864,0.9137694901,0.0415306909,0.2953715026,0.2953715026,legacy_sampled_case_control,False,1185561,minimal_mlp,outputs/nn_global_full_minimal_mlp/metrics.json
Minimal MLP (global full),Neural,global full NN features,global,Global,2024,65063,9134,55929,0.1403870095,20555,0.3118949161,0.7018830742000001,0.4318771262,0.0010073711,0.356303074,0.004052325,0.8003429428000001,0.1155434552,0.2953715026,0.2953715026,legacy_sampled_case_control,False,1185561,minimal_mlp,outputs/nn_global_full_minimal_mlp/metrics.json
Minimal MLP (global full),Neural,global full NN features,eastern_siberia,Eastern Siberia,2024,26660,6189,20471,0.2321455364,13394,0.353292519,0.7645823235,0.4832763111,0.0017098341,0.3832141026,0.0042299361,0.7213484099,0.1750941927,0.2953715026,0.2953715026,legacy_sampled_case_control,False,1185561,minimal_mlp,outputs/nn_global_full_minimal_mlp/metrics.json
Minimal MLP (global full),Neural,global full NN features,far_east,Far East,2024,2229,298,1931,0.1336922387,991,0.2754793138,0.9161073826,0.4235841738,0.0065296144,0.3736867486,0.0114017525,0.8541215561000001,0.1280738841,0.2953715026,0.2953715026,legacy_sampled_case_control,False,1185561,minimal_mlp,outputs/nn_global_full_minimal_mlp/metrics.json
Minimal MLP (global full),Neural,global full NN features,central_asia,Central Asia,2024,9003,187,8816,0.0207708542,1753,0.0861380491,0.8074866310000001,0.1556701031,0.0053630053,0.2330798288,0.009663993,0.8887250454000001,0.0512329132,0.2953715026,0.2953715026,legacy_sampled_case_control,False,1185561,minimal_mlp,outputs/nn_global_full_minimal_mlp/metrics.json
Minimal MLP (global full),Neural,global full NN features,europe,Europe,2024,10472,493,9979,0.0470779221,1369,0.2016070124,0.5598377282,0.2964554243,0.0099938743,0.2547511864,0.0106129576,0.8417252295000001,0.04974148,0.2953715026,0.2953715026,legacy_sampled_case_control,False,1185561,minimal_mlp,outputs/nn_global_full_minimal_mlp/metrics.json
Minimal MLP (global full),Neural,global full NN features,global,Global,2025,49672,3787,45885,0.0762401353,12176,0.232999343,0.7491418009,0.3554469711,0.0041267753,0.3543230749,0.0102914774,0.8530008043,0.0771169822,0.2953715026,0.2953715026,legacy_sampled_case_control,False,1185561,minimal_mlp,outputs/nn_global_full_minimal_mlp/metrics.json
Minimal MLP (global full),Neural,global full NN features,eastern_siberia,Eastern Siberia,2025,19162,2442,16720,0.1274397245,7606,0.2880620563,0.8972153972,0.4361066879,0.0027332127,0.4440099158,0.0070625894,0.8561807254,0.110015622,0.2953715026,0.2953715026,legacy_sampled_case_control,False,1185561,minimal_mlp,outputs/nn_global_full_minimal_mlp/metrics.json
Minimal MLP (global full),Neural,global full NN features,far_east,Far East,2025,1744,137,1607,0.0785550459,456,0.2653508772,0.8832116788000001,0.4080944351,0.0113820376,0.384969487,0.0221323177,0.9009897392,0.0731898036,0.2953715026,0.2953715026,legacy_sampled_case_control,False,1185561,minimal_mlp,outputs/nn_global_full_minimal_mlp/metrics.json
Minimal MLP (global full),Neural,global full NN features,central_asia,Central Asia,2025,7618,304,7314,0.039905487,1363,0.1129860602,0.5065789474,0.1847630474,0.008569714,0.1799788851,0.0111886299,0.7998129938,0.0589955452,0.2953715026,0.2953715026,legacy_sampled_case_control,False,1185561,minimal_mlp,outputs/nn_global_full_minimal_mlp/metrics.json
Minimal MLP (global full),Neural,global full NN features,europe,Europe,2025,8878,632,8246,0.0711872043,1159,0.2597066437,0.4762658228,0.3361250698,0.0156519597,0.277968427,0.0193805628,0.8402812104,0.0629654074,0.2953715026,0.2953715026,legacy_sampled_case_control,False,1185561,minimal_mlp,outputs/nn_global_full_minimal_mlp/metrics.json
Minimal MLP (global full),Neural,global full NN features,global,Global,2021-2023,206438,36593,169845,0.1772590318,77806,0.4028481094,0.8565572651000001,0.5479768180000001,0.0027516054,0.5121421432000001,0.0039738226,0.8597016069000001,0.1143864842,0.2953715026,0.2953715026,legacy_sampled_case_control,False,1185561,minimal_mlp,outputs/nn_global_full_minimal_mlp/metrics.json
Minimal MLP (global full),Neural,global full NN features,eastern_siberia,Eastern Siberia,2021-2023,82438,22636,59802,0.2745821102,45358,0.4645707483,0.9309065206,0.6198193958,0.0013226827,0.5789283847000001,0.0030389153,0.8257273499000001,0.1514355524,0.2953715026,0.2953715026,legacy_sampled_case_control,False,1185561,minimal_mlp,outputs/nn_global_full_minimal_mlp/metrics.json
Minimal MLP (global full),Neural,global full NN features,far_east,Far East,2021-2023,6484,795,5689,0.1226095003,2740,0.2576642336,0.8880503145,0.3994342291,0.0049368002,0.4020280199,0.0007314295,0.853285,0.1253469511,0.2953715026,0.2953715026,legacy_sampled_case_control,False,1185561,minimal_mlp,outputs/nn_global_full_minimal_mlp/metrics.json
Minimal MLP (global full),Neural,global full NN features,central_asia,Central Asia,2021-2023,29340,2012,27328,0.0685753238,7945,0.1791063562,0.7072564612000001,0.285829065,0.0044907389,0.2819260859,0.0118266291,0.8253015663000001,0.0813041556,0.2953715026,0.2953715026,legacy_sampled_case_control,False,1185561,minimal_mlp,outputs/nn_global_full_minimal_mlp/metrics.json
Minimal MLP (global full),Neural,global full NN features,europe,Europe,2021-2023,32712,1723,30989,0.0526718024,4363,0.2560165024,0.64828787,0.3670719685,0.0092077404,0.3479608546,0.0076849405,0.8980166366000001,0.0482707101,0.2953715026,0.2953715026,legacy_sampled_case_control,False,1185561,minimal_mlp,outputs/nn_global_full_minimal_mlp/metrics.json
Minimal MLP (global full),Neural,global full NN features,global,Global,2021-2025,321173,49514,271659,0.1541661348,110537,0.3672254539,0.8198085390000001,0.5072383178000001,0.0034128678,0.470318565,0.0055630681,0.8518846384000001,0.1088568329,0.2953715026,0.2953715026,legacy_sampled_case_control,False,1185561,minimal_mlp,outputs/nn_global_full_minimal_mlp/metrics.json
Minimal MLP (global full),Neural,global full NN features,eastern_siberia,Eastern Siberia,2021-2025,128260,31267,96993,0.2437782629,66358,0.4218782965,0.8953529280000001,0.5735211268,0.0014256515,0.5300491311000001,0.0033113619,0.8129864016,0.1501650912,0.2953715026,0.2953715026,legacy_sampled_case_control,False,1185561,minimal_mlp,outputs/nn_global_full_minimal_mlp/metrics.json
Minimal MLP (global full),Neural,global full NN features,far_east,Far East,2021-2025,10457,1230,9227,0.1176245577,4187,0.2627179365,0.8943089431000001,0.4061288536,0.0037201559,0.3911873374,0.0076212209,0.8606336476,0.1172295435,0.2953715026,0.2953715026,legacy_sampled_case_control,False,1185561,minimal_mlp,outputs/nn_global_full_minimal_mlp/metrics.json
Minimal MLP (global full),Neural,global full NN features,central_asia,Central Asia,2021-2025,45961,2503,43458,0.0544592154,11061,0.1562245728,0.6903715541000001,0.2547920967,0.0024547339,0.2618807825,0.0050127142,0.8329387587,0.0717160616,0.2953715026,0.2953715026,legacy_sampled_case_control,False,1185561,minimal_mlp,outputs/nn_global_full_minimal_mlp/metrics.json
Minimal MLP (global full),Neural,global full NN features,europe,Europe,2021-2025,52062,2848,49214,0.0547040068,6891,0.2458278915,0.5948033708,0.3478796591,0.0070792192,0.3130030218,0.0115469445,0.8760016162,0.051072397,0.2953715026,0.2953715026,legacy_sampled_case_control,False,1185561,minimal_mlp,outputs/nn_global_full_minimal_mlp/metrics.json
Spatial climate TSN-MLP (global full),Neural,global full NN features,global,Global,2021,87238,24772,62466,0.2839588253,35788,0.6332569576,0.9148635556,0.7484478203,0.0019680274,0.8002656706,0.0034669902,0.9251878476,0.1132262003,0.4269461036,0.4269461036,legacy_sampled_case_control,False,1185561,spatial_climate_tsn_mlp,outputs/nn_global_full_spatial_tsn/metrics.json
Spatial climate TSN-MLP (global full),Neural,global full NN features,eastern_siberia,Eastern Siberia,2021,44639,19789,24850,0.4433119021,26356,0.7115267871000001,0.9476476831,0.8127857839,0.0008743356,0.8374387886,0.0017760617,0.897656534,0.1353220491,0.4269461036,0.4269461036,legacy_sampled_case_control,False,1185561,spatial_climate_tsn_mlp,outputs/nn_global_full_spatial_tsn/metrics.json
Spatial climate TSN-MLP (global full),Neural,global full NN features,far_east,Far East,2021,2141,270,1871,0.1261092947,465,0.5075268817,0.8740740741,0.6421768707000001,0.0072093417,0.6778915489,0.0093538567,0.9492388701,0.0816170956,0.4269461036,0.4269461036,legacy_sampled_case_control,False,1185561,spatial_climate_tsn_mlp,outputs/nn_global_full_spatial_tsn/metrics.json
Spatial climate TSN-MLP (global full),Neural,global full NN features,central_asia,Central Asia,2021,10197,903,9294,0.0885554575,2727,0.2742940961,0.8283499446,0.4121212121,0.0103212978,0.4710219206,0.0181064332,0.8927994126000001,0.1063876867,0.4269461036,0.4269461036,legacy_sampled_case_control,False,1185561,spatial_climate_tsn_mlp,outputs/nn_global_full_spatial_tsn/metrics.json
Spatial climate TSN-MLP (global full),Neural,global full NN features,europe,Europe,2021,11926,847,11079,0.071021298,1773,0.209249859,0.4380165289,0.2832061069,0.0095282052,0.3003114159,0.01729545,0.8266914346,0.0845580444,0.4269461036,0.4269461036,legacy_sampled_case_control,False,1185561,spatial_climate_tsn_mlp,outputs/nn_global_full_spatial_tsn/metrics.json
Spatial climate TSN-MLP (global full),Neural,global full NN features,global,Global,2022,58312,4923,53389,0.0844251612,10659,0.3899990618,0.8444038188,0.5335643691,0.0040564529,0.5719874738,0.0055560473,0.9394759367,0.0725166158,0.4269461036,0.4269461036,legacy_sampled_case_control,False,1185561,spatial_climate_tsn_mlp,outputs/nn_global_full_spatial_tsn/metrics.json
Spatial climate TSN-MLP (global full),Neural,global full NN features,eastern_siberia,Eastern Siberia,2022,18946,1456,17490,0.0768499947,2830,0.4233215548,0.8228021978000001,0.5590293980000001,0.006900318,0.5346656026000001,0.0098925705,0.943192676,0.0615915202,0.4269461036,0.4269461036,legacy_sampled_case_control,False,1185561,spatial_climate_tsn_mlp,outputs/nn_global_full_spatial_tsn/metrics.json
Spatial climate TSN-MLP (global full),Neural,global full NN features,far_east,Far East,2022,2076,192,1884,0.0924855491,366,0.4836065574,0.921875,0.6344086022000001,0.0103844477,0.7221983414,0.020933708,0.9647691083,0.0665768421,0.4269461036,0.4269461036,legacy_sampled_case_control,False,1185561,spatial_climate_tsn_mlp,outputs/nn_global_full_spatial_tsn/metrics.json
Spatial climate TSN-MLP (global full),Neural,global full NN features,central_asia,Central Asia,2022,9862,698,9164,0.0707767187,2466,0.2380373074,0.840974212,0.3710493047,0.005129238,0.5214633426,0.0119996515,0.9089409756,0.09879173,0.4269461036,0.4269461036,legacy_sampled_case_control,False,1185561,spatial_climate_tsn_mlp,outputs/nn_global_full_spatial_tsn/metrics.json
Spatial climate TSN-MLP (global full),Neural,global full NN features,europe,Europe,2022,10330,382,9948,0.0369796709,1274,0.2221350078,0.7408376963000001,0.3417874396,0.0060975627,0.3949125163,0.02550465,0.922989072,0.0595561728,0.4269461036,0.4269461036,legacy_sampled_case_control,False,1185561,spatial_climate_tsn_mlp,outputs/nn_global_full_spatial_tsn/metrics.json
Spatial climate TSN-MLP (global full),Neural,global full NN features,global,Global,2023,60888,6898,53990,0.113289975,13855,0.4293035005,0.8622789214000001,0.5732183299,0.0010395337,0.6485774951000001,0.0046893109,0.9337428511,0.084923519,0.4269461036,0.4269461036,legacy_sampled_case_control,False,1185561,spatial_climate_tsn_mlp,outputs/nn_global_full_spatial_tsn/metrics.json
Spatial climate TSN-MLP (global full),Neural,global full NN features,eastern_siberia,Eastern Siberia,2023,18853,1391,17462,0.0737813611,3890,0.3138817481,0.8777857656,0.4624124219,0.003574814,0.5954352569,0.0103081311,0.9287868055,0.0817719519,0.4269461036,0.4269461036,legacy_sampled_case_control,False,1185561,spatial_climate_tsn_mlp,outputs/nn_global_full_spatial_tsn/metrics.json
Spatial climate TSN-MLP (global full),Neural,global full NN features,far_east,Far East,2023,2267,333,1934,0.1468901632,712,0.4311797753,0.9219219219,0.5875598086,0.0157181134,0.6437490265,0.0362471762,0.9320395887,0.1061575503,0.4269461036,0.4269461036,legacy_sampled_case_control,False,1185561,spatial_climate_tsn_mlp,outputs/nn_global_full_spatial_tsn/metrics.json
Spatial climate TSN-MLP (global full),Neural,global full NN features,central_asia,Central Asia,2023,9281,411,8870,0.0442840211,1682,0.1807372176,0.7396593674,0.2904921166,0.0052880915,0.3940070859,0.0112431884,0.9103100475,0.0834959254,0.4269461036,0.4269461036,legacy_sampled_case_control,False,1185561,spatial_climate_tsn_mlp,outputs/nn_global_full_spatial_tsn/metrics.json
Spatial climate TSN-MLP (global full),Neural,global full NN features,europe,Europe,2023,10456,494,9962,0.0472456006,1208,0.2657284768,0.6497975709,0.3772032902,0.0144872255,0.4694534288,0.0161977504,0.9101515922,0.0612783876,0.4269461036,0.4269461036,legacy_sampled_case_control,False,1185561,spatial_climate_tsn_mlp,outputs/nn_global_full_spatial_tsn/metrics.json
Spatial climate TSN-MLP (global full),Neural,global full NN features,global,Global,2024,65063,9134,55929,0.1403870095,16363,0.4781519281,0.8565798117000001,0.6137192611,0.0051536995,0.6382301967,0.0050075508,0.9205493949,0.0924221353,0.4269461036,0.4269461036,legacy_sampled_case_control,False,1185561,spatial_climate_tsn_mlp,outputs/nn_global_full_spatial_tsn/metrics.json
Spatial climate TSN-MLP (global full),Neural,global full NN features,eastern_siberia,Eastern Siberia,2024,26660,6189,20471,0.2321455364,11121,0.5147019153,0.924866699,0.6613518198,0.0024611766,0.6975813014000001,0.0055431619,0.9004792012,0.1266805738,0.4269461036,0.4269461036,legacy_sampled_case_control,False,1185561,spatial_climate_tsn_mlp,outputs/nn_global_full_spatial_tsn/metrics.json
Spatial climate TSN-MLP (global full),Neural,global full NN features,far_east,Far East,2024,2229,298,1931,0.1336922387,525,0.4857142857,0.855704698,0.6196840826000001,0.0170696445,0.6641728812000001,0.0228106655,0.9282077305,0.0856430907,0.4269461036,0.4269461036,legacy_sampled_case_control,False,1185561,spatial_climate_tsn_mlp,outputs/nn_global_full_spatial_tsn/metrics.json
Spatial climate TSN-MLP (global full),Neural,global full NN features,central_asia,Central Asia,2024,9003,187,8816,0.0207708542,1041,0.1316042267,0.7326203209000001,0.2231270358,0.0084540532,0.3612159399,0.0161570803,0.9175223463,0.0644795948,0.4269461036,0.4269461036,legacy_sampled_case_control,False,1185561,spatial_climate_tsn_mlp,outputs/nn_global_full_spatial_tsn/metrics.json
Spatial climate TSN-MLP (global full),Neural,global full NN features,europe,Europe,2024,10472,493,9979,0.0470779221,1383,0.2096890817,0.5882352941,0.3091684435,0.00808938,0.2691116764,0.018269224,0.8666068927,0.0712871845,0.4269461036,0.4269461036,legacy_sampled_case_control,False,1185561,spatial_climate_tsn_mlp,outputs/nn_global_full_spatial_tsn/metrics.json
Spatial climate TSN-MLP (global full),Neural,global full NN features,global,Global,2025,49672,3787,45885,0.0762401353,1559,0.0744066709,0.0306311064,0.0433969323,0.0051370854,0.0868090932,0.0017249264,0.5817341974,0.0900755239,0.4269461036,0.4269461036,legacy_sampled_case_control,False,1185561,spatial_climate_tsn_mlp,outputs/nn_global_full_spatial_tsn/metrics.json
Spatial climate TSN-MLP (global full),Neural,global full NN features,eastern_siberia,Eastern Siberia,2025,19162,2442,16720,0.1274397245,190,0.0105263158,0.0008190008,0.0015197568,0.0008301711,0.1344010067,0.0015910231,0.5838868079,0.1186306666,0.4269461036,0.4269461036,legacy_sampled_case_control,False,1185561,spatial_climate_tsn_mlp,outputs/nn_global_full_spatial_tsn/metrics.json
Spatial climate TSN-MLP (global full),Neural,global full NN features,far_east,Far East,2025,1744,137,1607,0.0785550459,335,0.023880597,0.0583941606,0.0338983051,0.006676913,0.0624608922,0.000768248,0.4238618453,0.1466749836,0.4269461036,0.4269461036,legacy_sampled_case_control,False,1185561,spatial_climate_tsn_mlp,outputs/nn_global_full_spatial_tsn/metrics.json
Spatial climate TSN-MLP (global full),Neural,global full NN features,central_asia,Central Asia,2025,7618,304,7314,0.039905487,93,0.2903225806,0.0888157895,0.1360201511,0.0217675586,0.1376651894,0.0160401169,0.7210583434000001,0.0546581293,0.4269461036,0.4269461036,legacy_sampled_case_control,False,1185561,spatial_climate_tsn_mlp,outputs/nn_global_full_spatial_tsn/metrics.json
Spatial climate TSN-MLP (global full),Neural,global full NN features,europe,Europe,2025,8878,632,8246,0.0711872043,472,0.1991525424,0.1487341772,0.1702898551,0.0096603384,0.1485587819,0.0119658866,0.7028087266,0.0839411754,0.4269461036,0.4269461036,legacy_sampled_case_control,False,1185561,spatial_climate_tsn_mlp,outputs/nn_global_full_spatial_tsn/metrics.json
Spatial climate TSN-MLP (global full),Neural,global full NN features,global,Global,2021-2023,206438,36593,169845,0.1772590318,60302,0.5433982289,0.8954718115,0.6763610093,0.0036830435,0.7471448006,0.0032935874,0.9379020952,0.0933793167,0.4269461036,0.4269461036,legacy_sampled_case_control,False,1185561,spatial_climate_tsn_mlp,outputs/nn_global_full_spatial_tsn/metrics.json
Spatial climate TSN-MLP (global full),Neural,global full NN features,eastern_siberia,Eastern Siberia,2021-2023,82438,22636,59802,0.2745821102,33076,0.6401015842000001,0.9353242622,0.7600516944,0.0017332045,0.8083507090000001,0.0022577603,0.9340330653,0.106130674,0.4269461036,0.4269461036,legacy_sampled_case_control,False,1185561,spatial_climate_tsn_mlp,outputs/nn_global_full_spatial_tsn/metrics.json
Spatial climate TSN-MLP (global full),Neural,global full NN features,far_east,Far East,2021-2023,6484,795,5689,0.1226095003,1543,0.4666234608,0.9056603774,0.6159110351,0.0148430228,0.6710027377000001,0.0136034056,0.9480756751,0.0853816922,0.4269461036,0.4269461036,legacy_sampled_case_control,False,1185561,spatial_climate_tsn_mlp,outputs/nn_global_full_spatial_tsn/metrics.json
Spatial climate TSN-MLP (global full),Neural,global full NN features,central_asia,Central Asia,2021-2023,29340,2012,27328,0.0685753238,6875,0.2384,0.814612326,0.3688533813,0.003255591,0.4713957339,0.0168967898,0.9043321853,0.0965932163,0.4269461036,0.4269461036,legacy_sampled_case_control,False,1185561,spatial_climate_tsn_mlp,outputs/nn_global_full_spatial_tsn/metrics.json
Spatial climate TSN-MLP (global full),Neural,global full NN features,europe,Europe,2021-2023,32712,1723,30989,0.0526718024,4255,0.2291421857,0.5658734765,0.3261960522,0.0040086241,0.3652721367,0.0136877369,0.8771941561000001,0.0692217328,0.4269461036,0.4269461036,legacy_sampled_case_control,False,1185561,spatial_climate_tsn_mlp,outputs/nn_global_full_spatial_tsn/metrics.json
Spatial climate TSN-MLP (global full),Neural,global full NN features,global,Global,2021-2025,321173,49514,271659,0.1541661348,78224,0.5204029454,0.8221513107,0.6373671108,0.0024894423,0.6915402662,0.0041562847,0.9151716112,0.0926744533,0.4269461036,0.4269461036,legacy_sampled_case_control,False,1185561,spatial_climate_tsn_mlp,outputs/nn_global_full_spatial_tsn/metrics.json
Spatial climate TSN-MLP (global full),Neural,global full NN features,eastern_siberia,Eastern Siberia,2021-2025,128260,31267,96993,0.2437782629,44387,0.6059882398,0.8602680142,0.7110793877,0.0017756898,0.7548509283,0.0022267583,0.9070124913,0.1122696509,0.4269461036,0.4269461036,legacy_sampled_case_control,False,1185561,spatial_climate_tsn_mlp,outputs/nn_global_full_spatial_tsn/metrics.json
Spatial climate TSN-MLP (global full),Neural,global full NN features,far_east,Far East,2021-2025,10457,1230,9227,0.1176245577,2403,0.4090719933,0.7991869919,0.5411505643,0.0051558168,0.6083816206,0.0112539474,0.9111895894,0.0956597985,0.4269461036,0.4269461036,legacy_sampled_case_control,False,1185561,spatial_climate_tsn_mlp,outputs/nn_global_full_spatial_tsn/metrics.json
Spatial climate TSN-MLP (global full),Neural,global full NN features,central_asia,Central Asia,2021-2025,45961,2503,43458,0.0544592154,8009,0.225121738,0.7203355973000001,0.3430365297,0.0062793036,0.4225040541,0.0097360787,0.8843350334000001,0.0833519808,0.4269461036,0.4269461036,legacy_sampled_case_control,False,1185561,spatial_climate_tsn_mlp,outputs/nn_global_full_spatial_tsn/metrics.json
Spatial climate TSN-MLP (global full),Neural,global full NN features,europe,Europe,2021-2025,52062,2848,49214,0.0547040068,6110,0.2224222586,0.4771769663,0.3034159411,0.0052469311,0.2990934134,0.0078059616,0.8432401737,0.0721472566,0.4269461036,0.4269461036,legacy_sampled_case_control,False,1185561,spatial_climate_tsn_mlp,outputs/nn_global_full_spatial_tsn/metrics.json
Spatial climate TSN-MLP (ECMWF global full),Neural,global full NN features,global,Global,2021,87238,24772,62466,0.2839588253,51045,0.4451562347,0.9172856451,0.5994170173000001,0.0019888581,0.6420051533000001,0.0042091424,0.8399304452,0.1511132631,0.2851233482,0.2851233482,legacy_sampled_case_control,False,1185561,spatial_climate_tsn_mlp,outputs/nn_global_full_spatial_tsn_ecmwf/metrics.json
Spatial climate TSN-MLP (ECMWF global full),Neural,global full NN features,eastern_siberia,Eastern Siberia,2021,44639,19789,24850,0.4433119021,32602,0.5640451506,0.9292536258,0.7019907999,0.001621168,0.7010326898,0.0035891326,0.7835465184,0.1898309941,0.2851233482,0.2851233482,legacy_sampled_case_control,False,1185561,spatial_climate_tsn_mlp,outputs/nn_global_full_spatial_tsn_ecmwf/metrics.json
Spatial climate TSN-MLP (ECMWF global full),Neural,global full NN features,far_east,Far East,2021,2141,270,1871,0.1261092947,1056,0.2443181818,0.9555555556,0.3891402715,0.0052550733,0.4495313936,0.0148640739,0.8899697132000001,0.1215196637,0.2851233482,0.2851233482,legacy_sampled_case_control,False,1185561,spatial_climate_tsn_mlp,outputs/nn_global_full_spatial_tsn_ecmwf/metrics.json
Spatial climate TSN-MLP (ECMWF global full),Neural,global full NN features,central_asia,Central Asia,2021,10197,903,9294,0.0885554575,5602,0.1542306319,0.9568106312,0.265641814,0.0022989485,0.3337491625,0.0118405353,0.8196011025000001,0.1166102279,0.2851233482,0.2851233482,legacy_sampled_case_control,False,1185561,spatial_climate_tsn_mlp,outputs/nn_global_full_spatial_tsn_ecmwf/metrics.json
Spatial climate TSN-MLP (ECMWF global full),Neural,global full NN features,europe,Europe,2021,11926,847,11079,0.071021298,4789,0.1720609731,0.9728453365,0.2924059617,0.0019176549,0.3769403527,0.0165795655,0.9003615549,0.0910443342,0.2851233482,0.2851233482,legacy_sampled_case_control,False,1185561,spatial_climate_tsn_mlp,outputs/nn_global_full_spatial_tsn_ecmwf/metrics.json
Spatial climate TSN-MLP (ECMWF global full),Neural,global full NN features,global,Global,2022,58312,4923,53389,0.0844251612,20990,0.1866126727,0.7956530571,0.3023192992,0.003138595,0.2888335657,0.0059197919,0.8276651407000001,0.096909796,0.2851233482,0.2851233482,legacy_sampled_case_control,False,1185561,spatial_climate_tsn_mlp,outputs/nn_global_full_spatial_tsn_ecmwf/metrics.json
Spatial climate TSN-MLP (ECMWF global full),Neural,global full NN features,eastern_siberia,Eastern Siberia,2022,18946,1456,17490,0.0768499947,6513,0.1618301858,0.7239010989,0.2645250345,0.0025508549,0.1887180612,0.0032150992,0.7790720286,0.1010446382,0.2851233482,0.2851233482,legacy_sampled_case_control,False,1185561,spatial_climate_tsn_mlp,outputs/nn_global_full_spatial_tsn_ecmwf/metrics.json
Spatial climate TSN-MLP (ECMWF global full),Neural,global full NN features,far_east,Far East,2022,2076,192,1884,0.0924855491,954,0.1907756813,0.9479166667,0.3176265271,0.0083255439,0.3091429792,0.007161393,0.8531880308,0.114681992,0.2851233482,0.2851233482,legacy_sampled_case_control,False,1185561,spatial_climate_tsn_mlp,outputs/nn_global_full_spatial_tsn_ecmwf/metrics.json
Spatial climate TSN-MLP (ECMWF global full),Neural,global full NN features,central_asia,Central Asia,2022,9862,698,9164,0.0707767187,4945,0.1373104146,0.9727793696,0.2406521354,0.0014261309,0.4446640628,0.017459865,0.8841442595000001,0.1033131328,0.2851233482,0.2851233482,legacy_sampled_case_control,False,1185561,spatial_climate_tsn_mlp,outputs/nn_global_full_spatial_tsn_ecmwf/metrics.json
Spatial climate TSN-MLP (ECMWF global full),Neural,global full NN features,europe,Europe,2022,10330,382,9948,0.0369796709,3371,0.1008602788,0.8900523560000001,0.1811883826,0.0035139562,0.224034276,0.0287813817,0.8778896334,0.0754664377,0.2851233482,0.2851233482,legacy_sampled_case_control,False,1185561,spatial_climate_tsn_mlp,outputs/nn_global_full_spatial_tsn_ecmwf/metrics.json
Spatial climate TSN-MLP (ECMWF global full),Neural,global full NN features,global,Global,2023,60888,6898,53990,0.113289975,25612,0.2413712322,0.8962017976000001,0.3803137496,0.0006625943,0.3975557097,0.0071675381,0.8505772441,0.1077573067,0.2851233482,0.2851233482,legacy_sampled_case_control,False,1185561,spatial_climate_tsn_mlp,outputs/nn_global_full_spatial_tsn_ecmwf/metrics.json
Spatial climate TSN-MLP (ECMWF global full),Neural,global full NN features,eastern_siberia,Eastern Siberia,2023,18853,1391,17462,0.0737813611,7610,0.1576872536,0.8626887132000001,0.2666370403,0.0026005901,0.2492349763,0.0073868296,0.8196725172,0.1030167624,0.2851233482,0.2851233482,legacy_sampled_case_control,False,1185561,spatial_climate_tsn_mlp,outputs/nn_global_full_spatial_tsn_ecmwf/metrics.json
Spatial climate TSN-MLP (ECMWF global full),Neural,global full NN features,far_east,Far East,2023,2267,333,1934,0.1468901632,1351,0.2390821614,0.96996997,0.3836104513,0.0064616608,0.3621061017,0.0138513589,0.8346236619,0.1451523299,0.2851233482,0.2851233482,legacy_sampled_case_control,False,1185561,spatial_climate_tsn_mlp,outputs/nn_global_full_spatial_tsn_ecmwf/metrics.json
Spatial climate TSN-MLP (ECMWF global full),Neural,global full NN features,central_asia,Central Asia,2023,9281,411,8870,0.0442840211,4568,0.0875656743,0.9732360097,0.1606748343,0.0020662858,0.3093830838,0.026063189,0.8629511983,0.1033036415,0.2851233482,0.2851233482,legacy_sampled_case_control,False,1185561,spatial_climate_tsn_mlp,outputs/nn_global_full_spatial_tsn_ecmwf/metrics.json
Spatial climate TSN-MLP (ECMWF global full),Neural,global full NN features,europe,Europe,2023,10456,494,9962,0.0472456006,3284,0.1443361754,0.95951417,0.2509264161,0.0042159373,0.3969940212,0.0191005485,0.9271413558,0.071926223,0.2851233482,0.2851233482,legacy_sampled_case_control,False,1185561,spatial_climate_tsn_mlp,outputs/nn_global_full_spatial_tsn_ecmwf/metrics.json
Spatial climate TSN-MLP (ECMWF global full),Neural,global full NN features,global,Global,2024,65063,9134,55929,0.1403870095,27316,0.2535876409,0.7583753011000001,0.3800823045,0.0007942219,0.3365330603,0.0025163928,0.7770108013,0.1246946261,0.2851233482,0.2851233482,legacy_sampled_case_control,False,1185561,spatial_climate_tsn_mlp,outputs/nn_global_full_spatial_tsn_ecmwf/metrics.json
Spatial climate TSN-MLP (ECMWF global full),Neural,global full NN features,eastern_siberia,Eastern Siberia,2024,26660,6189,20471,0.2321455364,14870,0.3443174176,0.8272741962,0.4862529085,0.0033146549,0.3997593905,0.0083295819,0.7349260116,0.1676423867,0.2851233482,0.2851233482,legacy_sampled_case_control,False,1185561,spatial_climate_tsn_mlp,outputs/nn_global_full_spatial_tsn_ecmwf/metrics.json
Spatial climate TSN-MLP (ECMWF global full),Neural,global full NN features,far_east,Far East,2024,2229,298,1931,0.1336922387,1312,0.2263719512,0.9966442953,0.3689440994,0.0033268528,0.4538560241,0.0119494068,0.8918389123,0.1394974349,0.2851233482,0.2851233482,legacy_sampled_case_control,False,1185561,spatial_climate_tsn_mlp,outputs/nn_global_full_spatial_tsn_ecmwf/metrics.json
Spatial climate TSN-MLP (ECMWF global full),Neural,global full NN features,central_asia,Central Asia,2024,9003,187,8816,0.0207708542,3863,0.0468547761,0.9679144385,0.089382716,0.0010267498,0.3003298783,0.0501707401,0.9148443035,0.083208832,0.2851233482,0.2851233482,legacy_sampled_case_control,False,1185561,spatial_climate_tsn_mlp,outputs/nn_global_full_spatial_tsn_ecmwf/metrics.json
Spatial climate TSN-MLP (ECMWF global full),Neural,global full NN features,europe,Europe,2024,10472,493,9979,0.0470779221,3476,0.1262945915,0.8904665314,0.2212144117,0.0043359311,0.2224988626,0.0050716578,0.8579750742000001,0.0791556709,0.2851233482,0.2851233482,legacy_sampled_case_control,False,1185561,spatial_climate_tsn_mlp,outputs/nn_global_full_spatial_tsn_ecmwf/metrics.json
Spatial climate TSN-MLP (ECMWF global full),Neural,global full NN features,global,Global,2025,49672,3787,45885,0.0762401353,17733,0.1915637512,0.8970161077000001,0.3157063197,0.0015505536,0.3093814253,0.0013280296,0.8618151675,0.0916461425,0.2851233482,0.2851233482,legacy_sampled_case_control,False,1185561,spatial_climate_tsn_mlp,outputs/nn_global_full_spatial_tsn_ecmwf/metrics.json
Spatial climate TSN-MLP (ECMWF global full),Neural,global full NN features,eastern_siberia,Eastern Siberia,2025,19162,2442,16720,0.1274397245,8336,0.2762715931,0.9430794431,0.4273520134,0.0022685055,0.3850302326,0.0120550978,0.8629381067,0.1133993388,0.2851233482,0.2851233482,legacy_sampled_case_control,False,1185561,spatial_climate_tsn_mlp,outputs/nn_global_full_spatial_tsn_ecmwf/metrics.json
Spatial climate TSN-MLP (ECMWF global full),Neural,global full NN features,far_east,Far East,2025,1744,137,1607,0.0785550459,669,0.2047832586,1.0,0.3399503722,0.0072000488,0.3702288937,0.0178371698,0.9185679441,0.0938677584,0.2851233482,0.2851233482,legacy_sampled_case_control,False,1185561,spatial_climate_tsn_mlp,outputs/nn_global_full_spatial_tsn_ecmwf/metrics.json
Spatial climate TSN-MLP (ECMWF global full),Neural,global full NN features,central_asia,Central Asia,2025,7618,304,7314,0.039905487,3577,0.0774391949,0.9111842105,0.1427467148,0.0041383469,0.1813877924,0.01894634,0.8092923809,0.0973888138,0.2851233482,0.2851233482,legacy_sampled_case_control,False,1185561,spatial_climate_tsn_mlp,outputs/nn_global_full_spatial_tsn_ecmwf/metrics.json
Spatial climate TSN-MLP (ECMWF global full),Neural,global full NN features,europe,Europe,2025,8878,632,8246,0.0711872043,3232,0.177289604,0.9066455696,0.2965838509,0.0034682973,0.2884309548,0.0123939334,0.8630367773000001,0.0884826245,0.2851233482,0.2851233482,legacy_sampled_case_control,False,1185561,spatial_climate_tsn_mlp,outputs/nn_global_full_spatial_tsn_ecmwf/metrics.json
Spatial climate TSN-MLP (ECMWF global full),Neural,global full NN features,global,Global,2021-2023,206438,36593,169845,0.1772590318,97647,0.3361291182,0.8969475036000001,0.4890047676,0.0014951141,0.5541416003,0.0051051142,0.8569508396000001,0.1230148992,0.2851233482,0.2851233482,legacy_sampled_case_control,False,1185561,spatial_climate_tsn_mlp,outputs/nn_global_full_spatial_tsn_ecmwf/metrics.json
Spatial climate TSN-MLP (ECMWF global full),Neural,global full NN features,eastern_siberia,Eastern Siberia,2021-2023,82438,22636,59802,0.2745821102,46725,0.4417977528,0.9119544089,0.5952336327000001,0.0017308416,0.6398988279000001,0.0029636576,0.8407340475,0.1495721934,0.2851233482,0.2851233482,legacy_sampled_case_control,False,1185561,spatial_climate_tsn_mlp,outputs/nn_global_full_spatial_tsn_ecmwf/metrics.json
Spatial climate TSN-MLP (ECMWF global full),Neural,global full NN features,far_east,Far East,2021-2023,6484,795,5689,0.1226095003,3361,0.2270157691,0.9597484277,0.3671799808,0.0061259699,0.3808764585,0.0069968204,0.8629819656000001,0.1275931134,0.2851233482,0.2851233482,legacy_sampled_case_control,False,1185561,spatial_climate_tsn_mlp,outputs/nn_global_full_spatial_tsn_ecmwf/metrics.json
Spatial climate TSN-MLP (ECMWF global full),Neural,global full NN features,central_asia,Central Asia,2021-2023,29340,2012,27328,0.0685753238,15115,0.1285478002,0.9657057654,0.2268932096,0.0012287597,0.3528220509,0.0113669615,0.8519097923000001,0.1079314828,0.2851233482,0.2851233482,legacy_sampled_case_control,False,1185561,spatial_climate_tsn_mlp,outputs/nn_global_full_spatial_tsn_ecmwf/metrics.json
Spatial climate TSN-MLP (ECMWF global full),Neural,global full NN features,europe,Europe,2021-2023,32712,1723,30989,0.0526718024,11444,0.1431317721,0.9506674405,0.2488038278,0.0016867222,0.3394269041,0.0136334234,0.9056169689,0.0800141728,0.2851233482,0.2851233482,legacy_sampled_case_control,False,1185561,spatial_climate_tsn_mlp,outputs/nn_global_full_spatial_tsn_ecmwf/metrics.json
Spatial climate TSN-MLP (ECMWF global full),Neural,global full NN features,global,Global,2021-2025,321173,49514,271659,0.1541661348,142696,0.3023630655,0.8713899099,0.4489464648,0.0010911337,0.4981894773,0.0036070874,0.8456781622,0.1185037453,0.2851233482,0.2851233482,legacy_sampled_case_control,False,1185561,spatial_climate_tsn_mlp,outputs/nn_global_full_spatial_tsn_ecmwf/metrics.json
Spatial climate TSN-MLP (ECMWF global full),Neural,global full NN features,eastern_siberia,Eastern Siberia,2021-2025,128260,31267,96993,0.2437782629,69931,0.4013384622,0.8976236927000001,0.5546749936,0.000714864,0.5823210295,0.0036938146,0.8264415811,0.1479240343,0.2851233482,0.2851233482,legacy_sampled_case_control,False,1185561,spatial_climate_tsn_mlp,outputs/nn_global_full_spatial_tsn_ecmwf/metrics.json
Spatial climate TSN-MLP (ECMWF global full),Neural,global full NN features,far_east,Far East,2021-2025,10457,1230,9227,0.1176245577,5342,0.2240733808,0.9731707317,0.3642726719,0.0029866595,0.3995985128,0.0087784349,0.8768927529,0.1245059673,0.2851233482,0.2851233482,legacy_sampled_case_control,False,1185561,spatial_climate_tsn_mlp,outputs/nn_global_full_spatial_tsn_ecmwf/metrics.json
Spatial climate TSN-MLP (ECMWF global full),Neural,global full NN features,central_asia,Central Asia,2021-2025,45961,2503,43458,0.0544592154,22555,0.1064508978,0.9592489013,0.1916354059,0.0005879448,0.3232094781,0.0083843413,0.8579198404,0.1013412851,0.2851233482,0.2851233482,legacy_sampled_case_control,False,1185561,spatial_climate_tsn_mlp,outputs/nn_global_full_spatial_tsn_ecmwf/metrics.json
Spatial climate TSN-MLP (ECMWF global full),Neural,global full NN features,europe,Europe,2021-2025,52062,2848,49214,0.0547040068,18152,0.1459894227,0.9304775281,0.2523809524,0.0011171058,0.3039434226,0.0071800643,0.8879430897,0.081285593,0.2851233482,0.2851233482,legacy_sampled_case_control,False,1185561,spatial_climate_tsn_mlp,outputs/nn_global_full_spatial_tsn_ecmwf/metrics.json
Spatial climate TSN-MLP no tp (ERA5 global full),Neural,global full NN features,global,Global,2021,87238,24772,62466,0.2839588253,35467,0.624580596,0.8942354271,0.7354703763,0.0014451424,0.7772174948,0.0031764385,0.9158827214,0.1124917626,0.3871046007,0.3871046007,legacy_sampled_case_control,False,1185561,spatial_climate_tsn_mlp,outputs/nn_global_full_spatial_tsn_no_tp/metrics.json
Spatial climate TSN-MLP no tp (ERA5 global full),Neural,global full NN features,eastern_siberia,Eastern Siberia,2021,44639,19789,24850,0.4433119021,25905,0.7059254970000001,0.9240992471,0.8004114326,0.0019146943,0.8166568818000001,0.0034210643,0.8855052138,0.1392991743,0.3871046007,0.3871046007,legacy_sampled_case_control,False,1185561,spatial_climate_tsn_mlp,outputs/nn_global_full_spatial_tsn_no_tp/metrics.json
Spatial climate TSN-MLP no tp (ERA5 global full),Neural,global full NN features,far_east,Far East,2021,2141,270,1871,0.1261092947,506,0.4802371542,0.9,0.6262886598,0.0100745845,0.6341506231,0.0211850166,0.9311944494,0.0779948911,0.3871046007,0.3871046007,legacy_sampled_case_control,False,1185561,spatial_climate_tsn_mlp,outputs/nn_global_full_spatial_tsn_no_tp/metrics.json
Spatial climate TSN-MLP no tp (ERA5 global full),Neural,global full NN features,central_asia,Central Asia,2021,10197,903,9294,0.0885554575,2985,0.2613065327,0.8637873754000001,0.4012345679,0.0039728446,0.4506632745,0.010290885,0.8900968152000001,0.1001579623,0.3871046007,0.3871046007,legacy_sampled_case_control,False,1185561,spatial_climate_tsn_mlp,outputs/nn_global_full_spatial_tsn_no_tp/metrics.json
Spatial climate TSN-MLP no tp (ERA5 global full),Neural,global full NN features,europe,Europe,2021,11926,847,11079,0.071021298,1724,0.2088167053,0.4250295159,0.2800466744,0.0133287017,0.3092755539,0.0122246365,0.8355728042,0.0758093337,0.3871046007,0.3871046007,legacy_sampled_case_control,False,1185561,spatial_climate_tsn_mlp,outputs/nn_global_full_spatial_tsn_no_tp/metrics.json
Spatial climate TSN-MLP no tp (ERA5 global full),Neural,global full NN features,global,Global,2022,58312,4923,53389,0.0844251612,10522,0.3850978901,0.8230753606000001,0.5247005503000001,0.0027527151,0.5483656498,0.0087640067,0.9328659844,0.0653026917,0.3871046007,0.3871046007,legacy_sampled_case_control,False,1185561,spatial_climate_tsn_mlp,outputs/nn_global_full_spatial_tsn_no_tp/metrics.json
Spatial climate TSN-MLP no tp (ERA5 global full),Neural,global full NN features,eastern_siberia,Eastern Siberia,2022,18946,1456,17490,0.0768499947,2747,0.4157262468,0.7843406593000001,0.5434213657,0.0084284301,0.5101528775,0.0086809604,0.9370086478,0.0561390425,0.3871046007,0.3871046007,legacy_sampled_case_control,False,1185561,spatial_climate_tsn_mlp,outputs/nn_global_full_spatial_tsn_no_tp/metrics.json
Spatial climate TSN-MLP no tp (ERA5 global full),Neural,global full NN features,far_east,Far East,2022,2076,192,1884,0.0924855491,375,0.4853333333,0.9479166667,0.6419753086000001,0.0209468965,0.7054469720000001,0.0387564541,0.9695655299,0.0574491438,0.3871046007,0.3871046007,legacy_sampled_case_control,False,1185561,spatial_climate_tsn_mlp,outputs/nn_global_full_spatial_tsn_no_tp/metrics.json
Spatial climate TSN-MLP no tp (ERA5 global full),Neural,global full NN features,central_asia,Central Asia,2022,9862,698,9164,0.0707767187,2665,0.2296435272,0.8767908309,0.3639607493,0.0086330133,0.520823353,0.0093385833,0.9093914583,0.0923463067,0.3871046007,0.3871046007,legacy_sampled_case_control,False,1185561,spatial_climate_tsn_mlp,outputs/nn_global_full_spatial_tsn_no_tp/metrics.json
Spatial climate TSN-MLP no tp (ERA5 global full),Neural,global full NN features,europe,Europe,2022,10330,382,9948,0.0369796709,1154,0.2374350087,0.7172774869,0.3567708333,0.0115343705,0.4271169852,0.0276992376,0.9235872085,0.0486316038,0.3871046007,0.3871046007,legacy_sampled_case_control,False,1185561,spatial_climate_tsn_mlp,outputs/nn_global_full_spatial_tsn_no_tp/metrics.json
Spatial climate TSN-MLP no tp (ERA5 global full),Neural,global full NN features,global,Global,2023,60888,6898,53990,0.113289975,13925,0.412567325,0.8328501015,0.5517936897,0.0018021136,0.6103282013,0.0043813169,0.9193391953,0.0798625323,0.3871046007,0.3871046007,legacy_sampled_case_control,False,1185561,spatial_climate_tsn_mlp,outputs/nn_global_full_spatial_tsn_no_tp/metrics.json
Spatial climate TSN-MLP no tp (ERA5 global full),Neural,global full NN features,eastern_siberia,Eastern Siberia,2023,18853,1391,17462,0.0737813611,3923,0.3058883508,0.8626887132000001,0.4516371848,0.0026516352,0.5885816719,0.0089315543,0.9256476073,0.072833562,0.3871046007,0.3871046007,legacy_sampled_case_control,False,1185561,spatial_climate_tsn_mlp,outputs/nn_global_full_spatial_tsn_no_tp/metrics.json
Spatial climate TSN-MLP no tp (ERA5 global full),Neural,global full NN features,far_east,Far East,2023,2267,333,1934,0.1468901632,745,0.4134228188,0.9249249249,0.5714285714,0.0092485191,0.6698938075,0.0429027303,0.9271251603,0.1007735016,0.3871046007,0.3871046007,legacy_sampled_case_control,False,1185561,spatial_climate_tsn_mlp,outputs/nn_global_full_spatial_tsn_no_tp/metrics.json
Spatial climate TSN-MLP no tp (ERA5 global full),Neural,global full NN features,central_asia,Central Asia,2023,9281,411,8870,0.0442840211,1942,0.1745623069,0.8248175182,0.2881427964,0.0062544986,0.3955678672,0.0204525498,0.9119147349,0.0785041961,0.3871046007,0.3871046007,legacy_sampled_case_control,False,1185561,spatial_climate_tsn_mlp,outputs/nn_global_full_spatial_tsn_no_tp/metrics.json
Spatial climate TSN-MLP no tp (ERA5 global full),Neural,global full NN features,europe,Europe,2023,10456,494,9962,0.0472456006,1245,0.2578313253,0.6497975709,0.3691776883,0.0092588135,0.5055337666,0.0269792835,0.9164203528,0.0512833156,0.3871046007,0.3871046007,legacy_sampled_case_control,False,1185561,spatial_climate_tsn_mlp,outputs/nn_global_full_spatial_tsn_no_tp/metrics.json
Spatial climate TSN-MLP no tp (ERA5 global full),Neural,global full NN features,global,Global,2024,65063,9134,55929,0.1403870095,15259,0.4942656793,0.8257061528,0.6183741237,0.0025262652,0.6369250702,0.0058161622,0.9221445935,0.0820596818,0.3871046007,0.3871046007,legacy_sampled_case_control,False,1185561,spatial_climate_tsn_mlp,outputs/nn_global_full_spatial_tsn_no_tp/metrics.json
Spatial climate TSN-MLP no tp (ERA5 global full),Neural,global full NN features,eastern_siberia,Eastern Siberia,2024,26660,6189,20471,0.2321455364,9721,0.5469601893,0.8591048635,0.6683846637,0.0018336332,0.6876846346000001,0.0027277079,0.8955803543,0.1149834308,0.3871046007,0.3871046007,legacy_sampled_case_control,False,1185561,spatial_climate_tsn_mlp,outputs/nn_global_full_spatial_tsn_no_tp/metrics.json
Spatial climate TSN-MLP no tp (ERA5 global full),Neural,global full NN features,far_east,Far East,2024,2229,298,1931,0.1336922387,463,0.524838013,0.8154362416000001,0.6386333771,0.01791209,0.6523679385000001,0.0387141183,0.930908282,0.075726077,0.3871046007,0.3871046007,legacy_sampled_case_control,False,1185561,spatial_climate_tsn_mlp,outputs/nn_global_full_spatial_tsn_no_tp/metrics.json
Spatial climate TSN-MLP no tp (ERA5 global full),Neural,global full NN features,central_asia,Central Asia,2024,9003,187,8816,0.0207708542,1363,0.1122523844,0.8181818182,0.1974193548,0.0055944474,0.362094647,0.0195523846,0.9217501965,0.0600266192,0.3871046007,0.3871046007,legacy_sampled_case_control,False,1185561,spatial_climate_tsn_mlp,outputs/nn_global_full_spatial_tsn_no_tp/metrics.json
Spatial climate TSN-MLP no tp (ERA5 global full),Neural,global full NN features,europe,Europe,2024,10472,493,9979,0.0470779221,1286,0.2293934681,0.5983772819000001,0.3316469927,0.0152691469,0.3280706613,0.0185179015,0.8832371510000001,0.0573406946,0.3871046007,0.3871046007,legacy_sampled_case_control,False,1185561,spatial_climate_tsn_mlp,outputs/nn_global_full_spatial_tsn_no_tp/metrics.json
Spatial climate TSN-MLP no tp (ERA5 global full),Neural,global full NN features,global,Global,2025,49672,3787,45885,0.0762401353,1166,0.0866209262,0.0266701875,0.0407833636,0.0044533539,0.0778277503,0.0014415675,0.5050197019,0.0825823636,0.3871046007,0.3871046007,legacy_sampled_case_control,False,1185561,spatial_climate_tsn_mlp,outputs/nn_global_full_spatial_tsn_no_tp/metrics.json
Spatial climate TSN-MLP no tp (ERA5 global full),Neural,global full NN features,eastern_siberia,Eastern Siberia,2025,19162,2442,16720,0.1274397245,68,0.0294117647,0.0008190008,0.0015936255,0.0016533079,0.1104952759,0.0026043869,0.4751909981,0.1185656866,0.3871046007,0.3871046007,legacy_sampled_case_control,False,1185561,spatial_climate_tsn_mlp,outputs/nn_global_full_spatial_tsn_no_tp/metrics.json
Spatial climate TSN-MLP no tp (ERA5 global full),Neural,global full NN features,far_east,Far East,2025,1744,137,1607,0.0785550459,351,0.0199430199,0.0510948905,0.0286885246,0.0073491859,0.0567210915,0.0021203985,0.3618157786,0.1365516916,0.3871046007,0.3871046007,legacy_sampled_case_control,False,1185561,spatial_climate_tsn_mlp,outputs/nn_global_full_spatial_tsn_no_tp/metrics.json
Spatial climate TSN-MLP no tp (ERA5 global full),Neural,global full NN features,central_asia,Central Asia,2025,7618,304,7314,0.039905487,79,0.3544303797,0.0921052632,0.1462140992,0.0320197676,0.1559904937,0.0204275047,0.7208694483,0.0433208951,0.3871046007,0.3871046007,legacy_sampled_case_control,False,1185561,spatial_climate_tsn_mlp,outputs/nn_global_full_spatial_tsn_no_tp/metrics.json
Spatial climate TSN-MLP no tp (ERA5 global full),Neural,global full NN features,europe,Europe,2025,8878,632,8246,0.0711872043,322,0.2236024845,0.1139240506,0.1509433962,0.0149105655,0.1617253552,0.0100336882,0.6673784297,0.073444558,0.3871046007,0.3871046007,legacy_sampled_case_control,False,1185561,spatial_climate_tsn_mlp,outputs/nn_global_full_spatial_tsn_no_tp/metrics.json
Spatial climate TSN-MLP no tp (ERA5 global full),Neural,global full NN features,global,Global,2021-2023,206438,36593,169845,0.1772590318,59914,0.533247655,0.8730904818,0.6621074119,0.0034128839,0.7202973797000001,0.0034337355,0.9289506286,0.0895385385,0.3871046007,0.3871046007,legacy_sampled_case_control,False,1185561,spatial_climate_tsn_mlp,outputs/nn_global_full_spatial_tsn_no_tp/metrics.json
Spatial climate TSN-MLP no tp (ERA5 global full),Neural,global full NN features,eastern_siberia,Eastern Siberia,2021-2023,82438,22636,59802,0.2745821102,32575,0.633277053,0.9113359251,0.7472786220000001,0.0020698145,0.7860348782000001,0.0025205691,0.9258601782,0.1049869876,0.3871046007,0.3871046007,legacy_sampled_case_control,False,1185561,spatial_climate_tsn_mlp,outputs/nn_global_full_spatial_tsn_no_tp/metrics.json
Spatial climate TSN-MLP no tp (ERA5 global full),Neural,global full NN features,far_east,Far East,2021-2023,6484,795,5689,0.1226095003,1626,0.450799508,0.9220125786,0.6055349029,0.002505291,0.6581674085,0.0090516806,0.9410345022,0.0793807854,0.3871046007,0.3871046007,legacy_sampled_case_control,False,1185561,spatial_climate_tsn_mlp,outputs/nn_global_full_spatial_tsn_no_tp/metrics.json
Spatial climate TSN-MLP no tp (ERA5 global full),Neural,global full NN features,central_asia,Central Asia,2021-2023,29340,2012,27328,0.0685753238,7592,0.2280031612,0.8603379722000001,0.3604748022,0.0031018954,0.4590355578,0.0132861086,0.9033349668,0.0906825993,0.3871046007,0.3871046007,legacy_sampled_case_control,False,1185561,spatial_climate_tsn_mlp,outputs/nn_global_full_spatial_tsn_no_tp/metrics.json
Spatial climate TSN-MLP no tp (ERA5 global full),Neural,global full NN features,europe,Europe,2021-2023,32712,1723,30989,0.0526718024,4123,0.2316274557,0.5542658154,0.3267191242,0.0053467434,0.393460671,0.0109149988,0.8855294018000001,0.0593875314,0.3871046007,0.3871046007,legacy_sampled_case_control,False,1185561,spatial_climate_tsn_mlp,outputs/nn_global_full_spatial_tsn_no_tp/metrics.json
Spatial climate TSN-MLP no tp (ERA5 global full),Neural,global full NN features,global,Global,2021-2025,321173,49514,271659,0.1541661348,76339,0.5186339879,0.7996122309,0.629178486,0.0016046916,0.6712284232,0.0068594508,0.9071885802,0.0869476483,0.3871046007,0.3871046007,legacy_sampled_case_control,False,1185561,spatial_climate_tsn_mlp,outputs/nn_global_full_spatial_tsn_no_tp/metrics.json
Spatial climate TSN-MLP no tp (ERA5 global full),Neural,global full NN features,eastern_siberia,Eastern Siberia,2021-2025,128260,31267,96993,0.2437782629,42364,0.6125011802,0.8298845428,0.7048118320000001,0.0019393788,0.7377589551,0.0021458378,0.8977174990000001,0.1090934916,0.3871046007,0.3871046007,legacy_sampled_case_control,False,1185561,spatial_climate_tsn_mlp,outputs/nn_global_full_spatial_tsn_no_tp/metrics.json
Spatial climate TSN-MLP no tp (ERA5 global full),Neural,global full NN features,far_east,Far East,2021-2025,10457,1230,9227,0.1176245577,2440,0.4028688525,0.7991869919,0.5356948229,0.0026602899,0.5838076289,0.0144272526,0.8996592714,0.0881366155,0.3871046007,0.3871046007,legacy_sampled_case_control,False,1185561,spatial_climate_tsn_mlp,outputs/nn_global_full_spatial_tsn_no_tp/metrics.json
Spatial climate TSN-MLP no tp (ERA5 global full),Neural,global full NN features,central_asia,Central Asia,2021-2025,45961,2503,43458,0.0544592154,9034,0.2116448971,0.76388334,0.3314553177,0.0035333032,0.4131920543,0.0084977153,0.881472322,0.076827434,0.3871046007,0.3871046007,legacy_sampled_case_control,False,1185561,spatial_climate_tsn_mlp,outputs/nn_global_full_spatial_tsn_no_tp/metrics.json
Spatial climate TSN-MLP no tp (ERA5 global full),Neural,global full NN features,europe,Europe,2021-2025,52062,2848,49214,0.0547040068,5731,0.2306752748,0.4641853933,0.3081944283,0.004769311,0.3335382537,0.0091079731,0.8473207031000001,0.0613729297,0.3871046007,0.3871046007,legacy_sampled_case_control,False,1185561,spatial_climate_tsn_mlp,outputs/nn_global_full_spatial_tsn_no_tp/metrics.json
TemporalConvNet / TSN-MLP (global full),Neural,global full NN features,global,Global,2021,87238,24772,62466,0.2839588253,60593,0.3935933194,0.9627401905,0.5587535875,0.0009668545,0.5867034483,0.0023450805,0.8172375919,0.1571813208,0.1911493838,0.1911493838,legacy_sampled_case_control,False,1185561,tsn_mlp,outputs/nn_global_full_tsn/metrics.json
TemporalConvNet / TSN-MLP (global full),Neural,global full NN features,eastern_siberia,Eastern Siberia,2021,44639,19789,24850,0.4433119021,36488,0.5204450778,0.9596240336,0.6748760595000001,0.000824493,0.6455098920000001,0.003836436,0.7460979857000001,0.2025951656,0.1911493838,0.1911493838,legacy_sampled_case_control,False,1185561,tsn_mlp,outputs/nn_global_full_tsn/metrics.json
TemporalConvNet / TSN-MLP (global full),Neural,global full NN features,far_east,Far East,2021,2141,270,1871,0.1261092947,1271,0.2029897718,0.9555555556,0.3348475016,0.0062360379,0.5038669224,0.0218225959,0.8845101649,0.1096981591,0.1911493838,0.1911493838,legacy_sampled_case_control,False,1185561,tsn_mlp,outputs/nn_global_full_tsn/metrics.json
TemporalConvNet / TSN-MLP (global full),Neural,global full NN features,central_asia,Central Asia,2021,10197,903,9294,0.0885554575,6902,0.1303969864,0.9966777409,0.2306213965,0.0014092338,0.3457667657,0.0095043773,0.8303594217,0.1253442686,0.1911493838,0.1911493838,legacy_sampled_case_control,False,1185561,tsn_mlp,outputs/nn_global_full_tsn/metrics.json
TemporalConvNet / TSN-MLP (global full),Neural,global full NN features,europe,Europe,2021,11926,847,11079,0.071021298,5524,0.1507965243,0.9834710744,0.2614974101,0.0041256655,0.3810105391,0.0129543779,0.8904550799000001,0.080974167,0.1911493838,0.1911493838,legacy_sampled_case_control,False,1185561,tsn_mlp,outputs/nn_global_full_tsn/metrics.json
TemporalConvNet / TSN-MLP (global full),Neural,global full NN features,global,Global,2022,58312,4923,53389,0.0844251612,30510,0.152605703,0.9457647776,0.2628058589,0.0011561656,0.2614309926,0.0043096748,0.8219723851,0.1008577512,0.1911493838,0.1911493838,legacy_sampled_case_control,False,1185561,tsn_mlp,outputs/nn_global_full_tsn/metrics.json
TemporalConvNet / TSN-MLP (global full),Neural,global full NN features,eastern_siberia,Eastern Siberia,2022,18946,1456,17490,0.0768499947,9883,0.1448952747,0.9835164835,0.2525795926,0.0019267204,0.1689186744,0.0047159966,0.790831633,0.1039290407,0.1911493838,0.1911493838,legacy_sampled_case_control,False,1185561,tsn_mlp,outputs/nn_global_full_tsn/metrics.json
TemporalConvNet / TSN-MLP (global full),Neural,global full NN features,far_east,Far East,2022,2076,192,1884,0.0924855491,1439,0.1334259903,1.0,0.2354383814,0.0038564682,0.309612441,0.0391331937,0.8576029503,0.1221197134,0.1911493838,0.1911493838,legacy_sampled_case_control,False,1185561,tsn_mlp,outputs/nn_global_full_tsn/metrics.json
TemporalConvNet / TSN-MLP (global full),Neural,global full NN features,central_asia,Central Asia,2022,9862,698,9164,0.0707767187,6337,0.1088843301,0.9885386819,0.1961620469,0.0020134063,0.3076202967,0.0129659692,0.8374108415,0.1187591864,0.1911493838,0.1911493838,legacy_sampled_case_control,False,1185561,tsn_mlp,outputs/nn_global_full_tsn/metrics.json
TemporalConvNet / TSN-MLP (global full),Neural,global full NN features,europe,Europe,2022,10330,382,9948,0.0369796709,4160,0.0855769231,0.9319371728,0.1567591369,0.002645027,0.2692175311,0.0208595074,0.874732378,0.0666510401,0.1911493838,0.1911493838,legacy_sampled_case_control,False,1185561,tsn_mlp,outputs/nn_global_full_tsn/metrics.json
TemporalConvNet / TSN-MLP (global full),Neural,global full NN features,global,Global,2023,60888,6898,53990,0.113289975,34368,0.193115689,0.9621629458,0.3216691707,0.001586265,0.346785849,0.0082125972,0.8330352310000001,0.1081208696,0.1911493838,0.1911493838,legacy_sampled_case_control,False,1185561,tsn_mlp,outputs/nn_global_full_tsn/metrics.json
TemporalConvNet / TSN-MLP (global full),Neural,global full NN features,eastern_siberia,Eastern Siberia,2023,18853,1391,17462,0.0737813611,11342,0.1166460942,0.9511143063,0.2078064871,0.0014696879,0.2288471798,0.005391701,0.8164293447000001,0.1034490164,0.1911493838,0.1911493838,legacy_sampled_case_control,False,1185561,tsn_mlp,outputs/nn_global_full_tsn/metrics.json
TemporalConvNet / TSN-MLP (global full),Neural,global full NN features,far_east,Far East,2023,2267,333,1934,0.1468901632,1712,0.1939252336,0.996996997,0.3246943765,0.0031582323,0.4607322922,0.0236567296,0.8549086832,0.1396331181,0.1911493838,0.1911493838,legacy_sampled_case_control,False,1185561,tsn_mlp,outputs/nn_global_full_tsn/metrics.json
TemporalConvNet / TSN-MLP (global full),Neural,global full NN features,central_asia,Central Asia,2023,9281,411,8870,0.0442840211,5819,0.0702869909,0.99513382,0.1313001605,0.0009726184,0.2545112461,0.0131727632,0.842093006,0.1098120245,0.1911493838,0.1911493838,legacy_sampled_case_control,False,1185561,tsn_mlp,outputs/nn_global_full_tsn/metrics.json
TemporalConvNet / TSN-MLP (global full),Neural,global full NN features,europe,Europe,2023,10456,494,9962,0.0472456006,3881,0.1247101263,0.979757085,0.2212571429,0.0035613944,0.4639379987,0.0153483317,0.9366349212,0.0613083204,0.1911493838,0.1911493838,legacy_sampled_case_control,False,1185561,tsn_mlp,outputs/nn_global_full_tsn/metrics.json
TemporalConvNet / TSN-MLP (global full),Neural,global full NN features,global,Global,2024,65063,9134,55929,0.1403870095,36459,0.2132258153,0.8511057587,0.3410172614,0.0018940354,0.3201186026,0.0063153462,0.7545552207,0.1276175895,0.1911493838,0.1911493838,legacy_sampled_case_control,False,1185561,tsn_mlp,outputs/nn_global_full_tsn/metrics.json
TemporalConvNet / TSN-MLP (global full),Neural,global full NN features,eastern_siberia,Eastern Siberia,2024,26660,6189,20471,0.2321455364,18922,0.308159814,0.9421554371,0.4644179842,0.0004276938,0.3951916248,0.0036668045,0.7337844355,0.1684620457,0.1911493838,0.1911493838,legacy_sampled_case_control,False,1185561,tsn_mlp,outputs/nn_global_full_tsn/metrics.json
TemporalConvNet / TSN-MLP (global full),Neural,global full NN features,far_east,Far East,2024,2229,298,1931,0.1336922387,1573,0.1869040051,0.9865771812,0.3142704436,0.0037721298,0.3860660962,0.0077787139,0.8588275366,0.1292808291,0.1911493838,0.1911493838,legacy_sampled_case_control,False,1185561,tsn_mlp,outputs/nn_global_full_tsn/metrics.json
TemporalConvNet / TSN-MLP (global full),Neural,global full NN features,central_asia,Central Asia,2024,9003,187,8816,0.0207708542,5309,0.0348464871,0.9893048128,0.0673216885,0.0006384029,0.2859859656,0.0251756265,0.8790040228,0.0946491588,0.1911493838,0.1911493838,legacy_sampled_case_control,False,1185561,tsn_mlp,outputs/nn_global_full_tsn/metrics.json
TemporalConvNet / TSN-MLP (global full),Neural,global full NN features,europe,Europe,2024,10472,493,9979,0.0470779221,4345,0.1063291139,0.9371196755,0.1909880116,0.0017004084,0.2872702033,0.0190083754,0.8767259114,0.0705376105,0.1911493838,0.1911493838,legacy_sampled_case_control,False,1185561,tsn_mlp,outputs/nn_global_full_tsn/metrics.json
TemporalConvNet / TSN-MLP (global full),Neural,global full NN features,global,Global,2025,49672,3787,45885,0.0762401353,25311,0.1408873612,0.9416424611,0.2451027562,0.002042052,0.408597266,0.0041372426,0.8756906733,0.0886950629,0.1911493838,0.1911493838,legacy_sampled_case_control,False,1185561,tsn_mlp,outputs/nn_global_full_tsn/metrics.json
TemporalConvNet / TSN-MLP (global full),Neural,global full NN features,eastern_siberia,Eastern Siberia,2025,19162,2442,16720,0.1274397245,11149,0.2115884833,0.966011466,0.3471414907,0.0021115994,0.5195661702000001,0.0097867372,0.8958057312000001,0.1044777424,0.1911493838,0.1911493838,legacy_sampled_case_control,False,1185561,tsn_mlp,outputs/nn_global_full_tsn/metrics.json
TemporalConvNet / TSN-MLP (global full),Neural,global full NN features,far_east,Far East,2025,1744,137,1607,0.0785550459,875,0.1554285714,0.9927007299,0.2687747036,0.005771185,0.4342420181,0.0385344828,0.9304956872,0.0824608796,0.1911493838,0.1911493838,legacy_sampled_case_control,False,1185561,tsn_mlp,outputs/nn_global_full_tsn/metrics.json
TemporalConvNet / TSN-MLP (global full),Neural,global full NN features,central_asia,Central Asia,2025,7618,304,7314,0.039905487,4788,0.0620300752,0.9769736842,0.1166535742,0.0015199569,0.1935917541,0.0151154243,0.8016376308000001,0.1072880243,0.1911493838,0.1911493838,legacy_sampled_case_control,False,1185561,tsn_mlp,outputs/nn_global_full_tsn/metrics.json
TemporalConvNet / TSN-MLP (global full),Neural,global full NN features,europe,Europe,2025,8878,632,8246,0.0711872043,3841,0.1530851341,0.9303797468,0.2629107981,0.0038523643,0.2763679346,0.0119086891,0.8556009703,0.0800270589,0.1911493838,0.1911493838,legacy_sampled_case_control,False,1185561,tsn_mlp,outputs/nn_global_full_tsn/metrics.json
TemporalConvNet / TSN-MLP (global full),Neural,global full NN features,global,Global,2021-2023,206438,36593,169845,0.1772590318,125471,0.2800806561,0.9603476075,0.4336805213,0.0010184426,0.4882562849,0.0055686839,0.8378833984,0.1268015809,0.1911493838,0.1911493838,legacy_sampled_case_control,False,1185561,tsn_mlp,outputs/nn_global_full_tsn/metrics.json
TemporalConvNet / TSN-MLP (global full),Neural,global full NN features,eastern_siberia,Eastern Siberia,2021-2023,82438,22636,59802,0.2745821102,57713,0.3767781956,0.9606379219,0.5412637369000001,0.0015213287,0.5625177426,0.0023631379,0.8113334597,0.1572455604,0.1911493838,0.1911493838,legacy_sampled_case_control,False,1185561,tsn_mlp,outputs/nn_global_full_tsn/metrics.json
TemporalConvNet / TSN-MLP (global full),Neural,global full NN features,far_east,Far East,2021-2023,6484,795,5689,0.1226095003,4422,0.1768430574,0.9836477987,0.2997891509,0.0008996377,0.4394205006,0.0175854397,0.8694523581,0.1241413576,0.1911493838,0.1911493838,legacy_sampled_case_control,False,1185561,tsn_mlp,outputs/nn_global_full_tsn/metrics.json
TemporalConvNet / TSN-MLP (global full),Neural,global full NN features,central_asia,Central Asia,2021-2023,29340,2012,27328,0.0685753238,19058,0.1048903348,0.9935387674,0.1897484575,0.0006038862,0.2909102457,0.0079784531,0.8360408302000001,0.118217587,0.1911493838,0.1911493838,legacy_sampled_case_control,False,1185561,tsn_mlp,outputs/nn_global_full_tsn/metrics.json
TemporalConvNet / TSN-MLP (global full),Neural,global full NN features,europe,Europe,2021-2023,32712,1723,30989,0.0526718024,13565,0.1233321047,0.9709808474,0.2188644689,0.0013171771,0.3779298995,0.0048652592,0.9038283425,0.0701651675,0.1911493838,0.1911493838,legacy_sampled_case_control,False,1185561,tsn_mlp,outputs/nn_global_full_tsn/metrics.json
TemporalConvNet / TSN-MLP (global full),Neural,global full NN features,global,Global,2021-2025,321173,49514,271659,0.1541661348,187241,0.2482469117,0.9387647938,0.3926590779,0.0017526012,0.449225184,0.0026229453,0.82967642,0.1210734064,0.1911493838,0.1911493838,legacy_sampled_case_control,False,1185561,tsn_mlp,outputs/nn_global_full_tsn/metrics.json
TemporalConvNet / TSN-MLP (global full),Neural,global full NN features,eastern_siberia,Eastern Siberia,2021-2025,128260,31267,96993,0.2437782629,87784,0.3410074729,0.9573991748,0.5028937178,0.0009727732,0.5262097103,0.00463472,0.8099977035,0.1516935143,0.1911493838,0.1911493838,legacy_sampled_case_control,False,1185561,tsn_mlp,outputs/nn_global_full_tsn/metrics.json
TemporalConvNet / TSN-MLP (global full),Neural,global full NN features,far_east,Far East,2021-2025,10457,1230,9227,0.1176245577,6870,0.176419214,0.9853658537,0.2992592593,0.0021190323,0.4220406744,0.0125275844,0.8766963516,0.1182854839,0.1911493838,0.1911493838,legacy_sampled_case_control,False,1185561,tsn_mlp,outputs/nn_global_full_tsn/metrics.json
TemporalConvNet / TSN-MLP (global full),Neural,global full NN features,central_asia,Central Asia,2021-2025,45961,2503,43458,0.0544592154,29155,0.0850968959,0.9912105473,0.1567376335,0.0005008636,0.2717018209,0.0083594811,0.8412475373,0.1117893551,0.1911493838,0.1911493838,legacy_sampled_case_control,False,1185561,tsn_mlp,outputs/nn_global_full_tsn/metrics.json
TemporalConvNet / TSN-MLP (global full),Neural,global full NN features,europe,Europe,2021-2025,52062,2848,49214,0.0547040068,21751,0.1251896465,0.9561095506,0.2213911135,0.0017788399,0.337824421,0.0093248615,0.8887809733,0.0719218056,0.1911493838,0.1911493838,legacy_sampled_case_control,False,1185561,tsn_mlp,outputs/nn_global_full_tsn/metrics.json
LSTM embedding fusion (global full),Neural,global full NN features,global,Global,2021,87238,24772,62466,0.2839588252825603,45487,0.4968012838833073,0.9122396253834976,0.6432770178909464,0.0005158097284203,0.6180551486576322,0.0024536613665902,0.8483050729863475,0.1468216080213334,0.2341229170560836,0.2341229170560836,legacy_sampled_case_control,False,1185561,lstm_embedding_fusion,outputs/nn_global_full_lstm_embedding_fusion/metrics.json
LSTM embedding fusion (global full),Neural,global full NN features,eastern_siberia,Eastern Siberia,2021,44639,19789,24850,0.4433119021483456,31796,0.5859856585734055,0.94153317499621,0.7223805369778036,0.0010915521589092,0.6686450362019095,0.0046708219876008,0.7809825317054685,0.1901354782069325,0.2341229170560836,0.2341229170560836,legacy_sampled_case_control,False,1185561,lstm_embedding_fusion,outputs/nn_global_full_lstm_embedding_fusion/metrics.json
LSTM embedding fusion (global full),Neural,global full NN features,far_east,Far East,2021,2141,270,1871,0.1261092947220924,757,0.3104359313077939,0.8703703703703703,0.4576436222005842,0.0080248792069359,0.4450827321601734,0.0259684648496648,0.8760991349446722,0.104553770978973,0.2341229170560836,0.2341229170560836,legacy_sampled_case_control,False,1185561,lstm_embedding_fusion,outputs/nn_global_full_lstm_embedding_fusion/metrics.json
LSTM embedding fusion (global full),Neural,global full NN features,central_asia,Central Asia,2021,10197,903,9294,0.0885554574874963,3868,0.1889865563598759,0.8095238095238095,0.3064347097044644,0.0064119438733378,0.3107649106663037,0.0032557241765592,0.8125414507889323,0.1019938197006301,0.2341229170560836,0.2341229170560836,legacy_sampled_case_control,False,1185561,lstm_embedding_fusion,outputs/nn_global_full_lstm_embedding_fusion/metrics.json
LSTM embedding fusion (global full),Neural,global full NN features,europe,Europe,2021,11926,847,11079,0.0710212980043602,3210,0.2214953271028037,0.8394332939787486,0.3505052994823761,0.0044423504849909,0.2311276394781607,0.003094547708298,0.863155594046961,0.0695644381034057,0.2341229170560836,0.2341229170560836,legacy_sampled_case_control,False,1185561,lstm_embedding_fusion,outputs/nn_global_full_lstm_embedding_fusion/metrics.json
LSTM embedding fusion (global full),Neural,global full NN features,global,Global,2022,58312,4923,53389,0.0844251612018109,16754,0.2247224543392622,0.7647775746496039,0.3473727914379296,0.0022580504009551,0.252416381945027,0.0027140930811725,0.8346473221560979,0.0936582210343175,0.2341229170560836,0.2341229170560836,legacy_sampled_case_control,False,1185561,lstm_embedding_fusion,outputs/nn_global_full_lstm_embedding_fusion/metrics.json
LSTM embedding fusion (global full),Neural,global full NN features,eastern_siberia,Eastern Siberia,2022,18946,1456,17490,0.076849994721841,6508,0.1731714812538414,0.7740384615384616,0.2830236062280261,0.0046387237339729,0.1755975173820206,0.0021986694259854,0.7914328203243297,0.1223085539130587,0.2341229170560836,0.2341229170560836,legacy_sampled_case_control,False,1185561,lstm_embedding_fusion,outputs/nn_global_full_lstm_embedding_fusion/metrics.json
LSTM embedding fusion (global full),Neural,global full NN features,far_east,Far East,2022,2076,192,1884,0.0924855491329479,570,0.2,0.59375,0.2992125984251969,0.0200292406322098,0.2605203281253513,0.0163276188255471,0.7792097929936305,0.097319262133714,0.2341229170560836,0.2341229170560836,legacy_sampled_case_control,False,1185561,lstm_embedding_fusion,outputs/nn_global_full_lstm_embedding_fusion/metrics.json
LSTM embedding fusion (global full),Neural,global full NN features,central_asia,Central Asia,2022,9862,698,9164,0.0707767187183127,3622,0.1612368856985091,0.836676217765043,0.2703703703703703,0.0068027649989734,0.2082651871734345,0.0116538996590555,0.8189070475099399,0.095031848745419,0.2341229170560836,0.2341229170560836,legacy_sampled_case_control,False,1185561,lstm_embedding_fusion,outputs/nn_global_full_lstm_embedding_fusion/metrics.json
LSTM embedding fusion (global full),Neural,global full NN features,europe,Europe,2022,10330,382,9948,0.0369796708615682,1947,0.1571648690292758,0.8010471204188482,0.2627737226277372,0.0080703277128855,0.3263783503069942,0.0254358990815324,0.9025678291513778,0.0445031486448866,0.2341229170560836,0.2341229170560836,legacy_sampled_case_control,False,1185561,lstm_embedding_fusion,outputs/nn_global_full_lstm_embedding_fusion/metrics.json
LSTM embedding fusion (global full),Neural,global full NN features,global,Global,2023,60888,6898,53990,0.1132899750361319,19502,0.2754589272895087,0.7787764569440417,0.406969696969697,0.0020217017103027,0.2894601637232484,0.0033863396922248,0.827717617992572,0.1072305361542722,0.2341229170560836,0.2341229170560836,legacy_sampled_case_control,False,1185561,lstm_embedding_fusion,outputs/nn_global_full_lstm_embedding_fusion/metrics.json
LSTM embedding fusion (global full),Neural,global full NN features,eastern_siberia,Eastern Siberia,2023,18853,1391,17462,0.0737813610565957,7184,0.1557628062360802,0.8044572250179727,0.2609912536443148,0.0048663255754861,0.2010141574572591,0.0085832631500096,0.7928770419918086,0.1279739027503056,0.2341229170560836,0.2341229170560836,legacy_sampled_case_control,False,1185561,lstm_embedding_fusion,outputs/nn_global_full_lstm_embedding_fusion/metrics.json
LSTM embedding fusion (global full),Neural,global full NN features,far_east,Far East,2023,2267,333,1934,0.1468901632112924,896,0.3348214285714285,0.9009009009009008,0.4882017900732303,0.0121736785815376,0.5241576012291016,0.0225714187652704,0.8736627009636316,0.108128662174148,0.2341229170560836,0.2341229170560836,legacy_sampled_case_control,False,1185561,lstm_embedding_fusion,outputs/nn_global_full_lstm_embedding_fusion/metrics.json
LSTM embedding fusion (global full),Neural,global full NN features,central_asia,Central Asia,2023,9281,411,8870,0.0442840211184139,2825,0.1189380530973451,0.8175182481751825,0.207663782447466,0.0055771156811237,0.1842598390178391,0.009796476825277,0.8467265749937598,0.0786974644214918,0.2341229170560836,0.2341229170560836,legacy_sampled_case_control,False,1185561,lstm_embedding_fusion,outputs/nn_global_full_lstm_embedding_fusion/metrics.json
LSTM embedding fusion (global full),Neural,global full NN features,europe,Europe,2023,10456,494,9962,0.0472456006120887,2077,0.215214251324025,0.9048582995951416,0.3477246207701283,0.0051616139521589,0.353917633967679,0.0346609178750393,0.914290396624582,0.0461190586045352,0.2341229170560836,0.2341229170560836,legacy_sampled_case_control,False,1185561,lstm_embedding_fusion,outputs/nn_global_full_lstm_embedding_fusion/metrics.json
LSTM embedding fusion (global full),Neural,global full NN features,global,Global,2024,65063,9134,55929,0.1403870095138558,20802,0.2870397077204115,0.6537114079264287,0.3989176910742918,0.0043539167329124,0.3196726626006702,0.0044214667294509,0.7760731897082925,0.1287427623064257,0.2341229170560836,0.2341229170560836,legacy_sampled_case_control,False,1185561,lstm_embedding_fusion,outputs/nn_global_full_lstm_embedding_fusion/metrics.json
LSTM embedding fusion (global full),Neural,global full NN features,eastern_siberia,Eastern Siberia,2024,26660,6189,20471,0.232145536384096,12698,0.3469837769727516,0.7119082242688641,0.4665643034891724,0.0023122924654422,0.3681309070948103,0.0040065180552632,0.7104056434925828,0.1955023538202819,0.2341229170560836,0.2341229170560836,legacy_sampled_case_control,False,1185561,lstm_embedding_fusion,outputs/nn_global_full_lstm_embedding_fusion/metrics.json
LSTM embedding fusion (global full),Neural,global full NN features,far_east,Far East,2024,2229,298,1931,0.1336922386720502,808,0.3168316831683168,0.8590604026845637,0.4629294755877034,0.0079045787346936,0.3919140750965774,0.014539598840709,0.8554978989917246,0.107901803295293,0.2341229170560836,0.2341229170560836,legacy_sampled_case_control,False,1185561,lstm_embedding_fusion,outputs/nn_global_full_lstm_embedding_fusion/metrics.json
LSTM embedding fusion (global full),Neural,global full NN features,central_asia,Central Asia,2024,9003,187,8816,0.0207708541597245,2498,0.0640512409927942,0.8556149732620321,0.1191806331471136,0.0021713363008274,0.1257165725639148,0.0168601208395317,0.8585878131156769,0.0652714210315462,0.2341229170560836,0.2341229170560836,legacy_sampled_case_control,False,1185561,lstm_embedding_fusion,outputs/nn_global_full_lstm_embedding_fusion/metrics.json
LSTM embedding fusion (global full),Neural,global full NN features,europe,Europe,2024,10472,493,9979,0.047077922077922,2276,0.163884007029877,0.7565922920892495,0.269411339833875,0.008634051325747,0.2238522556881061,0.0173496493308604,0.8673522714129693,0.0547831047567356,0.2341229170560836,0.2341229170560836,legacy_sampled_case_control,False,1185561,lstm_embedding_fusion,outputs/nn_global_full_lstm_embedding_fusion/metrics.json
LSTM embedding fusion (global full),Neural,global full NN features,global,Global,2025,49672,3787,45885,0.0762401352874859,13218,0.2083522469359963,0.7272247161341431,0.3239047339017936,0.0028602678427038,0.2298493323962161,0.0019429944648194,0.825508631569049,0.0869690477899186,0.2341229170560836,0.2341229170560836,legacy_sampled_case_control,False,1185561,lstm_embedding_fusion,outputs/nn_global_full_lstm_embedding_fusion/metrics.json
LSTM embedding fusion (global full),Neural,global full NN features,eastern_siberia,Eastern Siberia,2025,19162,2442,16720,0.1274397244546498,7457,0.2659246345715435,0.812039312039312,0.4006465299525205,0.00699311306883,0.269686708145892,0.0095998549621875,0.7848860795332087,0.1335754096011461,0.2341229170560836,0.2341229170560836,legacy_sampled_case_control,False,1185561,lstm_embedding_fusion,outputs/nn_global_full_lstm_embedding_fusion/metrics.json
LSTM embedding fusion (global full),Neural,global full NN features,far_east,Far East,2025,1744,137,1607,0.0785550458715596,369,0.3333333333333333,0.8978102189781022,0.4861660079051383,0.0186387772253356,0.4992358511475127,0.0374485318561842,0.9320354834460548,0.057793082624746,0.2341229170560836,0.2341229170560836,legacy_sampled_case_control,False,1185561,lstm_embedding_fusion,outputs/nn_global_full_lstm_embedding_fusion/metrics.json
LSTM embedding fusion (global full),Neural,global full NN features,central_asia,Central Asia,2025,7618,304,7314,0.0399054870044631,2124,0.0955743879472693,0.6677631578947368,0.1672158154859967,0.0057791541846398,0.1534773508588932,0.0160677375740563,0.795748150626772,0.0696659859766314,0.2341229170560836,0.2341229170560836,legacy_sampled_case_control,False,1185561,lstm_embedding_fusion,outputs/nn_global_full_lstm_embedding_fusion/metrics.json
LSTM embedding fusion (global full),Neural,global full NN features,europe,Europe,2025,8878,632,8246,0.0711872043252984,2054,0.2122687439143135,0.689873417721519,0.3246463142218913,0.0062459809695287,0.2454914275292635,0.0114243334893966,0.8369648728804454,0.068452452257155,0.2341229170560836,0.2341229170560836,legacy_sampled_case_control,False,1185561,lstm_embedding_fusion,outputs/nn_global_full_lstm_embedding_fusion/metrics.json
LSTM embedding fusion (global full),Neural,global full NN features,global,Global,2021-2023,206438,36593,169845,0.1772590317674071,81743,0.3882289615012906,0.8672423687590523,0.5363541103299081,0.0032599939697839,0.5076928569454504,0.0055209754952174,0.859169122869134,0.1201274693170808,0.2341229170560836,0.2341229170560836,legacy_sampled_case_control,False,1185561,lstm_embedding_fusion,outputs/nn_global_full_lstm_embedding_fusion/metrics.json
LSTM embedding fusion (global full),Neural,global full NN features,eastern_siberia,Eastern Siberia,2021-2023,82438,22636,59802,0.2745821101919018,45488,0.4589781920506507,0.9223361017847675,0.612941107392402,0.0017088801939889,0.5759418822363734,0.0035153901911799,0.8317261639146949,0.1603314910923067,0.2341229170560836,0.2341229170560836,legacy_sampled_case_control,False,1185561,lstm_embedding_fusion,outputs/nn_global_full_lstm_embedding_fusion/metrics.json
LSTM embedding fusion (global full),Neural,global full NN features,far_east,Far East,2021-2023,6484,795,5689,0.1226095003084515,2223,0.2919478182636077,0.8163522012578617,0.4300861497680583,0.0044425126667319,0.4384382975855654,0.0163909822330476,0.8534035117975659,0.103487367212271,0.2341229170560836,0.2341229170560836,legacy_sampled_case_control,False,1185561,lstm_embedding_fusion,outputs/nn_global_full_lstm_embedding_fusion/metrics.json
LSTM embedding fusion (global full),Neural,global full NN features,central_asia,Central Asia,2021-2023,29340,2012,27328,0.0685753237900477,10315,0.1600581677169171,0.8205765407554672,0.2678672831994808,0.0018319960482477,0.239749368289138,0.0059239507265334,0.8247427757809117,0.0922844662273522,0.2341229170560836,0.2341229170560836,legacy_sampled_case_control,False,1185561,lstm_embedding_fusion,outputs/nn_global_full_lstm_embedding_fusion/metrics.json
LSTM embedding fusion (global full),Neural,global full NN features,europe,Europe,2021-2023,32712,1723,30989,0.052671802396674,7234,0.2023776610450649,0.8496807893209518,0.3268951657921179,0.0040453487292908,0.2791453516200441,0.0131120592868916,0.8927303450139301,0.0541563918773513,0.2341229170560836,0.2341229170560836,legacy_sampled_case_control,False,1185561,lstm_embedding_fusion,outputs/nn_global_full_lstm_embedding_fusion/metrics.json
LSTM embedding fusion (global full),Neural,global full NN features,global,Global,2021-2025,321173,49514,271659,0.154166134762262,115763,0.349507182778608,0.8171426263279072,0.4896023040108424,0.0009868556367545,0.4515758303763811,0.0051910202509742,0.844086084329938,0.1167445314414454,0.2341229170560836,0.2341229170560836,legacy_sampled_case_control,False,1185561,lstm_embedding_fusion,outputs/nn_global_full_lstm_embedding_fusion/metrics.json
LSTM embedding fusion (global full),Neural,global full NN features,eastern_siberia,Eastern Siberia,2021-2025,128260,31267,96993,0.2437782629034773,65643,0.4153832091769114,0.8720695941407874,0.5627283046125271,0.0026638225786583,0.5151248459888028,0.0039018381928933,0.8095652892645935,0.1636447233299038,0.2341229170560836,0.2341229170560836,legacy_sampled_case_control,False,1185561,lstm_embedding_fusion,outputs/nn_global_full_lstm_embedding_fusion/metrics.json
LSTM embedding fusion (global full),Neural,global full NN features,far_east,Far East,2021-2025,10457,1230,9227,0.117624557712537,3400,0.3023529411764706,0.8357723577235773,0.444060475161987,0.0022171213621972,0.4277773091643477,0.0126151998534583,0.8664804863069765,0.0968075303286918,0.2341229170560836,0.2341229170560836,legacy_sampled_case_control,False,1185561,lstm_embedding_fusion,outputs/nn_global_full_lstm_embedding_fusion/metrics.json
LSTM embedding fusion (global full),Neural,global full NN features,central_asia,Central Asia,2021-2025,45961,2503,43458,0.0544592154217706,14937,0.1348329651201714,0.8046344386735917,0.2309633027522935,0.003188921192242,0.2111657531790085,0.0086494193758562,0.8290847062497805,0.0832440617877657,0.2341229170560836,0.2341229170560836,legacy_sampled_case_control,False,1185561,lstm_embedding_fusion,outputs/nn_global_full_lstm_embedding_fusion/metrics.json
LSTM embedding fusion (global full),Neural,global full NN features,europe,Europe,2021-2025,52062,2848,49214,0.0547040067611693,11564,0.1965582843306814,0.7981039325842697,0.3154315847904524,0.0023901575359935,0.260339105066371,0.007371807766068,0.8767318275595737,0.056720322600812,0.2341229170560836,0.2341229170560836,legacy_sampled_case_control,False,1185561,lstm_embedding_fusion,outputs/nn_global_full_lstm_embedding_fusion/metrics.json
Spatial climate TSN embedding fusion (global full),Neural,global full NN features,global,Global,2021,87238,24772,62466,0.2839588252825603,35280,0.6268424036281179,0.8927418052640077,0.7365283421035103,0.0014355980387427,0.7864551805217597,0.0026031151097132,0.91740690497717,0.1181837628128771,0.4300945103168487,0.4300945103168487,legacy_sampled_case_control,False,1185561,spatial_climate_tsn_embedding_fusion,outputs/nn_global_full_spatial_tsn_embedding_fusion/metrics.json
Spatial climate TSN embedding fusion (global full),Neural,global full NN features,eastern_siberia,Eastern Siberia,2021,44639,19789,24850,0.4433119021483456,25660,0.7081449727201871,0.9182374046187276,0.7996215538295672,0.0010220939333274,0.8272828872054421,0.0033260377641395,0.886150562478413,0.1434172822596545,0.4300945103168487,0.4300945103168487,legacy_sampled_case_control,False,1185561,spatial_climate_tsn_embedding_fusion,outputs/nn_global_full_spatial_tsn_embedding_fusion/metrics.json
Spatial climate TSN embedding fusion (global full),Neural,global full NN features,far_east,Far East,2021,2141,270,1871,0.1261092947220924,506,0.4762845849802372,0.8925925925925926,0.6211340206185567,0.0151303770259339,0.6516896493321943,0.028551780302511,0.9364134845695508,0.0890923468617786,0.4300945103168487,0.4300945103168487,legacy_sampled_case_control,False,1185561,spatial_climate_tsn_embedding_fusion,outputs/nn_global_full_spatial_tsn_embedding_fusion/metrics.json
Spatial climate TSN embedding fusion (global full),Neural,global full NN features,central_asia,Central Asia,2021,10197,903,9294,0.0885554574874963,3000,0.249,0.8272425249169435,0.382782475019216,0.0031861485439995,0.4134493163780978,0.0176322262522451,0.8705092248038185,0.1139205307262152,0.4300945103168487,0.4300945103168487,legacy_sampled_case_control,False,1185561,spatial_climate_tsn_embedding_fusion,outputs/nn_global_full_spatial_tsn_embedding_fusion/metrics.json
Spatial climate TSN embedding fusion (global full),Neural,global full NN features,europe,Europe,2021,11926,847,11079,0.0710212980043602,1571,0.2501591343093571,0.4639905548996458,0.3250620347394541,0.0143515180869373,0.3245327867588377,0.0079008311436623,0.8643863173070765,0.0761791095734192,0.4300945103168487,0.4300945103168487,legacy_sampled_case_control,False,1185561,spatial_climate_tsn_embedding_fusion,outputs/nn_global_full_spatial_tsn_embedding_fusion/metrics.json
Spatial climate TSN embedding fusion (global full),Neural,global full NN features,global,Global,2022,58312,4923,53389,0.0844251612018109,10333,0.4004645311139069,0.8405443835059923,0.5424750917671736,0.0025821110812814,0.5747724433068566,0.0045361233460982,0.9398925912364772,0.0728398658534128,0.4300945103168487,0.4300945103168487,legacy_sampled_case_control,False,1185561,spatial_climate_tsn_embedding_fusion,outputs/nn_global_full_spatial_tsn_embedding_fusion/metrics.json
Spatial climate TSN embedding fusion (global full),Neural,global full NN features,eastern_siberia,Eastern Siberia,2022,18946,1456,17490,0.076849994721841,2754,0.4364560639070443,0.8255494505494505,0.5710213776722091,0.0080882202354879,0.5479464276026769,0.0034516619037019,0.9484903068629484,0.0625207273323937,0.4300945103168487,0.4300945103168487,legacy_sampled_case_control,False,1185561,spatial_climate_tsn_embedding_fusion,outputs/nn_global_full_spatial_tsn_embedding_fusion/metrics.json
Spatial climate TSN embedding fusion (global full),Neural,global full NN features,far_east,Far East,2022,2076,192,1884,0.0924855491329479,379,0.4617414248021108,0.9114583333333334,0.6129597197898424,0.0087232235085744,0.647757615540672,0.0160857363913199,0.9557872213375797,0.0743821958827684,0.4300945103168487,0.4300945103168487,legacy_sampled_case_control,False,1185561,spatial_climate_tsn_embedding_fusion,outputs/nn_global_full_spatial_tsn_embedding_fusion/metrics.json
Spatial climate TSN embedding fusion (global full),Neural,global full NN features,central_asia,Central Asia,2022,9862,698,9164,0.0707767187183127,2470,0.225910931174089,0.7994269340974212,0.3522727272727273,0.0086021329842247,0.4777703271359217,0.0154631501914117,0.8948534442111215,0.1014750825791949,0.4300945103168487,0.4300945103168487,legacy_sampled_case_control,False,1185561,spatial_climate_tsn_embedding_fusion,outputs/nn_global_full_spatial_tsn_embedding_fusion/metrics.json
Spatial climate TSN embedding fusion (global full),Neural,global full NN features,europe,Europe,2022,10330,382,9948,0.0369796708615682,1066,0.2570356472795497,0.7172774869109948,0.3784530386740331,0.0065149579388364,0.3540953024956133,0.0167501058275601,0.928394404831827,0.0533710634513123,0.4300945103168487,0.4300945103168487,legacy_sampled_case_control,False,1185561,spatial_climate_tsn_embedding_fusion,outputs/nn_global_full_spatial_tsn_embedding_fusion/metrics.json
Spatial climate TSN embedding fusion (global full),Neural,global full NN features,global,Global,2023,60888,6898,53990,0.1132899750361319,13546,0.4325262069983759,0.8493766309075095,0.5731755038153004,0.0038607729783329,0.5996164393542347,0.0070451090656224,0.9286095029786292,0.0867901039424192,0.4300945103168487,0.4300945103168487,legacy_sampled_case_control,False,1185561,spatial_climate_tsn_embedding_fusion,outputs/nn_global_full_spatial_tsn_embedding_fusion/metrics.json
Spatial climate TSN embedding fusion (global full),Neural,global full NN features,eastern_siberia,Eastern Siberia,2023,18853,1391,17462,0.0737813610565957,3794,0.319978914074855,0.8727534148094895,0.4682738669238187,0.0076549473853767,0.5643918552256338,0.01777583031015,0.9292555855701784,0.0836014418114171,0.4300945103168487,0.4300945103168487,legacy_sampled_case_control,False,1185561,spatial_climate_tsn_embedding_fusion,outputs/nn_global_full_spatial_tsn_embedding_fusion/metrics.json
Spatial climate TSN embedding fusion (global full),Neural,global full NN features,far_east,Far East,2023,2267,333,1934,0.1468901632112924,739,0.4113667117726657,0.9129129129129128,0.5671641791044776,0.0088533413364904,0.5058308891273587,0.0401204301171321,0.9035032964712384,0.1155015052340748,0.4300945103168487,0.4300945103168487,legacy_sampled_case_control,False,1185561,spatial_climate_tsn_embedding_fusion,outputs/nn_global_full_spatial_tsn_embedding_fusion/metrics.json
Spatial climate TSN embedding fusion (global full),Neural,global full NN features,central_asia,Central Asia,2023,9281,411,8870,0.0442840211184139,1776,0.1599099099099099,0.6909975669099757,0.2597165066300869,0.0030399383154174,0.2509746075016079,0.0191363868522166,0.8708605238686953,0.0894139870005512,0.4300945103168487,0.4300945103168487,legacy_sampled_case_control,False,1185561,spatial_climate_tsn_embedding_fusion,outputs/nn_global_full_spatial_tsn_embedding_fusion/metrics.json
Spatial climate TSN embedding fusion (global full),Neural,global full NN features,europe,Europe,2023,10456,494,9962,0.0472456006120887,983,0.3296032553407935,0.6558704453441295,0.4387271496276235,0.0110156695133716,0.4450263973226259,0.0264885311850471,0.9310918941369918,0.0533278467645352,0.4300945103168487,0.4300945103168487,legacy_sampled_case_control,False,1185561,spatial_climate_tsn_embedding_fusion,outputs/nn_global_full_spatial_tsn_embedding_fusion/metrics.json
Spatial climate TSN embedding fusion (global full),Neural,global full NN features,global,Global,2024,65063,9134,55929,0.1403870095138558,16159,0.4780617612476019,0.845741186774688,0.6108409441347409,0.0028609618042042,0.6418076549453957,0.002707508043959,0.9216358116980268,0.0934119727269437,0.4300945103168487,0.4300945103168487,legacy_sampled_case_control,False,1185561,spatial_climate_tsn_embedding_fusion,outputs/nn_global_full_spatial_tsn_embedding_fusion/metrics.json
Spatial climate TSN embedding fusion (global full),Neural,global full NN features,eastern_siberia,Eastern Siberia,2024,26660,6189,20471,0.232145536384096,10997,0.5232336091661363,0.9297140087251576,0.6696148027464215,0.0022024086673246,0.7073756701515919,0.0063540515826238,0.9057436859455384,0.1257108966226045,0.4300945103168487,0.4300945103168487,legacy_sampled_case_control,False,1185561,spatial_climate_tsn_embedding_fusion,outputs/nn_global_full_spatial_tsn_embedding_fusion/metrics.json
Spatial climate TSN embedding fusion (global full),Neural,global full NN features,far_east,Far East,2024,2229,298,1931,0.1336922386720502,498,0.5060240963855421,0.8456375838926175,0.6331658291457286,0.0268530483060752,0.6306767076847019,0.0269647953591322,0.939859724244836,0.0852625887353381,0.4300945103168487,0.4300945103168487,legacy_sampled_case_control,False,1185561,spatial_climate_tsn_embedding_fusion,outputs/nn_global_full_spatial_tsn_embedding_fusion/metrics.json
Spatial climate TSN embedding fusion (global full),Neural,global full NN features,central_asia,Central Asia,2024,9003,187,8816,0.0207708541597245,1294,0.106646058732612,0.7379679144385026,0.1863605671843349,0.0079163513395476,0.2915663574882227,0.0309591378471805,0.8940204732280638,0.0738454450693827,0.4300945103168487,0.4300945103168487,legacy_sampled_case_control,False,1185561,spatial_climate_tsn_embedding_fusion,outputs/nn_global_full_spatial_tsn_embedding_fusion/metrics.json
Spatial climate TSN embedding fusion (global full),Neural,global full NN features,europe,Europe,2024,10472,493,9979,0.047077922077922,1244,0.227491961414791,0.5740365111561866,0.3258491652274036,0.0138432774924627,0.2723387074873449,0.0085291853163061,0.8771470798616243,0.0659634993994071,0.4300945103168487,0.4300945103168487,legacy_sampled_case_control,False,1185561,spatial_climate_tsn_embedding_fusion,outputs/nn_global_full_spatial_tsn_embedding_fusion/metrics.json
Spatial climate TSN embedding fusion (global full),Neural,global full NN features,global,Global,2025,49672,3787,45885,0.0762401352874859,645,0.1968992248062015,0.0335357803010298,0.0573104693140794,0.003930970085309,0.1800746603271628,0.0034215930158088,0.7848679718147045,0.0702237036850747,0.4300945103168487,0.4300945103168487,legacy_sampled_case_control,False,1185561,spatial_climate_tsn_embedding_fusion,outputs/nn_global_full_spatial_tsn_embedding_fusion/metrics.json
Spatial climate TSN embedding fusion (global full),Neural,global full NN features,eastern_siberia,Eastern Siberia,2025,19162,2442,16720,0.1274397244546498,93,0.3763440860215054,0.0143325143325143,0.0276134122287968,0.0024579117359955,0.3671034128799414,0.0060721831388779,0.8380382162828335,0.096560767360924,0.4300945103168487,0.4300945103168487,legacy_sampled_case_control,False,1185561,spatial_climate_tsn_embedding_fusion,outputs/nn_global_full_spatial_tsn_embedding_fusion/metrics.json
Spatial climate TSN embedding fusion (global full),Neural,global full NN features,far_east,Far East,2025,1744,137,1607,0.0785550458715596,18,0.4444444444444444,0.0583941605839416,0.1032258064516129,0.0378751129850763,0.2509646837360969,0.0242698701645807,0.7880032158576302,0.0731825139035892,0.4300945103168487,0.4300945103168487,legacy_sampled_case_control,False,1185561,spatial_climate_tsn_embedding_fusion,outputs/nn_global_full_spatial_tsn_embedding_fusion/metrics.json
Spatial climate TSN embedding fusion (global full),Neural,global full NN features,central_asia,Central Asia,2025,7618,304,7314,0.0399054870044631,279,0.1075268817204301,0.0986842105263157,0.1029159519725557,0.0156990436817798,0.1052617545751314,0.0138100065558404,0.7329387224213115,0.0655488424094129,0.4300945103168487,0.4300945103168487,legacy_sampled_case_control,False,1185561,spatial_climate_tsn_embedding_fusion,outputs/nn_global_full_spatial_tsn_embedding_fusion/metrics.json
Spatial climate TSN embedding fusion (global full),Neural,global full NN features,europe,Europe,2025,8878,632,8246,0.0711872043252984,158,0.3164556962025316,0.0791139240506329,0.1265822784810126,0.0203674600521431,0.2212996021982324,0.0151758180593445,0.81048511821612,0.0668028452515603,0.4300945103168487,0.4300945103168487,legacy_sampled_case_control,False,1185561,spatial_climate_tsn_embedding_fusion,outputs/nn_global_full_spatial_tsn_embedding_fusion/metrics.json
Spatial climate TSN embedding fusion (global full),Neural,global full NN features,global,Global,2021-2023,206438,36593,169845,0.1772590317674071,59159,0.5428083639006744,0.8775448856338643,0.6707327262093742,0.0029106450936523,0.7292656407292408,0.0044166974769683,0.9328398755117926,0.0961161666299809,0.4300945103168487,0.4300945103168487,legacy_sampled_case_control,False,1185561,spatial_climate_tsn_embedding_fusion,outputs/nn_global_full_spatial_tsn_embedding_fusion/metrics.json
Spatial climate TSN embedding fusion (global full),Neural,global full NN features,eastern_siberia,Eastern Siberia,2021-2023,82438,22636,59802,0.2745821101919018,32208,0.6391890213611525,0.909480473581905,0.7507475749398294,0.0014098306835878,0.7950125318598974,0.0030316336743613,0.9271255204317146,0.1111460703231385,0.4300945103168487,0.4300945103168487,legacy_sampled_case_control,False,1185561,spatial_climate_tsn_embedding_fusion,outputs/nn_global_full_spatial_tsn_embedding_fusion/metrics.json
Spatial climate TSN embedding fusion (global full),Neural,global full NN features,far_east,Far East,2021-2023,6484,795,5689,0.1226095003084515,1624,0.4433497536945813,0.9056603773584906,0.5952873088052915,0.0056147662758432,0.5865008368143508,0.0103568999102378,0.9315366408306442,0.0936159879163082,0.4300945103168487,0.4300945103168487,legacy_sampled_case_control,False,1185561,spatial_climate_tsn_embedding_fusion,outputs/nn_global_full_spatial_tsn_embedding_fusion/metrics.json
Spatial climate TSN embedding fusion (global full),Neural,global full NN features,central_asia,Central Asia,2021-2023,29340,2012,27328,0.0685753237900477,7246,0.2192934032569693,0.7897614314115308,0.3432706848131346,0.0029884187199726,0.3998917045882958,0.0105792791159847,0.8817795164755029,0.1019852123232226,0.4300945103168487,0.4300945103168487,legacy_sampled_case_control,False,1185561,spatial_climate_tsn_embedding_fusion,outputs/nn_global_full_spatial_tsn_embedding_fusion/metrics.json
Spatial climate TSN embedding fusion (global full),Neural,global full NN features,europe,Europe,2021-2023,32712,1723,30989,0.052671802396674,3620,0.273756906077348,0.575159605339524,0.3709526483249111,0.0053118177509983,0.3572086472703513,0.0135262562110042,0.9033860366493665,0.0616725089262239,0.4300945103168487,0.4300945103168487,legacy_sampled_case_control,False,1185561,spatial_climate_tsn_embedding_fusion,outputs/nn_global_full_spatial_tsn_embedding_fusion/metrics.json
Spatial climate TSN embedding fusion (global full),Neural,global full NN features,global,Global,2021-2025,321173,49514,271659,0.154166134762262,75963,0.5260982320340165,0.8071252575029285,0.6369932338197438,0.0050598261147383,0.6842151142154513,0.0061294566100745,0.9173283276188284,0.091563874291233,0.4300945103168487,0.4300945103168487,legacy_sampled_case_control,False,1185561,spatial_climate_tsn_embedding_fusion,outputs/nn_global_full_spatial_tsn_embedding_fusion/metrics.json
Spatial climate TSN embedding fusion (global full),Neural,global full NN features,eastern_siberia,Eastern Siberia,2021-2025,128260,31267,96993,0.2437782629034773,43298,0.6091736338860917,0.8435730962356478,0.7074632870649769,0.0028936731597841,0.7512979664378169,0.0041170600115732,0.9073429918877258,0.1119944618230747,0.4300945103168487,0.4300945103168487,legacy_sampled_case_control,False,1185561,spatial_climate_tsn_embedding_fusion,outputs/nn_global_full_spatial_tsn_embedding_fusion/metrics.json
Spatial climate TSN embedding fusion (global full),Neural,global full NN features,far_east,Far East,2021-2025,10457,1230,9227,0.117624557712537,2140,0.4579439252336448,0.7967479674796748,0.5816023738872403,0.0064602942457559,0.5565240462930294,0.0063297222809278,0.9129115594829948,0.0884275299022923,0.4300945103168487,0.4300945103168487,legacy_sampled_case_control,False,1185561,spatial_climate_tsn_embedding_fusion,outputs/nn_global_full_spatial_tsn_embedding_fusion/metrics.json
Spatial climate TSN embedding fusion (global full),Neural,global full NN features,central_asia,Central Asia,2021-2025,45961,2503,43458,0.0544592154217706,8819,0.1992289375212609,0.7019576508190172,0.3103691927221339,0.0033315751819642,0.3476963228300189,0.0073209999567231,0.8682853942658013,0.0904337971975786,0.4300945103168487,0.4300945103168487,legacy_sampled_case_control,False,1185561,spatial_climate_tsn_embedding_fusion,outputs/nn_global_full_spatial_tsn_embedding_fusion/metrics.json
Spatial climate TSN embedding fusion (global full),Neural,global full NN features,europe,Europe,2021-2025,52062,2848,49214,0.0547040067611693,5022,0.2636399840700916,0.4648876404494382,0.3364675984752223,0.0034057834340113,0.3041454352901959,0.0126702004104009,0.8735282653138803,0.0634104824603084,0.4300945103168487,0.4300945103168487,legacy_sampled_case_control,False,1185561,spatial_climate_tsn_embedding_fusion,outputs/nn_global_full_spatial_tsn_embedding_fusion/metrics.json
TemporalConvNet embedding fusion (global full),Neural,global full NN features,global,Global,2021,87238,24772,62466,0.28395882528256033,43065,0.4503192848020434,0.7828596802841918,0.5717528782227987,0.0017677725432726863,0.5399716620174626,0.0039785590926150185,0.7760130156049522,0.17215310189087182,0.16722270846366882,0.16722270846366882,legacy_sampled_case_control,False,1185561,tsn_embedding_fusion,outputs/nn_global_full_tsn_embedding_fusion/metrics.json
TemporalConvNet embedding fusion (global full),Neural,global full NN features,eastern_siberia,Eastern Siberia,2021,44639,19789,24850,0.4433119021483456,26322,0.596877136995669,0.7939259184395371,0.6814426058857973,0.002091686763333554,0.650583241510359,0.002924914371686702,0.7466583949601902,0.24403351092752562,0.16722270846366882,0.16722270846366882,legacy_sampled_case_control,False,1185561,tsn_embedding_fusion,outputs/nn_global_full_tsn_embedding_fusion/metrics.json
TemporalConvNet embedding fusion (global full),Neural,global full NN features,far_east,Far East,2021,2141,270,1871,0.12610929472209248,867,0.2687427912341407,0.8629629629629629,0.4098504837291117,0.007881980692169485,0.4773288489810549,0.01155751670622845,0.8568363125284558,0.08698986744007374,0.16722270846366882,0.16722270846366882,legacy_sampled_case_control,False,1185561,tsn_embedding_fusion,outputs/nn_global_full_tsn_embedding_fusion/metrics.json
TemporalConvNet embedding fusion (global full),Neural,global full NN features,central_asia,Central Asia,2021,10197,903,9294,0.08855545748749633,5755,0.15030408340573415,0.9579180509413068,0.25983778912586364,0.0031147467977532483,0.3974115300143414,0.014680344411311348,0.8416699017048831,0.09372508706055366,0.16722270846366882,0.16722270846366882,legacy_sampled_case_control,False,1185561,tsn_embedding_fusion,outputs/nn_global_full_tsn_embedding_fusion/metrics.json
TemporalConvNet embedding fusion (global full),Neural,global full NN features,europe,Europe,2021,11926,847,11079,0.07102129800436022,4182,0.16977522716403634,0.8382526564344747,0.28236229866772716,0.00601243504247525,0.2869618613528472,0.020572223399128904,0.8521422779601643,0.06671556375104762,0.16722270846366882,0.16722270846366882,legacy_sampled_case_control,False,1185561,tsn_embedding_fusion,outputs/nn_global_full_tsn_embedding_fusion/metrics.json
TemporalConvNet embedding fusion (global full),Neural,global full NN features,global,Global,2022,58312,4923,53389,0.08442516120181094,18975,0.1844532279314888,0.7109486085720089,0.29291154071470415,0.0019815622878596884,0.2745177725565288,0.0034536396627342365,0.7988631663081305,0.07743304422518721,0.16722270846366882,0.16722270846366882,legacy_sampled_case_control,False,1185561,tsn_embedding_fusion,outputs/nn_global_full_tsn_embedding_fusion/metrics.json
TemporalConvNet embedding fusion (global full),Neural,global full NN features,eastern_siberia,Eastern Siberia,2022,18946,1456,17490,0.07684999472184102,5996,0.1576050700466978,0.6490384615384616,0.2536231884057971,0.004020314984459457,0.19922731955705297,0.005338141204523894,0.77751719585446,0.07755483571658205,0.16722270846366882,0.16722270846366882,legacy_sampled_case_control,False,1185561,tsn_embedding_fusion,outputs/nn_global_full_tsn_embedding_fusion/metrics.json
TemporalConvNet embedding fusion (global full),Neural,global full NN features,far_east,Far East,2022,2076,192,1884,0.09248554913294797,734,0.20572207084468666,0.7864583333333334,0.326133909287257,0.005138944468656812,0.2425229792331057,0.015104549470529593,0.8010300557324841,0.08224480167534921,0.16722270846366882,0.16722270846366882,legacy_sampled_case_control,False,1185561,tsn_embedding_fusion,outputs/nn_global_full_tsn_embedding_fusion/metrics.json
TemporalConvNet embedding fusion (global full),Neural,global full NN features,central_asia,Central Asia,2022,9862,698,9164,0.07077671871831272,4875,0.13887179487179488,0.9699140401146131,0.2429571146599677,0.003388190087863667,0.4153605770296358,0.01957298456243598,0.8764950428923945,0.07838089800138794,0.16722270846366882,0.16722270846366882,legacy_sampled_case_control,False,1185561,tsn_embedding_fusion,outputs/nn_global_full_tsn_embedding_fusion/metrics.json
TemporalConvNet embedding fusion (global full),Neural,global full NN features,europe,Europe,2022,10330,382,9948,0.036979670861568247,3017,0.09976798143851508,0.7879581151832461,0.17711091497499265,0.007203406881644888,0.2659380442279885,0.026838788554515,0.8569290678017839,0.049749624512025956,0.16722270846366882,0.16722270846366882,legacy_sampled_case_control,False,1185561,tsn_embedding_fusion,outputs/nn_global_full_tsn_embedding_fusion/metrics.json
TemporalConvNet embedding fusion (global full),Neural,global full NN features,global,Global,2023,60888,6898,53990,0.11328997503613192,20450,0.19833740831295843,0.5879965207306466,0.2966213251426064,0.004644779021603706,0.23914887309694027,0.004256941835645905,0.7024922371877013,0.1015992846145303,0.16722270846366882,0.16722270846366882,legacy_sampled_case_control,False,1185561,tsn_embedding_fusion,outputs/nn_global_full_tsn_embedding_fusion/metrics.json
TemporalConvNet embedding fusion (global full),Neural,global full NN features,eastern_siberia,Eastern Siberia,2023,18853,1391,17462,0.07378136105659577,5949,0.1479240208438393,0.6326383896477354,0.23978201634877383,0.0043890113558517,0.1410542832094715,0.0012803492247685949,0.7203585174289517,0.07820389563587812,0.16722270846366882,0.16722270846366882,legacy_sampled_case_control,False,1185561,tsn_embedding_fusion,outputs/nn_global_full_tsn_embedding_fusion/metrics.json
TemporalConvNet embedding fusion (global full),Neural,global full NN features,far_east,Far East,2023,2267,333,1934,0.14689016321129245,1338,0.2085201793721973,0.8378378378378378,0.3339317773788151,0.006012824517232679,0.2262075345201653,0.013420615241968447,0.6713528419836591,0.13729287365633844,0.16722270846366882,0.16722270846366882,legacy_sampled_case_control,False,1185561,tsn_embedding_fusion,outputs/nn_global_full_tsn_embedding_fusion/metrics.json
TemporalConvNet embedding fusion (global full),Neural,global full NN features,central_asia,Central Asia,2023,9281,411,8870,0.044284021118413966,4623,0.0854423534501406,0.9610705596107056,0.15693285657528805,0.0024682122808205166,0.19143652285263563,0.006841188949583732,0.8567272058964716,0.07678844543457963,0.16722270846366882,0.16722270846366882,legacy_sampled_case_control,False,1185561,tsn_embedding_fusion,outputs/nn_global_full_tsn_embedding_fusion/metrics.json
TemporalConvNet embedding fusion (global full),Neural,global full NN features,europe,Europe,2023,10456,494,9962,0.04724560061208875,3287,0.14390021296014602,0.9574898785425101,0.25019836022216346,0.005081042328204848,0.28841035072512977,0.013707446848806008,0.9076951931509778,0.051881765028078876,0.16722270846366882,0.16722270846366882,legacy_sampled_case_control,False,1185561,tsn_embedding_fusion,outputs/nn_global_full_tsn_embedding_fusion/metrics.json
TemporalConvNet embedding fusion (global full),Neural,global full NN features,global,Global,2024,65063,9134,55929,0.1403870095138558,21696,0.22322087020648967,0.5302167724983577,0.3141745053519299,0.002468081862665393,0.24912026484227914,0.0037937830106821928,0.6983165753846872,0.11951651755725884,0.16722270846366882,0.16722270846366882,legacy_sampled_case_control,False,1185561,tsn_embedding_fusion,outputs/nn_global_full_tsn_embedding_fusion/metrics.json
TemporalConvNet embedding fusion (global full),Neural,global full NN features,eastern_siberia,Eastern Siberia,2024,26660,6189,20471,0.23214553638409602,11020,0.3196914700544465,0.5692357408305058,0.4094369225405311,0.003755642520787262,0.33563257191386814,0.006025098281111384,0.6653753846471265,0.17653059526716358,0.16722270846366882,0.16722270846366882,legacy_sampled_case_control,False,1185561,tsn_embedding_fusion,outputs/nn_global_full_tsn_embedding_fusion/metrics.json
TemporalConvNet embedding fusion (global full),Neural,global full NN features,far_east,Far East,2024,2229,298,1931,0.13369223867205024,1186,0.22765598650927488,0.9060402684563759,0.3638814016172507,0.010128451865635718,0.3711068742490354,0.0295964111275696,0.8109752918646318,0.10988808208259751,0.16722270846366882,0.16722270846366882,legacy_sampled_case_control,False,1185561,tsn_embedding_fusion,outputs/nn_global_full_tsn_embedding_fusion/metrics.json
TemporalConvNet embedding fusion (global full),Neural,global full NN features,central_asia,Central Asia,2024,9003,187,8816,0.020770854159724537,3849,0.044427123928293066,0.9144385026737968,0.08473736372646185,0.0013077345752688103,0.23123247368331556,0.01142895563451134,0.8926853945670001,0.05745137232858786,0.16722270846366882,0.16722270846366882,legacy_sampled_case_control,False,1185561,tsn_embedding_fusion,outputs/nn_global_full_tsn_embedding_fusion/metrics.json
TemporalConvNet embedding fusion (global full),Neural,global full NN features,europe,Europe,2024,10472,493,9979,0.04707792207792208,3375,0.13214814814814815,0.9046653144016227,0.23061013443640124,0.0025670300515873855,0.2591246974841226,0.00694356593073824,0.8795474553357181,0.05519563045147971,0.16722270846366882,0.16722270846366882,legacy_sampled_case_control,False,1185561,tsn_embedding_fusion,outputs/nn_global_full_tsn_embedding_fusion/metrics.json
TemporalConvNet embedding fusion (global full),Neural,global full NN features,global,Global,2025,49672,3787,45885,0.07624013528748591,15881,0.20231723443108116,0.8484288354898336,0.3267236119585113,0.0020329942331142286,0.32263831480354577,0.006689059277744534,0.8571560846640774,0.06703148953840857,0.16722270846366882,0.16722270846366882,legacy_sampled_case_control,False,1185561,tsn_embedding_fusion,outputs/nn_global_full_tsn_embedding_fusion/metrics.json
TemporalConvNet embedding fusion (global full),Neural,global full NN features,eastern_siberia,Eastern Siberia,2025,19162,2442,16720,0.12743972445464982,6907,0.30838280005791224,0.8722358722358723,0.4556637073483795,0.007340253098114891,0.45152635991529483,0.010498722618363859,0.8682865934660192,0.08620151859026641,0.16722270846366882,0.16722270846366882,legacy_sampled_case_control,False,1185561,tsn_embedding_fusion,outputs/nn_global_full_tsn_embedding_fusion/metrics.json
TemporalConvNet embedding fusion (global full),Neural,global full NN features,far_east,Far East,2025,1744,137,1607,0.07855504587155963,493,0.2028397565922921,0.7299270072992701,0.31746031746031744,0.01824232174474661,0.36051054368206553,0.0593019651515672,0.8529562725121389,0.06483182498390189,0.16722270846366882,0.16722270846366882,legacy_sampled_case_control,False,1185561,tsn_embedding_fusion,outputs/nn_global_full_tsn_embedding_fusion/metrics.json
TemporalConvNet embedding fusion (global full),Neural,global full NN features,central_asia,Central Asia,2025,7618,304,7314,0.039905487004463114,3525,0.07631205673758865,0.8848684210526315,0.14050665970227214,0.0018608904180312232,0.19189362041204072,0.016021360429820504,0.808473385576328,0.0709255457555051,0.16722270846366882,0.16722270846366882,legacy_sampled_case_control,False,1185561,tsn_embedding_fusion,outputs/nn_global_full_tsn_embedding_fusion/metrics.json
TemporalConvNet embedding fusion (global full),Neural,global full NN features,europe,Europe,2025,8878,632,8246,0.07118720432529849,3254,0.17639827904118008,0.9082278481012658,0.29541945445187856,0.0060156810397280274,0.30688764470434693,0.00779762057408727,0.8594510341799783,0.06906740503520521,0.16722270846366882,0.16722270846366882,legacy_sampled_case_control,False,1185561,tsn_embedding_fusion,outputs/nn_global_full_tsn_embedding_fusion/metrics.json
TemporalConvNet embedding fusion (global full),Neural,global full NN features,global,Global,2021-2023,206438,36593,169845,0.17725903176740718,82490,0.32669414474481756,0.7364523269477768,0.45260868469890747,0.004189963847540688,0.4164518568724018,0.00427406078254569,0.7797392827355017,0.12458823094209645,0.16722270846366882,0.16722270846366882,legacy_sampled_case_control,False,1185561,tsn_embedding_fusion,outputs/nn_global_full_tsn_embedding_fusion/metrics.json
TemporalConvNet embedding fusion (global full),Neural,global full NN features,eastern_siberia,Eastern Siberia,2021-2023,82438,22636,59802,0.2745821101919018,38267,0.45825384796299684,0.7746951758261177,0.5758665418780684,0.001283712427078681,0.53463111255832,0.0035502817173800457,0.7851254759041411,0.16784909697231123,0.16722270846366882,0.16722270846366882,legacy_sampled_case_control,False,1185561,tsn_embedding_fusion,outputs/nn_global_full_tsn_embedding_fusion/metrics.json
TemporalConvNet embedding fusion (global full),Neural,global full NN features,far_east,Far East,2021-2023,6484,795,5689,0.12260950030845158,2939,0.22558693433140525,0.8339622641509434,0.35511515800749865,0.004802746373364428,0.30762509289919215,0.013366577832983173,0.7843262568943046,0.10305805969249568,0.16722270846366882,0.16722270846366882,legacy_sampled_case_control,False,1185561,tsn_embedding_fusion,outputs/nn_global_full_tsn_embedding_fusion/metrics.json
TemporalConvNet embedding fusion (global full),Neural,global full NN features,central_asia,Central Asia,2021-2023,29340,2012,27328,0.06857532379004772,15253,0.12699141152560153,0.9627236580516899,0.2243845931074428,0.0011514114960528704,0.34530629476391417,0.01378804534131485,0.858715525567322,0.08320997583246378,0.16722270846366882,0.16722270846366882,legacy_sampled_case_control,False,1185561,tsn_embedding_fusion,outputs/nn_global_full_tsn_embedding_fusion/metrics.json
TemporalConvNet embedding fusion (global full),Neural,global full NN features,europe,Europe,2021-2023,32712,1723,30989,0.052671802396674,10486,0.14152202937249667,0.861288450377249,0.24309935293635843,0.003578868309487133,0.2727915074785011,0.00789577202878655,0.8705121939904649,0.05661650677542844,0.16722270846366882,0.16722270846366882,legacy_sampled_case_control,False,1185561,tsn_embedding_fusion,outputs/nn_global_full_tsn_embedding_fusion/metrics.json
TemporalConvNet embedding fusion (global full),Neural,global full NN features,global,Global,2021-2025,321173,49514,271659,0.15416613476226207,120067,0.29154555373249935,0.7069717655612554,0.4128410612037905,0.0025191531090191267,0.3727605616210954,0.003698288244023112,0.7737681881194544,0.11465919161761504,0.16722270846366882,0.16722270846366882,legacy_sampled_case_control,False,1185561,tsn_embedding_fusion,outputs/nn_global_full_tsn_embedding_fusion/metrics.json
TemporalConvNet embedding fusion (global full),Neural,global full NN features,eastern_siberia,Eastern Siberia,2021-2025,128260,31267,96993,0.24377826290347732,56194,0.41265971456027334,0.7416445453673202,0.5302706349115606,0.0012891834241741177,0.4839611262942112,0.002821393469723045,0.773302308419417,0.15745550464098435,0.16722270846366882,0.16722270846366882,legacy_sampled_case_control,False,1185561,tsn_embedding_fusion,outputs/nn_global_full_tsn_embedding_fusion/metrics.json
TemporalConvNet embedding fusion (global full),Neural,global full NN features,far_east,Far East,2021-2025,10457,1230,9227,0.11762455771253706,4618,0.22368990905153746,0.8398373983739837,0.3532831737346101,0.0027883638511012484,0.32752958045712566,0.015118431228111233,0.8029126696924279,0.09813863409966307,0.16722270846366882,0.16722270846366882,legacy_sampled_case_control,False,1185561,tsn_embedding_fusion,outputs/nn_global_full_tsn_embedding_fusion/metrics.json
TemporalConvNet embedding fusion (global full),Neural,global full NN features,central_asia,Central Asia,2021-2025,45961,2503,43458,0.05445921542177063,22627,0.1050514871613559,0.9496604075109868,0.18917628332670117,0.0006184107019881093,0.3118860141768509,0.010983144691864058,0.859819507492569,0.07612815655804271,0.16722270846366882,0.16722270846366882,legacy_sampled_case_control,False,1185561,tsn_embedding_fusion,outputs/nn_global_full_tsn_embedding_fusion/metrics.json
TemporalConvNet embedding fusion (global full),Neural,global full NN features,europe,Europe,2021-2025,52062,2848,49214,0.05470400676116938,17115,0.14630441133508618,0.8792134831460674,0.2508640985823774,0.001966250415466329,0.2769070205453504,0.01335871597720778,0.8703860751405351,0.05845392481326615,0.16722270846366882,0.16722270846366882,legacy_sampled_case_control,False,1185561,tsn_embedding_fusion,outputs/nn_global_full_tsn_embedding_fusion/metrics.json
