model,feature_set,region_display,period,support,positives,positive_rate,precision,recall,f1,f1_error,average_precision,average_precision_error,roc_auc,brier_score,threshold
CatBoost,all features,Central Asia,2021,10197,903,0.0885554575,0.1856646669,0.6511627907,0.2889434889,0.0057892036,0.2262643813,0.0104374321,0.7839948301,0.1624926675,0.497643269
CatBoost,all features,Central Asia,2021-2023,29340,2012,0.0685753238,0.1692267297,0.6406560636,0.2677328902,0.003026976,0.20470099,0.0069081135,0.8019146901,0.1468575508,0.497643269
CatBoost,all features,Central Asia,2021-2025,45961,2503,0.0544592154,0.1467412642,0.5972832601,0.2356000315,0.0026716994,0.1788763558,0.0028099731,0.8067160357000001,0.1375345245,0.497643269
CatBoost,all features,Central Asia,2022,9862,698,0.0707767187,0.1821207798,0.5487106017,0.2734737594,0.0102627688,0.2213773692,0.0116164022,0.7917393369,0.1380396988,0.497643269
CatBoost,all features,Central Asia,2023,9281,411,0.0442840211,0.1354921176,0.7737226277,0.2306018854,0.0051481071,0.1673871156,0.0130509078,0.8369292045000001,0.139049165,0.497643269
CatBoost,all features,Central Asia,2024,9003,187,0.0207708542,0.0627090301,0.4010695187,0.1084598698,0.0113859536,0.0800729843,0.0111001879,0.8308647622,0.1111696764,0.497643269
CatBoost,all features,Central Asia,2025,7618,304,0.039905487,0.0952727273,0.4309210526,0.156045265,0.0094246165,0.0891823086,0.004635076,0.7412903606,0.1327859207,0.497643269
CatBoost,all features,Eastern Siberia,2021,44639,19789,0.4433119021,0.5908855673,0.9808479458,0.7374900262,0.0017818389,0.7341217126,0.00403878,0.8116281844000001,0.2015233927,0.497643269
CatBoost,all features,Eastern Siberia,2021-2023,82438,22636,0.2745821102,0.4825683134,0.950256229,0.6400833209,0.0012067201,0.6854637090000001,0.0026755916,0.8716205421000001,0.1852690883,0.497643269
CatBoost,all features,Eastern Siberia,2021-2025,128260,31267,0.2437782629,0.4505179807,0.9207471136,0.6050079333,0.0026065488,0.6469828931,0.0050884115,0.8645175461,0.1834811901,0.497643269
CatBoost,all features,Eastern Siberia,2022,18946,1456,0.0768499947,0.1852073365,0.6380494505000001,0.2870828183,0.0081662357,0.2538830688,0.0055128454,0.8165229817,0.1531781595,0.497643269
CatBoost,all features,Eastern Siberia,2023,18853,1391,0.0737813611,0.1745416605,0.8418404026,0.2891358025,0.0039034042,0.3289279273,0.0156429805,0.838236109,0.1790323538,0.497643269
CatBoost,all features,Eastern Siberia,2024,26660,6189,0.2321455364,0.3828200731,0.8295362740000001,0.523877551,0.0015797661,0.4944269058,0.0017892392,0.7855373383,0.2003774371,0.497643269
CatBoost,all features,Eastern Siberia,2025,19162,2442,0.1274397245,0.3625147879,0.8783783784,0.5132192846,0.0043261012,0.5702047881,0.0057033471,0.8980305773,0.1522816962,0.497643269
CatBoost,all features,Europe,2021,11926,847,0.071021298,0.366030881,0.4757969303,0.4137577002,0.0091507495,0.3217030754,0.0095154497,0.8827009053,0.0842992619,0.497643269
CatBoost,all features,Europe,2021-2023,32712,1723,0.0526718024,0.2755874154,0.4016250725,0.3268776571,0.0078284478,0.2385367851,0.0026242233,0.8760828525000001,0.0757033909,0.497643269
CatBoost,all features,Europe,2021-2025,52062,2848,0.0547040068,0.2597521799,0.3974719101,0.3141826256,0.0039925702,0.2311038606,0.004345299,0.8591934986,0.0787450415,0.497643269
CatBoost,all features,Europe,2022,10330,382,0.0369796709,0.1600587372,0.2853403141,0.2050799624,0.0174634549,0.148373028,0.0169476327,0.8580285021,0.0702473978,0.497643269
CatBoost,all features,Europe,2023,10456,494,0.0472456006,0.2469135802,0.3643724696,0.2943581357,0.0068878366,0.2047650052,0.0096512102,0.8735217104,0.0712892795,0.497643269
CatBoost,all features,Europe,2024,10472,493,0.0470779221,0.2042889391,0.3671399594,0.2625090645,0.0094722971,0.1940140109,0.0055639971,0.8328032479,0.0783945241,0.497643269
CatBoost,all features,Europe,2025,8878,632,0.0711872043,0.2695109261,0.4098101266,0.3251726303,0.0161180579,0.2521395528,0.0143536418,0.8295136192,0.0903658001,0.497643269
CatBoost,all features,Far East,2021,2141,270,0.1261092947,0.3582342954,0.7814814815000001,0.4912689173,0.0197342543,0.4682411849,0.0297237757,0.8573074411,0.1456806814,0.497643269
CatBoost,all features,Far East,2021-2023,6484,795,0.1226095003,0.3358425014,0.7295597484,0.4599524187,0.0074606921,0.3999072192,0.0140963613,0.8439954187,0.1454545785,0.497643269
CatBoost,all features,Far East,2021-2025,10457,1230,0.1176245577,0.3126614987,0.6886178862,0.4300583905,0.0119292344,0.3748286968,0.0129214934,0.8387397449,0.1459205221,0.497643269
CatBoost,all features,Far East,2022,2076,192,0.0924855491,0.2725321888,0.6614583333,0.3860182371,0.0273581635,0.3346445176,0.0277870759,0.8368027910000001,0.136732911,0.497643269
CatBoost,all features,Far East,2023,2267,333,0.1468901632,0.3601190476,0.7267267267,0.4815920398,0.0108433918,0.3797604252,0.0121658476,0.8309227014,0.1532278892,0.497643269
CatBoost,all features,Far East,2024,2229,298,0.1336922387,0.2608695652,0.6442953020000001,0.3713733075,0.020421679,0.3096078235,0.0146396325,0.7852661798,0.1765546362,0.497643269
CatBoost,all features,Far East,2025,1744,137,0.0785550459,0.3048780488,0.5474452555,0.3916449086,0.0262148994,0.4040165565,0.0421801912,0.875549035,0.1084995005,0.497643269
CatBoost,all features,Global,2021,87238,24772,0.2839588253,0.5238193821,0.9192636848,0.6673602462,0.0019639512,0.6811049477000001,0.0023914935,0.8677985012,0.1700397529,0.497643269
CatBoost,all features,Global,2021-2023,206438,36593,0.1772590318,0.4265652109,0.853305277,0.5687924659,0.0020999426,0.5975421246,0.0051754985,0.8796483074,0.1502621147,0.497643269
CatBoost,all features,Global,2021-2025,321173,49514,0.1541661348,0.399622775,0.8215858141,0.5377040513,0.0016801979,0.5620243065,0.0054312443,0.8765072244000001,0.1444730512,0.497643269
CatBoost,all features,Global,2022,58312,4923,0.0844251612,0.2479033881,0.6004468820000001,0.350923013,0.0034048179,0.2812302,0.004626682,0.8319078045,0.1272898812,0.497643269
CatBoost,all features,Global,2023,60888,6898,0.113289975,0.3087508425,0.7968976515,0.4450651769,0.0028136888,0.4248719406,0.0071743656,0.8566736798,0.1439258134,0.497643269
CatBoost,all features,Global,2024,65063,9134,0.1403870095,0.3491574939,0.7327567331,0.4729533972,0.0032521657,0.4396298565,0.0078125872,0.8401260362,0.1455833836,0.497643269
CatBoost,all features,Global,2025,49672,3787,0.0762401353,0.2930193083,0.7293372062,0.4180731098,0.0028537446,0.4568351911,0.0079201428,0.8736246277,0.1189591949,0.497643269
CatBoost deployment-weighted,all features,Central Asia,2021,10197,903,0.0885554575,0.1058598726,0.9202657807,0.1898777562,0.0014043376,0.1117897371,0.0046398382,0.591300166,0.2180864807,0.4626545382
CatBoost deployment-weighted,all features,Central Asia,2021-2023,29340,2012,0.0685753238,0.0780445578,0.8513916501000001,0.1429823463,0.0023482828,0.0934139564,0.0044224653,0.5948502577,0.2165048555,0.4626545382
CatBoost deployment-weighted,all features,Central Asia,2021-2025,45961,2503,0.0544592154,0.0604675385,0.8349980024,0.1127687701,0.0012195865,0.07192057,0.0023212785,0.5814541396,0.2155573374,0.4626545382
CatBoost deployment-weighted,all features,Central Asia,2022,9862,698,0.0707767187,0.0785267547,0.8094555874,0.1431648296,0.0021196138,0.1044837701,0.0029820019,0.6076111957,0.2165592656,0.4626545382
CatBoost deployment-weighted,all features,Central Asia,2023,9281,411,0.0442840211,0.0459154114,0.7712895377000001,0.0866712235,0.0028087653,0.0642760371,0.0042613662,0.5751477821000001,0.2147093136,0.4626545382
CatBoost deployment-weighted,all features,Central Asia,2024,9003,187,0.0207708542,0.0184672207,0.6417112299000001,0.0359012715,0.0025646726,0.0296846207,0.0021826372,0.5554254782,0.2127747608,0.4626545382
CatBoost deployment-weighted,all features,Central Asia,2025,7618,304,0.039905487,0.0420140592,0.8453947368,0.0800498365,0.0015244191,0.0442178117,0.001972877,0.5086997449,0.2151965282,0.4626545382
CatBoost deployment-weighted,all features,Eastern Siberia,2021,44639,19789,0.4433119021,0.4898683884,0.9968669463,0.6569206947,0.0006238209,0.5784269790000001,0.002463314,0.6794678679,0.2457574624,0.4626545382
CatBoost deployment-weighted,all features,Eastern Siberia,2021-2023,82438,22636,0.2745821102,0.323980334,0.9839635978,0.4874595115,0.0006289994,0.3994648972,0.0007633945,0.6881927751,0.2327993324,0.4626545382
CatBoost deployment-weighted,all features,Eastern Siberia,2021-2025,128260,31267,0.2437782629,0.286698498,0.9755652925,0.4431610986,0.0008602671,0.3383547421,0.0021643279,0.6657702409,0.2306006212,0.4626545382
CatBoost deployment-weighted,all features,Eastern Siberia,2022,18946,1456,0.0768499947,0.0924064768,0.9093406593,0.1677648251,0.0010408091,0.0926216784,0.0029173128,0.5627237739000001,0.2175661341,0.4626545382
CatBoost deployment-weighted,all features,Eastern Siberia,2023,18853,1391,0.0737813611,0.086360424,0.8785046729,0.1572614375,0.0017423004,0.1187022444,0.0055409282,0.6493890688,0.2174261935,0.4626545382
CatBoost deployment-weighted,all features,Eastern Siberia,2024,26660,6189,0.2321455364,0.2728017104,0.9689772176,0.4257418714,0.0015333025,0.2867784064,0.0023426797,0.6220866465,0.229674216,0.4626545382
CatBoost deployment-weighted,all features,Eastern Siberia,2025,19162,2442,0.1274397245,0.1425652812,0.9144144144,0.24667219,0.0012891368,0.2480269578,0.0035177107,0.5740164643,0.2224303156,0.4626545382
CatBoost deployment-weighted,all features,Europe,2021,11926,847,0.071021298,0.1022995649,0.9716646989,0.1851102114,0.0014214101,0.1133101163,0.0016808817,0.687560296,0.215140244,0.4626545382
CatBoost deployment-weighted,all features,Europe,2021-2023,32712,1723,0.0526718024,0.071851145,0.8740568775,0.1327866684,0.0013084016,0.0711629846,0.0010324176,0.6375403423,0.2136294967,0.4626545382
CatBoost deployment-weighted,all features,Europe,2021-2025,52062,2848,0.0547040068,0.0721753895,0.8507724719,0.1330624125,0.000840011,0.069493056,0.0005435346,0.6133911393,0.2139368653,0.4626545382
CatBoost deployment-weighted,all features,Europe,2022,10330,382,0.0369796709,0.0474111042,0.7958115183000001,0.0894907271,0.0015349377,0.0455572951,0.0013155229,0.6032963031,0.2122572027,0.4626545382
CatBoost deployment-weighted,all features,Europe,2023,10456,494,0.0472456006,0.0582807935,0.7672064777000001,0.1083321423,0.004165852,0.0559214168,0.0013175001,0.5746270037,0.2132621119,0.4626545382
CatBoost deployment-weighted,all features,Europe,2024,10472,493,0.0470779221,0.0591943419,0.7809330629,0.1100471631,0.003394249,0.055398643,0.0018381967,0.5847975475,0.2131045814,0.4626545382
CatBoost deployment-weighted,all features,Europe,2025,8878,632,0.0711872043,0.0871131488,0.8417721519,0.1578869268,0.0030510445,0.081673093,0.0041362741,0.5608977655,0.2160511159,0.4626545382
CatBoost deployment-weighted,all features,Far East,2021,2141,270,0.1261092947,0.1658925017,0.9259259259,0.2813731007,0.0029598993,0.1744748813,0.006170115,0.6240166677,0.2216533879,0.4626545382
CatBoost deployment-weighted,all features,Far East,2021-2023,6484,795,0.1226095003,0.1576837416,0.8905660377,0.2679280984,0.0031130381,0.2237209312,0.0036529077,0.6813349385,0.2212868937,0.4626545382
CatBoost deployment-weighted,all features,Far East,2021-2025,10457,1230,0.1176245577,0.1527777778,0.912195122,0.2617214836,0.0022646857,0.239017155,0.0067405142,0.7074881864,0.2209926287,0.4626545382
CatBoost deployment-weighted,all features,Far East,2022,2076,192,0.0924855491,0.1152494729,0.8541666667000001,0.2030959752,0.0114170936,0.2678466981,0.0319844454,0.7110093772,0.2190205587,0.4626545382
CatBoost deployment-weighted,all features,Far East,2023,2267,333,0.1468901632,0.1884615385,0.8828828829,0.3106180666,0.0067014879,0.2805494222,0.0248057092,0.7059261951,0.2230161605,0.4626545382
CatBoost deployment-weighted,all features,Far East,2024,2229,298,0.1336922387,0.177045177,0.9731543624,0.2995867769,0.0051512349,0.2677470811,0.024166166,0.7334152420000001,0.2224306414,0.4626545382
CatBoost deployment-weighted,all features,Far East,2025,1744,137,0.0785550459,0.1019736842,0.9051094891,0.1832963784,0.007281982,0.390827845,0.0352645815,0.785468684,0.2180606648,0.4626545382
CatBoost deployment-weighted,all features,Global,2021,87238,24772,0.2839588253,0.3495650177,0.9829646375,0.5157259346,0.0011141378,0.4281212146,0.0017634441,0.7101295393,0.2327554058,0.4626545382
CatBoost deployment-weighted,all features,Global,2021-2023,206438,36593,0.1772590318,0.2288044757,0.9566857049,0.3692885436,0.0006620843,0.28710976,0.0035825948,0.7051265160000001,0.2243655975,0.4626545382
CatBoost deployment-weighted,all features,Global,2021-2025,321173,49514,0.1541661348,0.1982724493,0.9508219897,0.3281223864,0.000965037,0.2408301295,0.0021791606,0.6889189202,0.2227068222,0.4626545382
CatBoost deployment-weighted,all features,Global,2022,58312,4923,0.0844251612,0.1082065353,0.8811700183000001,0.1927443183,0.0011295497,0.1132679598,0.0028253843,0.6178090105,0.2170017226,0.4626545382
CatBoost deployment-weighted,all features,Global,2023,60888,6898,0.113289975,0.1461068985,0.9162075964,0.2520237668,0.0010193522,0.2115800951,0.0021437851,0.7138817131,0.2193973306,0.4626545382
CatBoost deployment-weighted,all features,Global,2024,65063,9134,0.1403870095,0.1839022121,0.9520472958,0.3082594825,0.0014205153,0.2009447495,0.0026538513,0.6680349147,0.2215002862,0.4626545382
CatBoost deployment-weighted,all features,Global,2025,49672,3787,0.0762401353,0.0908332436,0.89120676,0.1648633466,0.0004703905,0.1528192505,0.0043854312,0.5955153811,0.2173932974,0.4626545382
FT-Transformer (global full),global full NN features,Central Asia,2021,10197,903,0.0885554575,0.1645201496,0.8770764120000001,0.2770683925,0.0030132219,0.3086999133,0.0145568559,0.8089548479,0.1003808658,0.1592247635
FT-Transformer (global full),global full NN features,Central Asia,2021-2023,29340,2012,0.0685753238,0.1362649294,0.8732604374,0.2357439957,0.0022805998,0.2962205245,0.0057685944,0.8250955061,0.0890651436,0.1592247635
FT-Transformer (global full),global full NN features,Central Asia,2021-2025,45961,2503,0.0544592154,0.1147462496,0.8617658809000001,0.202525703,0.0012472095,0.267286085,0.0020722174,0.8312075902,0.0797604713,0.1592247635
FT-Transformer (global full),global full NN features,Central Asia,2022,9862,698,0.0707767187,0.1449507671,0.9068767908,0.2499506417,0.0035275796,0.2941063562,0.0114571178,0.8364804849,0.0903784025,0.1592247635
FT-Transformer (global full),global full NN features,Central Asia,2023,9281,411,0.0442840211,0.0894155669,0.8077858881000001,0.1610087294,0.0039938187,0.2993957474,0.0143474117,0.8191520119,0.0752371317,0.1592247635
FT-Transformer (global full),global full NN features,Central Asia,2024,9003,187,0.0207708542,0.0530973451,0.8663101604000001,0.1000617665,0.0039634727,0.1981911064,0.031249438,0.8498166921,0.0598553973,0.1592247635
FT-Transformer (global full),global full NN features,Central Asia,2025,7618,304,0.039905487,0.0834209604,0.7828947368,0.1507760532,0.0070089039,0.201461798,0.0265880628,0.8101550019,0.0674483547,0.1592247635
FT-Transformer (global full),global full NN features,Eastern Siberia,2021,44639,19789,0.4433119021,0.5534998458,0.9070695841,0.6874892281,0.0010863461,0.6485319458000001,0.0037509842,0.7407756347000001,0.2164616786,0.1592247635
FT-Transformer (global full),global full NN features,Eastern Siberia,2021-2023,82438,22636,0.2745821102,0.4205508913,0.8984361195,0.5729216554000001,0.0005533873,0.5536756347,0.0029221404,0.7955801736,0.1682923115,0.1592247635
FT-Transformer (global full),global full NN features,Eastern Siberia,2021-2025,128260,31267,0.2437782629,0.3789336654,0.8564940672,0.5254122563,0.0013569236,0.5020292125,0.0050924643,0.7802978604,0.1655258664,0.1592247635
FT-Transformer (global full),global full NN features,Eastern Siberia,2022,18946,1456,0.0768499947,0.1672632159,0.8344780220000001,0.2786697248,0.0051590523,0.1654444387,0.0056152801,0.7782630106,0.1029527892,0.1592247635
FT-Transformer (global full),global full NN features,Eastern Siberia,2023,18853,1391,0.0737813611,0.1352723915,0.8425593098,0.2331178518,0.0028685926,0.2260601609,0.0081683702,0.7857527707,0.1199016156,0.1592247635
FT-Transformer (global full),global full NN features,Eastern Siberia,2024,26660,6189,0.2321455364,0.3144620944,0.6749070932,0.4290262942,0.002377071,0.3671164155,0.0077544277,0.6814610644,0.1939420336,0.1592247635
FT-Transformer (global full),global full NN features,Eastern Siberia,2025,19162,2442,0.1274397245,0.2509135201,0.9279279279,0.3950143816,0.0030289222,0.3569448526,0.007097703,0.8309746036000001,0.1140888967,0.1592247635
FT-Transformer (global full),global full NN features,Europe,2021,11926,847,0.071021298,0.2067294751,0.906729634,0.3366944323,0.0025796679,0.270594057,0.0117183745,0.8693229573,0.0685957329,0.1592247635
FT-Transformer (global full),global full NN features,Europe,2021-2023,32712,1723,0.0526718024,0.177293578,0.8972721997,0.2960835009,0.0026024517,0.3075483019,0.0172606965,0.8915325898,0.0557119863,0.1592247635
FT-Transformer (global full),global full NN features,Europe,2021-2025,52062,2848,0.0547040068,0.1719093943,0.8500702247,0.2859842892,0.0017175221,0.2798939504,0.0059745112,0.8729766159000001,0.0588821765,0.1592247635
FT-Transformer (global full),global full NN features,Europe,2022,10330,382,0.0369796709,0.1285714286,0.8481675393,0.2232942798,0.0041506479,0.3346041672,0.0213956717,0.8978591819,0.0478953437,0.1592247635
FT-Transformer (global full),global full NN features,Europe,2023,10456,494,0.0472456006,0.1826961771,0.9190283401,0.3048002685,0.0057696239,0.3697553146,0.025249671,0.9104038667,0.0487393731,0.1592247635
FT-Transformer (global full),global full NN features,Europe,2024,10472,493,0.0470779221,0.1455696203,0.8397565923,0.2481270602,0.0027346023,0.2470446512,0.0108372908,0.8648010721,0.0570424964,0.1592247635
FT-Transformer (global full),global full NN features,Europe,2025,8878,632,0.0711872043,0.1830091306,0.7294303797,0.2926055221,0.0080808167,0.2367029001,0.0193798102,0.8242053301000001,0.0727330878,0.1592247635
FT-Transformer (global full),global full NN features,Far East,2021,2141,270,0.1261092947,0.21791559,0.937037037,0.3535988819,0.0051840453,0.4490800664,0.0234694444,0.8619811153,0.1322626851,0.1592247635
FT-Transformer (global full),global full NN features,Far East,2021-2023,6484,795,0.1226095003,0.2196261682,0.9459119497,0.3564825788,0.0026562852,0.3770816038,0.0167992345,0.8413816358,0.1269044982,0.1592247635
FT-Transformer (global full),global full NN features,Far East,2021-2025,10457,1230,0.1176245577,0.2169917479,0.9406504065,0.3526363913,0.0041001638,0.3927793698,0.0072123381,0.8547410789000001,0.1182839151,0.1592247635
FT-Transformer (global full),global full NN features,Far East,2022,2076,192,0.0924855491,0.1806122449,0.921875,0.3020477816,0.0062167354,0.2484253793,0.0180585609,0.8066005396,0.1218054651,0.1592247635
FT-Transformer (global full),global full NN features,Far East,2023,2267,333,0.1468901632,0.250974279,0.966966967,0.3985148515,0.0021492591,0.4274827745,0.0111830332,0.8507302546000001,0.1265135473,0.1592247635
FT-Transformer (global full),global full NN features,Far East,2024,2229,298,0.1336922387,0.2211302211,0.9060402685,0.3554970375,0.0089047565,0.4297890046,0.0376744814,0.8371310202000001,0.1303885359,0.1592247635
FT-Transformer (global full),global full NN features,Far East,2025,1744,137,0.0785550459,0.1965065502,0.9854014599,0.3276699029,0.0090008803,0.4842648115,0.0546373364,0.9344155815,0.0707626649,0.1592247635
FT-Transformer (global full),global full NN features,Global,2021,87238,24772,0.2839588253,0.4495834007,0.8974245115,0.5990568580000001,0.0017708814,0.5813307729,0.0022413396,0.8086770099,0.162284394,0.1592247635
FT-Transformer (global full),global full NN features,Global,2021-2023,206438,36593,0.1772590318,0.3363717997,0.8803596316000001,0.4867600952,0.0022535832,0.4734057161,0.0091879018,0.8270339314,0.1274431313,0.1592247635
FT-Transformer (global full),global full NN features,Global,2021-2025,321173,49514,0.1541661348,0.2989294697,0.8329563356,0.4399652235,0.0019388807,0.4234355108,0.0039749642,0.8143480561,0.1217480281,0.1592247635
FT-Transformer (global full),global full NN features,Global,2022,58312,4923,0.0844251612,0.1957295374,0.8490757668000001,0.3181247384,0.001428286,0.2431916761,0.0017948168,0.8214905602,0.0927373187,0.1592247635
FT-Transformer (global full),global full NN features,Global,2023,60888,6898,0.113289975,0.2324575457,0.8414033053000001,0.3642754033,0.0019872641,0.2975883401,0.0031040525,0.8108113846,0.1107614088,0.1592247635
FT-Transformer (global full),global full NN features,Global,2024,65063,9134,0.1403870095,0.238958796,0.6361944384,0.3474231735,0.0042946738,0.2982159369,0.0049650273,0.7375163443,0.1322569583,0.1592247635
FT-Transformer (global full),global full NN features,Global,2025,49672,3787,0.0762401353,0.1799317635,0.8494850805,0.2969629835,0.0011611558,0.2697404896,0.005881158,0.8375513473,0.0843138954,0.1592247635
FWI-only CatBoost,fire-weather variables only,Central Asia,2021,10197,903,0.0885554575,0.1086028066,0.9856035437,0.195647395,0.0011966026,0.1315402383,0.0051537651,0.6656342546,0.2309622909,0.464663872
FWI-only CatBoost,fire-weather variables only,Central Asia,2021-2023,29340,2012,0.0685753238,0.0841678177,0.9691848907,0.1548848292,0.0007682173,0.0982310309,0.0011456806,0.6452905445,0.2300082003,0.464663872
FWI-only CatBoost,fire-weather variables only,Central Asia,2021-2025,45961,2503,0.0544592154,0.0663224673,0.9648421894,0.1241134752,0.0006337355,0.0742887811,0.0013533559,0.6280096449,0.2304355329,0.464663872
FWI-only CatBoost,fire-weather variables only,Central Asia,2022,9862,698,0.0707767187,0.0861824281,0.9570200573,0.1581252219,0.0012739595,0.0954278946,0.0036659435,0.6183786156000001,0.2298033931,0.464663872
FWI-only CatBoost,fire-weather variables only,Central Asia,2023,9281,411,0.0442840211,0.0542785932,0.9537712895,0.1027119088,0.0011127535,0.072005568,0.0018131044,0.6423708775,0.2291775729,0.464663872
FWI-only CatBoost,fire-weather variables only,Central Asia,2024,9003,187,0.0207708542,0.0256812669,0.9625668449,0.0500277932,0.0004008518,0.021563749,0.0009263938,0.528568621,0.2290394289,0.464663872
FWI-only CatBoost,fire-weather variables only,Central Asia,2025,7618,304,0.039905487,0.0457023733,0.9375,0.0871559633,0.0008744563,0.0532453559,0.003105644,0.5800771412,0.233731288,0.464663872
FWI-only CatBoost,fire-weather variables only,Eastern Siberia,2021,44639,19789,0.4433119021,0.50565769,0.9687705291,0.6644830335,0.0005326538,0.5795883003,0.0019898876,0.6962094412000001,0.2357695487,0.464663872
FWI-only CatBoost,fire-weather variables only,Eastern Siberia,2021-2023,82438,22636,0.2745821102,0.3407684333,0.9583848737,0.5027694732,0.0013514398,0.4480357063,0.0024016108,0.7383536157,0.2278122487,0.464663872
FWI-only CatBoost,fire-weather variables only,Eastern Siberia,2021-2025,128260,31267,0.2437782629,0.3031259546,0.9521220456,0.459850012,0.0014797989,0.401133351,0.003471674,0.7265562358000001,0.2276295194,0.464663872
FWI-only CatBoost,fire-weather variables only,Eastern Siberia,2022,18946,1456,0.0768499947,0.107286375,0.9718406593,0.1932400137,0.0005436733,0.1255281835,0.002919828,0.6927049366,0.2185586203,0.464663872
FWI-only CatBoost,fire-weather variables only,Eastern Siberia,2023,18853,1391,0.0737813611,0.0882165605,0.7965492451,0.1588416601,0.0030167755,0.1388760071,0.0052613359,0.6595611002,0.2182707077,0.464663872
FWI-only CatBoost,fire-weather variables only,Eastern Siberia,2024,26660,6189,0.2321455364,0.2837554846,0.9195346583,0.4336826062,0.0013963558,0.352574718,0.0043959017,0.6639465755,0.228268553,0.464663872
FWI-only CatBoost,fire-weather variables only,Eastern Siberia,2025,19162,2442,0.1274397245,0.1645735578,0.9766584767,0.2816818236,0.0012968509,0.2533413062,0.0060090357,0.7656438096,0.2259543041,0.464663872
FWI-only CatBoost,fire-weather variables only,Europe,2021,11926,847,0.071021298,0.1025271704,0.9244391972,0.184582744,0.0031661784,0.172542158,0.0038569643,0.7658531148000001,0.2109274213,0.464663872
FWI-only CatBoost,fire-weather variables only,Europe,2021-2023,32712,1723,0.0526718024,0.077156351,0.900754498,0.1421375584,0.0020617842,0.1292938326,0.0030473729,0.7533721971,0.2084867259,0.464663872
FWI-only CatBoost,fire-weather variables only,Europe,2021-2025,52062,2848,0.0547040068,0.0773431508,0.8851825843000001,0.142256581,0.0006772374,0.1334646484,0.0024031341,0.7456447696,0.209899806,0.464663872
FWI-only CatBoost,fire-weather variables only,Europe,2022,10330,382,0.0369796709,0.0549983824,0.8900523560000001,0.1035953687,0.0016746669,0.0685542005,0.0040567593,0.7108994257,0.2066789511,0.464663872
FWI-only CatBoost,fire-weather variables only,Europe,2023,10456,494,0.0472456006,0.0681385006,0.8684210526,0.1263622975,0.0024254023,0.1440904091,0.0172168546,0.7559877331,0.2074888852,0.464663872
FWI-only CatBoost,fire-weather variables only,Europe,2024,10472,493,0.0470779221,0.0645619574,0.8296146045,0.1198008202,0.0031275101,0.1136936965,0.0046759798,0.7220414392000001,0.2079327032,0.464663872
FWI-only CatBoost,fire-weather variables only,Europe,2025,8878,632,0.0711872043,0.0911310008,0.8860759494,0.1652648665,0.0032241406,0.1764707772,0.0095698753,0.7385740535,0.2174267465,0.464663872
FWI-only CatBoost,fire-weather variables only,Far East,2021,2141,270,0.1261092947,0.1940789474,0.8740740741,0.3176312248,0.0111781453,0.3969541826,0.0265127654,0.7780004751,0.2136007931,0.464663872
FWI-only CatBoost,fire-weather variables only,Far East,2021-2023,6484,795,0.1226095003,0.1840864985,0.8352201258,0.3016810541,0.002668908,0.3219458569,0.0119405827,0.7446085406,0.213449878,0.464663872
FWI-only CatBoost,fire-weather variables only,Far East,2021-2025,10457,1230,0.1176245577,0.1763602251,0.8406504065,0.2915550543,0.0028973873,0.2932767477,0.012345698,0.7423174829,0.2134775695,0.464663872
FWI-only CatBoost,fire-weather variables only,Far East,2022,2076,192,0.0924855491,0.1548042705,0.90625,0.26443769,0.0085786006,0.2349942956,0.0276922557,0.7547632475,0.211381877,0.464663872
FWI-only CatBoost,fire-weather variables only,Far East,2023,2267,333,0.1468901632,0.2004735596,0.7627627628,0.3175,0.0100669878,0.3161661707,0.0265129707,0.7098616196,0.215201118,0.464663872
FWI-only CatBoost,fire-weather variables only,Far East,2024,2229,298,0.1336922387,0.1940298507,0.8288590604,0.3144493953,0.0133129932,0.2366687436,0.0179661947,0.7046936421000001,0.2154813457,0.464663872
FWI-only CatBoost,fire-weather variables only,Far East,2025,1744,137,0.0785550459,0.1251271617,0.897810219,0.2196428571,0.0056922984,0.2868694775,0.0390840572,0.8095081282000001,0.2110195041,0.464663872
FWI-only CatBoost,fire-weather variables only,Global,2021,87238,24772,0.2839588253,0.3584845783,0.9576134345,0.5216779372,0.0015230736,0.5024823380000001,0.0054889338,0.7508158554000001,0.226182638,0.464663872
FWI-only CatBoost,fire-weather variables only,Global,2021-2023,206438,36593,0.1772590318,0.2372202218,0.9416008526,0.3789663554,0.0015878985,0.3583964781,0.0053044725,0.7391943003,0.2204359164,0.464663872
FWI-only CatBoost,fire-weather variables only,Global,2021-2025,321173,49514,0.1541661348,0.2063773763,0.9370885002,0.3382590946,0.0008648434,0.3127228753,0.0037655724,0.7253525528,0.2201725463,0.464663872
FWI-only CatBoost,fire-weather variables only,Global,2022,58312,4923,0.0844251612,0.1195694362,0.9386552915,0.2121184301,0.0009497729,0.1459031994,0.0019046799,0.6872453077,0.2152107653,0.464663872
FWI-only CatBoost,fire-weather variables only,Global,2023,60888,6898,0.113289975,0.1512033441,0.8861988982000001,0.25833034,0.0009162805,0.1781719881,0.0029618971,0.6629009708,0.2172063228,0.464663872
FWI-only CatBoost,fire-weather variables only,Global,2024,65063,9134,0.1403870095,0.1870181101,0.9135099628,0.3104744186,0.0009885393,0.2494977574,0.0032318017,0.6511838497,0.2196210566,0.464663872
FWI-only CatBoost,fire-weather variables only,Global,2025,49672,3787,0.0762401353,0.1029432797,0.9503564827,0.1857644266,0.0005292204,0.1911359022,0.0027474899,0.7792123677,0.2198003443,0.464663872
LSTM attention (global full),global full NN features,Central Asia,2021,10197,903,0.0885554575,0.172752168,0.8383167220000001,0.2864711447,0.0035705981,0.2555854041,0.0128115584,0.7963285474,0.1086382331,0.2067688853
LSTM attention (global full),global full NN features,Central Asia,2021-2023,29340,2012,0.0685753238,0.145795207,0.8315109344,0.2480907541,0.0017200348,0.2634215355,0.0082185599,0.8116109676000001,0.0957483328,0.2067688853
LSTM attention (global full),global full NN features,Central Asia,2021-2025,45961,2503,0.0544592154,0.1219526698,0.8194167,0.2123078516,0.0010488971,0.2473103799,0.0081697384,0.8209585563,0.0867464984,0.2067688853
LSTM attention (global full),global full NN features,Central Asia,2022,9862,698,0.0707767187,0.1521521522,0.8710601719000001,0.2590541116,0.00312935,0.2710818711,0.0238402702,0.8181821166000001,0.0964516239,0.2067688853
LSTM attention (global full),global full NN features,Central Asia,2023,9281,411,0.0442840211,0.0994510817,0.7493917275,0.1755986317,0.0045307069,0.276085353,0.0330676717,0.8107058704000001,0.0808389296,0.2067688853
LSTM attention (global full),global full NN features,Central Asia,2024,9003,187,0.0207708542,0.0561995083,0.8556149733,0.105471325,0.003946846,0.338189104,0.0431480176,0.8864273271,0.0647755792,0.2067688853
LSTM attention (global full),global full NN features,Central Asia,2025,7618,304,0.039905487,0.0873397436,0.7171052632,0.1557142857,0.0058389365,0.1529665719,0.0118018766,0.7902018299,0.0780421617,0.2067688853
LSTM attention (global full),global full NN features,Eastern Siberia,2021,44639,19789,0.4433119021,0.5698116652,0.9463843549,0.7113339411,0.0011546249,0.6686065976000001,0.0039281234,0.7700232534,0.1924611681,0.2067688853
LSTM attention (global full),global full NN features,Eastern Siberia,2021-2023,82438,22636,0.2745821102,0.4434330575,0.9232638275,0.5991170484,0.001460742,0.5700219835,0.0063917277,0.8202183961,0.1578173108,0.2067688853
LSTM attention (global full),global full NN features,Eastern Siberia,2021-2025,128260,31267,0.2437782629,0.4034249071,0.8853103911,0.5542740434,0.000802637,0.5196162065000001,0.0021896781,0.8061257486000001,0.1575162964,0.2067688853
LSTM attention (global full),global full NN features,Eastern Siberia,2022,18946,1456,0.0768499947,0.1728715288,0.7781593407,0.2828963795,0.0032099041,0.1531012338,0.0025828603,0.7824029744000001,0.1079891628,0.2067688853
LSTM attention (global full),global full NN features,Eastern Siberia,2023,18853,1391,0.0737813611,0.1346478142,0.7462257369,0.2281318681,0.0037695753,0.1803764934,0.0058683347,0.7620744884,0.1258636138,0.2067688853
LSTM attention (global full),global full NN features,Eastern Siberia,2024,26660,6189,0.2321455364,0.3423945783,0.7346905801,0.467101546,0.0031489515,0.3750804105,0.0059916321,0.7050144923,0.1894672001,0.2067688853
LSTM attention (global full),global full NN features,Eastern Siberia,2025,19162,2442,0.1274397245,0.2723948812,0.9152334152,0.4198365737,0.0006500434,0.4201177934,0.0094117047,0.8617071563,0.111768143,0.2067688853
LSTM attention (global full),global full NN features,Europe,2021,11926,847,0.071021298,0.2544470224,0.7768595041,0.3833381882,0.0089238395,0.3348743565,0.0158432659,0.8862446295,0.0609667431,0.2067688853
LSTM attention (global full),global full NN features,Europe,2021-2023,32712,1723,0.0526718024,0.2281048986,0.8026697620000001,0.3552530182,0.0034365826,0.3469892452,0.0059899467,0.904069184,0.0484530635,0.2067688853
LSTM attention (global full),global full NN features,Europe,2021-2025,52062,2848,0.0547040068,0.2186541215,0.7507022472,0.3386662443,0.0059188331,0.3095481575,0.011895791,0.8872711861,0.0519249101,0.2067688853
LSTM attention (global full),global full NN features,Europe,2022,10330,382,0.0369796709,0.1753057659,0.7879581152,0.2868032396,0.0040565367,0.2797295306,0.0185339237,0.899892267,0.041509709,0.2067688853
LSTM attention (global full),global full NN features,Europe,2023,10456,494,0.0472456006,0.2409090909,0.8582995951,0.3762200532,0.006862085,0.4308481159,0.0163739208,0.9256252708,0.0410397801,0.2067688853
LSTM attention (global full),global full NN features,Europe,2024,10472,493,0.0470779221,0.1809278351,0.7119675456,0.2885326757,0.0066835396,0.2638475736,0.0165148145,0.8778522118000001,0.0501702571,0.2067688853
LSTM attention (global full),global full NN features,Europe,2025,8878,632,0.0711872043,0.2276056338,0.6392405063000001,0.3356875779,0.0116163939,0.2503917682,0.0174887006,0.8428369182000001,0.0667870157,0.2067688853
LSTM attention (global full),global full NN features,Far East,2021,2141,270,0.1261092947,0.2492244054,0.8925925926,0.3896523848,0.0102104645,0.4540607018,0.020406008,0.8576677158,0.1233137568,0.2067688853
LSTM attention (global full),global full NN features,Far East,2021-2023,6484,795,0.1226095003,0.2468590832,0.9144654088,0.3887700535,0.0054593337,0.3788459877,0.0138931028,0.8398084796,0.1207322414,0.2067688853
LSTM attention (global full),global full NN features,Far East,2021-2025,10457,1230,0.1176245577,0.2452132289,0.9162601626,0.3868863714,0.0038564806,0.3890085438,0.0109606976,0.8540750413,0.1129231015,0.2067688853
LSTM attention (global full),global full NN features,Far East,2022,2076,192,0.0924855491,0.2126642772,0.9270833333,0.3459669582,0.0138501806,0.2537005171,0.0282436288,0.8314037067000001,0.1037792499,0.2067688853
LSTM attention (global full),global full NN features,Far East,2023,2267,333,0.1468901632,0.2699386503,0.9249249249,0.4179104478,0.007156435,0.3808240052,0.0123301095,0.8246457419000001,0.1338188695,0.2067688853
LSTM attention (global full),global full NN features,Far East,2024,2229,298,0.1336922387,0.2504604052,0.9127516779,0.3930635838,0.0114906266,0.387555355,0.0241521298,0.8457053584,0.1233897085,0.2067688853
LSTM attention (global full),global full NN features,Far East,2025,1744,137,0.0785550459,0.2265486726,0.9343065693,0.3646723647,0.005714796,0.5371286802,0.0432042426,0.9185452332,0.0705122472,0.2067688853
LSTM attention (global full),global full NN features,Global,2021,87238,24772,0.2839588253,0.4755511147,0.9222105603,0.6275150733,0.0018369849,0.5971716769000001,0.0030067727,0.8370127766000001,0.1494892614,0.2067688853
LSTM attention (global full),global full NN features,Global,2021-2023,206438,36593,0.1772590318,0.3630692101,0.8826551526,0.5145037195000001,0.00110967,0.4904842319,0.00414613,0.8505387397,0.1217188308,0.2067688853
LSTM attention (global full),global full NN features,Global,2021-2025,321173,49514,0.1541661348,0.3271813269,0.8399442582000001,0.4709246038,0.0013183655,0.4464965735,0.002356869,0.8399825372,0.116960317,0.2067688853
LSTM attention (global full),global full NN features,Global,2022,58312,4923,0.0844251612,0.2061621622,0.7747308552000001,0.3256628101,0.0026783096,0.2203939913,0.0019397145,0.8206263513000001,0.0935454057,0.2067688853
LSTM attention (global full),global full NN features,Global,2023,60888,6898,0.113289975,0.2515386674,0.8176282981,0.3847203274,0.0031250641,0.3224541424,0.0036692566,0.8272789636000001,0.1089119056,0.2067688853
LSTM attention (global full),global full NN features,Global,2024,65063,9134,0.1403870095,0.2718765033,0.6806437486,0.3885503578,0.002745464,0.3294015201,0.0038128961,0.7728746951000001,0.1277600525,0.2067688853
LSTM attention (global full),global full NN features,Global,2025,49672,3787,0.0762401353,0.2010467779,0.8114602588000001,0.3222525168,0.0025553641,0.3307038299,0.0051158415,0.8554467016,0.0830377599,0.2067688853
LSTM embedding fusion (global full),global full NN features,Central Asia,2021,10197,903,0.0885554574874963,0.1889865563598759,0.8095238095238095,0.3064347097044644,0.0064119438733378,0.3107649106663037,0.0032557241765592,0.8125414507889323,0.1019938197006301,0.2341229170560836
LSTM embedding fusion (global full),global full NN features,Central Asia,2021-2023,29340,2012,0.0685753237900477,0.1600581677169171,0.8205765407554672,0.2678672831994808,0.0018319960482477,0.239749368289138,0.0059239507265334,0.8247427757809117,0.0922844662273522,0.2341229170560836
LSTM embedding fusion (global full),global full NN features,Central Asia,2021-2025,45961,2503,0.0544592154217706,0.1348329651201714,0.8046344386735917,0.2309633027522935,0.003188921192242,0.2111657531790085,0.0086494193758562,0.8290847062497805,0.0832440617877657,0.2341229170560836
LSTM embedding fusion (global full),global full NN features,Central Asia,2022,9862,698,0.0707767187183127,0.1612368856985091,0.836676217765043,0.2703703703703703,0.0068027649989734,0.2082651871734345,0.0116538996590555,0.8189070475099399,0.095031848745419,0.2341229170560836
LSTM embedding fusion (global full),global full NN features,Central Asia,2023,9281,411,0.0442840211184139,0.1189380530973451,0.8175182481751825,0.207663782447466,0.0055771156811237,0.1842598390178391,0.009796476825277,0.8467265749937598,0.0786974644214918,0.2341229170560836
LSTM embedding fusion (global full),global full NN features,Central Asia,2024,9003,187,0.0207708541597245,0.0640512409927942,0.8556149732620321,0.1191806331471136,0.0021713363008274,0.1257165725639148,0.0168601208395317,0.8585878131156769,0.0652714210315462,0.2341229170560836
LSTM embedding fusion (global full),global full NN features,Central Asia,2025,7618,304,0.0399054870044631,0.0955743879472693,0.6677631578947368,0.1672158154859967,0.0057791541846398,0.1534773508588932,0.0160677375740563,0.795748150626772,0.0696659859766314,0.2341229170560836
LSTM embedding fusion (global full),global full NN features,Eastern Siberia,2021,44639,19789,0.4433119021483456,0.5859856585734055,0.94153317499621,0.7223805369778036,0.0010915521589092,0.6686450362019095,0.0046708219876008,0.7809825317054685,0.1901354782069325,0.2341229170560836
LSTM embedding fusion (global full),global full NN features,Eastern Siberia,2021-2023,82438,22636,0.2745821101919018,0.4589781920506507,0.9223361017847675,0.612941107392402,0.0017088801939889,0.5759418822363734,0.0035153901911799,0.8317261639146949,0.1603314910923067,0.2341229170560836
LSTM embedding fusion (global full),global full NN features,Eastern Siberia,2021-2025,128260,31267,0.2437782629034773,0.4153832091769114,0.8720695941407874,0.5627283046125271,0.0026638225786583,0.5151248459888028,0.0039018381928933,0.8095652892645935,0.1636447233299038,0.2341229170560836
LSTM embedding fusion (global full),global full NN features,Eastern Siberia,2022,18946,1456,0.076849994721841,0.1731714812538414,0.7740384615384616,0.2830236062280261,0.0046387237339729,0.1755975173820206,0.0021986694259854,0.7914328203243297,0.1223085539130587,0.2341229170560836
LSTM embedding fusion (global full),global full NN features,Eastern Siberia,2023,18853,1391,0.0737813610565957,0.1557628062360802,0.8044572250179727,0.2609912536443148,0.0048663255754861,0.2010141574572591,0.0085832631500096,0.7928770419918086,0.1279739027503056,0.2341229170560836
LSTM embedding fusion (global full),global full NN features,Eastern Siberia,2024,26660,6189,0.232145536384096,0.3469837769727516,0.7119082242688641,0.4665643034891724,0.0023122924654422,0.3681309070948103,0.0040065180552632,0.7104056434925828,0.1955023538202819,0.2341229170560836
LSTM embedding fusion (global full),global full NN features,Eastern Siberia,2025,19162,2442,0.1274397244546498,0.2659246345715435,0.812039312039312,0.4006465299525205,0.00699311306883,0.269686708145892,0.0095998549621875,0.7848860795332087,0.1335754096011461,0.2341229170560836
LSTM embedding fusion (global full),global full NN features,Europe,2021,11926,847,0.0710212980043602,0.2214953271028037,0.8394332939787486,0.3505052994823761,0.0044423504849909,0.2311276394781607,0.003094547708298,0.863155594046961,0.0695644381034057,0.2341229170560836
LSTM embedding fusion (global full),global full NN features,Europe,2021-2023,32712,1723,0.052671802396674,0.2023776610450649,0.8496807893209518,0.3268951657921179,0.0040453487292908,0.2791453516200441,0.0131120592868916,0.8927303450139301,0.0541563918773513,0.2341229170560836
LSTM embedding fusion (global full),global full NN features,Europe,2021-2025,52062,2848,0.0547040067611693,0.1965582843306814,0.7981039325842697,0.3154315847904524,0.0023901575359935,0.260339105066371,0.007371807766068,0.8767318275595737,0.056720322600812,0.2341229170560836
LSTM embedding fusion (global full),global full NN features,Europe,2022,10330,382,0.0369796708615682,0.1571648690292758,0.8010471204188482,0.2627737226277372,0.0080703277128855,0.3263783503069942,0.0254358990815324,0.9025678291513778,0.0445031486448866,0.2341229170560836
LSTM embedding fusion (global full),global full NN features,Europe,2023,10456,494,0.0472456006120887,0.215214251324025,0.9048582995951416,0.3477246207701283,0.0051616139521589,0.353917633967679,0.0346609178750393,0.914290396624582,0.0461190586045352,0.2341229170560836
LSTM embedding fusion (global full),global full NN features,Europe,2024,10472,493,0.047077922077922,0.163884007029877,0.7565922920892495,0.269411339833875,0.008634051325747,0.2238522556881061,0.0173496493308604,0.8673522714129693,0.0547831047567356,0.2341229170560836
LSTM embedding fusion (global full),global full NN features,Europe,2025,8878,632,0.0711872043252984,0.2122687439143135,0.689873417721519,0.3246463142218913,0.0062459809695287,0.2454914275292635,0.0114243334893966,0.8369648728804454,0.068452452257155,0.2341229170560836
LSTM embedding fusion (global full),global full NN features,Far East,2021,2141,270,0.1261092947220924,0.3104359313077939,0.8703703703703703,0.4576436222005842,0.0080248792069359,0.4450827321601734,0.0259684648496648,0.8760991349446722,0.104553770978973,0.2341229170560836
LSTM embedding fusion (global full),global full NN features,Far East,2021-2023,6484,795,0.1226095003084515,0.2919478182636077,0.8163522012578617,0.4300861497680583,0.0044425126667319,0.4384382975855654,0.0163909822330476,0.8534035117975659,0.103487367212271,0.2341229170560836
LSTM embedding fusion (global full),global full NN features,Far East,2021-2025,10457,1230,0.117624557712537,0.3023529411764706,0.8357723577235773,0.444060475161987,0.0022171213621972,0.4277773091643477,0.0126151998534583,0.8664804863069765,0.0968075303286918,0.2341229170560836
LSTM embedding fusion (global full),global full NN features,Far East,2022,2076,192,0.0924855491329479,0.2,0.59375,0.2992125984251969,0.0200292406322098,0.2605203281253513,0.0163276188255471,0.7792097929936305,0.097319262133714,0.2341229170560836
LSTM embedding fusion (global full),global full NN features,Far East,2023,2267,333,0.1468901632112924,0.3348214285714285,0.9009009009009008,0.4882017900732303,0.0121736785815376,0.5241576012291016,0.0225714187652704,0.8736627009636316,0.108128662174148,0.2341229170560836
LSTM embedding fusion (global full),global full NN features,Far East,2024,2229,298,0.1336922386720502,0.3168316831683168,0.8590604026845637,0.4629294755877034,0.0079045787346936,0.3919140750965774,0.014539598840709,0.8554978989917246,0.107901803295293,0.2341229170560836
LSTM embedding fusion (global full),global full NN features,Far East,2025,1744,137,0.0785550458715596,0.3333333333333333,0.8978102189781022,0.4861660079051383,0.0186387772253356,0.4992358511475127,0.0374485318561842,0.9320354834460548,0.057793082624746,0.2341229170560836
LSTM embedding fusion (global full),global full NN features,Global,2021,87238,24772,0.2839588252825603,0.4968012838833073,0.9122396253834976,0.6432770178909464,0.0005158097284203,0.6180551486576322,0.0024536613665902,0.8483050729863475,0.1468216080213334,0.2341229170560836
LSTM embedding fusion (global full),global full NN features,Global,2021-2023,206438,36593,0.1772590317674071,0.3882289615012906,0.8672423687590523,0.5363541103299081,0.0032599939697839,0.5076928569454504,0.0055209754952174,0.859169122869134,0.1201274693170808,0.2341229170560836
LSTM embedding fusion (global full),global full NN features,Global,2021-2025,321173,49514,0.154166134762262,0.349507182778608,0.8171426263279072,0.4896023040108424,0.0009868556367545,0.4515758303763811,0.0051910202509742,0.844086084329938,0.1167445314414454,0.2341229170560836
LSTM embedding fusion (global full),global full NN features,Global,2022,58312,4923,0.0844251612018109,0.2247224543392622,0.7647775746496039,0.3473727914379296,0.0022580504009551,0.252416381945027,0.0027140930811725,0.8346473221560979,0.0936582210343175,0.2341229170560836
LSTM embedding fusion (global full),global full NN features,Global,2023,60888,6898,0.1132899750361319,0.2754589272895087,0.7787764569440417,0.406969696969697,0.0020217017103027,0.2894601637232484,0.0033863396922248,0.827717617992572,0.1072305361542722,0.2341229170560836
LSTM embedding fusion (global full),global full NN features,Global,2024,65063,9134,0.1403870095138558,0.2870397077204115,0.6537114079264287,0.3989176910742918,0.0043539167329124,0.3196726626006702,0.0044214667294509,0.7760731897082925,0.1287427623064257,0.2341229170560836
LSTM embedding fusion (global full),global full NN features,Global,2025,49672,3787,0.0762401352874859,0.2083522469359963,0.7272247161341431,0.3239047339017936,0.0028602678427038,0.2298493323962161,0.0019429944648194,0.825508631569049,0.0869690477899186,0.2341229170560836
LSTM gated MoE (global full),global full NN features,Central Asia,2021,10197,903,0.0885554575,0.1702771954,0.8095238095,0.2813702848,0.0050816529,0.3118397277,0.0145062468,0.8022251939,0.1086783728,0.2481723875
LSTM gated MoE (global full),global full NN features,Central Asia,2021-2023,29340,2012,0.0685753238,0.1431893391,0.7957256461000001,0.2427044645,0.0017654878,0.2979894733,0.0059919999,0.8125006729,0.0967300168,0.2481723875
LSTM gated MoE (global full),global full NN features,Central Asia,2021-2025,45961,2503,0.0544592154,0.1225475026,0.7910507391,0.2122186495,0.0015133433,0.2713345358,0.0125334834,0.8233672999999999,0.0867972471,0.2481723875
LSTM gated MoE (global full),global full NN features,Central Asia,2022,9862,698,0.0707767187,0.1516551193,0.8467048711,0.2572361262,0.0040965081,0.3025649049,0.0105645268,0.8211595392000001,0.0992356179,0.2481723875
LSTM gated MoE (global full),global full NN features,Central Asia,2023,9281,411,0.0442840211,0.0932798395,0.6788321168,0.164021164,0.0050236397,0.272815065,0.0096512774,0.796152865,0.0809399485,0.2481723875
LSTM gated MoE (global full),global full NN features,Central Asia,2024,9003,187,0.0207708542,0.0603703704,0.871657754,0.1129199861,0.0019119374,0.239688444,0.0173318333,0.8838681736,0.0668798143,0.2481723875
LSTM gated MoE (global full),global full NN features,Central Asia,2025,7618,304,0.039905487,0.0949033392,0.7105263158,0.1674418605,0.0015901914,0.1852561342,0.006102438,0.8051794144000001,0.0720806788,0.2481723875
LSTM gated MoE (global full),global full NN features,Eastern Siberia,2021,44639,19789,0.4433119021,0.5798156085,0.9502248724,0.7201838376,0.001219016,0.6918477205,0.0037382851,0.780078244,0.1881064844,0.2481723875
LSTM gated MoE (global full),global full NN features,Eastern Siberia,2021-2023,82438,22636,0.2745821102,0.4599658912,0.929360311,0.6153688644,0.0012027151,0.6133338941,0.003499647,0.8370649395,0.1529329242,0.2481723875
LSTM gated MoE (global full),global full NN features,Eastern Siberia,2021-2025,128260,31267,0.2437782629,0.4195290462,0.8894681293000001,0.5701428894,0.0011519763,0.5633756335,0.00487937,0.822202934,0.1528839923,0.2481723875
LSTM gated MoE (global full),global full NN features,Eastern Siberia,2022,18946,1456,0.0768499947,0.1807792208,0.7170329670000001,0.2887567418,0.0019060024,0.188307414,0.0072812843,0.7985805664000001,0.1005381792,0.2481723875
LSTM gated MoE (global full),global full NN features,Eastern Siberia,2023,18853,1391,0.0737813611,0.1579017264,0.8547807333,0.2665620446,0.0022734963,0.2859494854,0.011410221,0.815742344,0.1223042861,0.2481723875
LSTM gated MoE (global full),global full NN features,Eastern Siberia,2024,26660,6189,0.2321455364,0.3490615419,0.7542413960000001,0.4772518147,0.0031369866,0.4059287248,0.0036186844,0.7217035265,0.1838907233,0.2481723875
LSTM gated MoE (global full),global full NN features,Eastern Siberia,2025,19162,2442,0.1274397245,0.2932330827,0.8624078624,0.4376558603,0.0025542063,0.4463719637,0.0088102225,0.8522434965000001,0.1095339611,0.2481723875
LSTM gated MoE (global full),global full NN features,Europe,2021,11926,847,0.071021298,0.2312435766,0.7969303424,0.3584705258,0.0024733972,0.2871139683,0.0088658861,0.8679181062,0.0680658508,0.2481723875
LSTM gated MoE (global full),global full NN features,Europe,2021-2023,32712,1723,0.0526718024,0.2040464916,0.8253047011,0.3271974229,0.0032533459,0.3227954952,0.0068744212,0.8922819711000001,0.0550880848,0.2481723875
LSTM gated MoE (global full),global full NN features,Europe,2021-2025,52062,2848,0.0547040068,0.1940231936,0.7636938202,0.3094323517,0.0026319564,0.2908173874,0.008902326,0.8765131976,0.0581783875,0.2481723875
LSTM gated MoE (global full),global full NN features,Europe,2022,10330,382,0.0369796709,0.1567274519,0.832460733,0.2637909581,0.0078691325,0.3616158981,0.0340358611,0.9052328654,0.0472919392,0.2481723875
LSTM gated MoE (global full),global full NN features,Europe,2023,10456,494,0.0472456006,0.2122711529,0.8684210526,0.3411530815,0.0073476834,0.3629460594,0.0146184733,0.9107923876,0.0479879842,0.2481723875
LSTM gated MoE (global full),global full NN features,Europe,2024,10472,493,0.0470779221,0.163956044,0.7565922921,0.2695086705,0.0108557919,0.2514595572,0.0277737031,0.8738247886,0.0569881351,0.2481723875
LSTM gated MoE (global full),global full NN features,Europe,2025,8878,632,0.0711872043,0.1932858596,0.6012658228000001,0.2925327175,0.0049563453,0.2447479121,0.0114186763,0.8318461655,0.070968915,0.2481723875
LSTM gated MoE (global full),global full NN features,Far East,2021,2141,270,0.1261092947,0.2689804772,0.9185185185,0.4161073826,0.0091623786,0.4652507449,0.0157130865,0.8762456203000001,0.1226584055,0.2481723875
LSTM gated MoE (global full),global full NN features,Far East,2021-2023,6484,795,0.1226095003,0.2629524485,0.9320754717,0.4101854415,0.0057147009,0.4153635048,0.0054104247,0.866537984,0.1177238255,0.2481723875
LSTM gated MoE (global full),global full NN features,Far East,2021-2025,10457,1230,0.1176245577,0.2588315217,0.9292682927,0.4048884166,0.0026599839,0.4097469277,0.015544895,0.871061466,0.1137697781,0.2481723875
LSTM gated MoE (global full),global full NN features,Far East,2022,2076,192,0.0924855491,0.2248743719,0.9322916667,0.3623481781,0.0079205754,0.2871786489,0.0177771472,0.858200084,0.1039827399,0.2481723875
LSTM gated MoE (global full),global full NN features,Far East,2023,2267,333,0.1468901632,0.2854545455,0.9429429429,0.4382414515,0.0052894003,0.4418329503,0.0234062462,0.8605280565000001,0.1256468771,0.2481723875
LSTM gated MoE (global full),global full NN features,Far East,2024,2229,298,0.1336922387,0.2619279455,0.9026845638,0.4060377358,0.0092430022,0.3798466732,0.0138933989,0.8359875434,0.1316246701,0.2481723875
LSTM gated MoE (global full),global full NN features,Far East,2025,1744,137,0.0785550459,0.2329246935,0.9708029197,0.3757062147,0.0045308929,0.4974066283,0.0316992593,0.9398071394,0.0762487931,0.2481723875
LSTM gated MoE (global full),global full NN features,Global,2021,87238,24772,0.2839588253,0.483550406,0.9232197642,0.6346783593,0.0019519085,0.6374250676000001,0.0053181936,0.8472913412,0.146352838,0.2481723875
LSTM gated MoE (global full),global full NN features,Global,2021-2023,206438,36593,0.1772590318,0.3727771603,0.8799223895,0.5236929633,0.0013752359,0.5396568806,0.0034022015,0.8611514325,0.1189393008,0.2481723875
LSTM gated MoE (global full),global full NN features,Global,2021-2025,321173,49514,0.1541661348,0.337275942,0.8379448237,0.4809626208,0.002184068,0.4904584759,0.0052286628,0.8499677015,0.114308621,0.2481723875
LSTM gated MoE (global full),global full NN features,Global,2022,58312,4923,0.0844251612,0.2067879636,0.7202925046,0.3213266277,0.0016747258,0.2583211059,0.0055202403,0.8223361127000001,0.0915177797,0.2481723875
LSTM gated MoE (global full),global full NN features,Global,2023,60888,6898,0.113289975,0.2636786431,0.8383589446,0.4011793271,0.0007920454,0.3766944649,0.0035324839,0.8445329628,0.1059236256,0.2481723875
LSTM gated MoE (global full),global full NN features,Global,2024,65063,9134,0.1403870095,0.2808480752,0.7004598205,0.4009399969,0.0025110028,0.3469048493,0.0047357831,0.7840075657000001,0.1250232846,0.2481723875
LSTM gated MoE (global full),global full NN features,Global,2025,49672,3787,0.0762401353,0.2087602829,0.7639292316,0.3279115897,0.0027725536,0.35290792,0.0095793851,0.8518493194000001,0.0810287768,0.2481723875
LSTM static concat (global full),global full NN features,Central Asia,2021,10197,903,0.0885554575,0.2062794349,0.7275747508,0.3214285714,0.0050143345,0.3626181061,0.0117381925,0.8306408045,0.0996121637,0.320505619
LSTM static concat (global full),global full NN features,Central Asia,2021-2023,29340,2012,0.0685753238,0.1741281525,0.7171968191,0.2802213807,0.004624857,0.3217230228,0.0117041656,0.8340151749,0.0889772767,0.320505619
LSTM static concat (global full),global full NN features,Central Asia,2021-2025,45961,2503,0.0544592154,0.1475588309,0.7039552537,0.2439767377,0.0031932122,0.287405016,0.0114181417,0.8368889405000001,0.0808714183,0.320505619
LSTM static concat (global full),global full NN features,Central Asia,2022,9862,698,0.0707767187,0.1855421687,0.7722063037,0.2991951152,0.0065161107,0.2955576536,0.0170187562,0.8355287102000001,0.0901159566,0.320505619
LSTM static concat (global full),global full NN features,Central Asia,2023,9281,411,0.0442840211,0.1124260355,0.6009732360000001,0.1894171779,0.0082014337,0.2980606173,0.007305587,0.8227509004,0.0760828038,0.320505619
LSTM static concat (global full),global full NN features,Central Asia,2024,9003,187,0.0207708542,0.0697201018,0.7326203209000001,0.1273234201,0.0063440947,0.2110782496,0.0360008821,0.8652528946,0.0627046787,0.320505619
LSTM static concat (global full),global full NN features,Central Asia,2025,7618,304,0.039905487,0.1077560687,0.5986842105,0.1826392373,0.0100530841,0.1818030621,0.0255308269,0.7967178123,0.0711220444,0.320505619
LSTM static concat (global full),global full NN features,Eastern Siberia,2021,44639,19789,0.4433119021,0.6008199160000001,0.9183384709,0.7263969942,0.0018877224,0.643228098,0.0014284893,0.7685500084,0.1894514145,0.320505619
LSTM static concat (global full),global full NN features,Eastern Siberia,2021-2023,82438,22636,0.2745821102,0.4840477729,0.8934440714,0.6279087818,0.0015445909,0.5280031084,0.0019131174,0.8183222462,0.1565689261,0.320505619
LSTM static concat (global full),global full NN features,Eastern Siberia,2021-2025,128260,31267,0.2437782629,0.4422649208,0.8458438609000001,0.5808314849,0.0020309384,0.4874550147,0.0045082075,0.806922243,0.1563807126,0.320505619
LSTM static concat (global full),global full NN features,Eastern Siberia,2022,18946,1456,0.0768499947,0.1899675758,0.6840659341,0.2973578146,0.0035557374,0.1732582447,0.0032556198,0.7995369018,0.1096556821,0.320505619
LSTM static concat (global full),global full NN features,Eastern Siberia,2023,18853,1391,0.0737813611,0.1676998887,0.7584471603,0.2746680552,0.0025153556,0.2300568983,0.008306499,0.7989962347,0.1258564092,0.320505619
LSTM static concat (global full),global full NN features,Eastern Siberia,2024,26660,6189,0.2321455364,0.3609271523,0.6692518985,0.4689499009,0.0023482902,0.3822173676,0.0033158138,0.7214753131,0.1848889923,0.320505619
LSTM static concat (global full),global full NN features,Eastern Siberia,2025,19162,2442,0.1274397245,0.3180984408,0.8521703522,0.4632680321,0.0030095578,0.4369285059,0.0033774347,0.8407778769,0.1159075534,0.320505619
LSTM static concat (global full),global full NN features,Europe,2021,11926,847,0.071021298,0.2566495567,0.6493506494,0.3678929766,0.0151419461,0.3610726929,0.0149154843,0.886439058,0.0631097567,0.320505619
LSTM static concat (global full),global full NN features,Europe,2021-2023,32712,1723,0.0526718024,0.2464228935,0.7196749855,0.3671354552,0.0049383173,0.379032213,0.0093638814,0.9070034156,0.0499239033,0.320505619
LSTM static concat (global full),global full NN features,Europe,2021-2025,52062,2848,0.0547040068,0.233527733,0.6608146067,0.3450994774,0.0031064166,0.3339792297,0.0095306568,0.8879115225,0.053546997,0.320505619
LSTM static concat (global full),global full NN features,Europe,2022,10330,382,0.0369796709,0.2044198895,0.7748691099,0.3234972678,0.0093328144,0.3180698511,0.028059115,0.9123273483,0.042677287,0.320505619
LSTM static concat (global full),global full NN features,Europe,2023,10456,494,0.0472456006,0.2734212353,0.7975708502000001,0.4072351421,0.0067873844,0.4616144297,0.0228586706,0.9247994606,0.0420435532,0.320505619
LSTM static concat (global full),global full NN features,Europe,2024,10472,493,0.0470779221,0.1846337105,0.6288032454,0.2854511971,0.0080857105,0.2550966589,0.0083017029,0.8672372225,0.0543824372,0.320505619
LSTM static concat (global full),global full NN features,Europe,2025,8878,632,0.0711872043,0.2462908012,0.5253164557000001,0.3353535354,0.0189681308,0.2855182718,0.0240324098,0.8488448177,0.0659112584,0.320505619
LSTM static concat (global full),global full NN features,Far East,2021,2141,270,0.1261092947,0.2883211679,0.8777777778,0.4340659341,0.0049052756,0.4751219629,0.0410268446,0.8726725657000001,0.1297550892,0.320505619
LSTM static concat (global full),global full NN features,Far East,2021-2023,6484,795,0.1226095003,0.2758186398,0.8264150943,0.4135977337,0.0117435588,0.389416409,0.0273462186,0.8448792826,0.1273707449,0.320505619
LSTM static concat (global full),global full NN features,Far East,2021-2025,10457,1230,0.1176245577,0.282626539,0.8398373984,0.4229273286,0.0045968592,0.3921855877,0.0122220018,0.8586953629,0.1189371976,0.320505619
LSTM static concat (global full),global full NN features,Far East,2022,2076,192,0.0924855491,0.2154605263,0.6822916667000001,0.3275,0.0113683847,0.235202207,0.0202498583,0.8094148089000001,0.1104608576,0.320505619
LSTM static concat (global full),global full NN features,Far East,2023,2267,333,0.1468901632,0.3035714286,0.8678678679,0.4498054475,0.0079223933,0.3970546652,0.0180749577,0.8377306986,0.1406041126,0.320505619
LSTM static concat (global full),global full NN features,Far East,2024,2229,298,0.1336922387,0.2951002227,0.8892617450000001,0.4431438127,0.0097395297,0.4004366549,0.0211456682,0.8587649755000001,0.1322990095,0.320505619
LSTM static concat (global full),global full NN features,Far East,2025,1744,137,0.0785550459,0.296,0.8102189781,0.43359375,0.017861101,0.4465001898,0.0391532439,0.9101195045,0.0705045142,0.320505619
LSTM static concat (global full),global full NN features,Global,2021,87238,24772,0.2839588253,0.5198650584,0.8646859357000001,0.6493368700000001,0.0019270494,0.5801070572,0.0013547925,0.8385919382,0.1468792649,0.320505619
LSTM static concat (global full),global full NN features,Global,2021-2023,206438,36593,0.1772590318,0.4118090137,0.8067936491000001,0.5452883159,0.0029785659,0.4759426306,0.0047268214,0.8545630580000001,0.119074677,0.320505619
LSTM static concat (global full),global full NN features,Global,2021-2025,321173,49514,0.1541661348,0.3750715597,0.7674597084,0.5038852203,0.0034839198,0.4374845872,0.0032548967,0.8468918107000001,0.1140702047,0.320505619
LSTM static concat (global full),global full NN features,Global,2022,58312,4923,0.0844251612,0.226204063,0.6039000609,0.329126536,0.0057125719,0.2452670444,0.0053269301,0.8222973411000001,0.0925688493,0.320505619
LSTM static concat (global full),global full NN features,Global,2023,60888,6898,0.113289975,0.2957624676,0.7436938243,0.4232149486,0.0031937829,0.3532353762,0.0058367359,0.8463238443000001,0.1046217664,0.320505619
LSTM static concat (global full),global full NN features,Global,2024,65063,9134,0.1403870095,0.3076173988,0.6225093059,0.4117604461,0.0037918252,0.3435518665,0.0043371321,0.7941538725,0.1235348899,0.320505619
LSTM static concat (global full),global full NN features,Global,2025,49672,3787,0.0762401353,0.2505610917,0.7369949828,0.3739782929,0.0046801138,0.3504127294,0.0089897538,0.8538560296000001,0.0808741574,0.320505619
Logistic Regression (linear SGD),full features,Central Asia,2021,10197,903,0.0885554575,0.1299937578,0.9224806202,0.2278758036,0.0044896887,0.1291581136,0.0026131129,0.6707021236,0.5648984435000001,1.0
Logistic Regression (linear SGD),full features,Central Asia,2021-2023,29340,2012,0.0685753238,0.1046785594,0.9274353877,0.1881238028,0.0005473751,0.104250943,0.000327355,0.6825734429,0.5614707219,1.0
Logistic Regression (linear SGD),full features,Central Asia,2021-2025,45961,2503,0.0544592154,0.0831200663,0.9212944467,0.152482973,0.0005814379,0.0827784534,0.0003963417,0.6797795106,0.5720747204000001,1.0
Logistic Regression (linear SGD),full features,Central Asia,2022,9862,698,0.0707767187,0.1077913503,0.935530086,0.1933096507,0.0031656188,0.1077331573,0.0018615888,0.6844089992,0.5628919485,1.0
Logistic Regression (linear SGD),full features,Central Asia,2023,9281,411,0.0442840211,0.0708955224,0.9245742092,0.1316929475,0.0018225098,0.0706233271,0.0009898339,0.6939371621,0.5561945002,1.0
Logistic Regression (linear SGD),full features,Central Asia,2024,9003,187,0.0207708542,0.0325282431,0.8930481283,0.062770156,0.0011201973,0.0324049194,0.000566429,0.6819367679,0.5728777577,1.0
Logistic Regression (linear SGD),full features,Central Asia,2025,7618,304,0.039905487,0.0570771482,0.8980263158,0.107332416,0.0020992491,0.0569303146,0.0012208435,0.6551672262,0.6119659741,1.0
Logistic Regression (linear SGD),full features,Eastern Siberia,2021,44639,19789,0.4433119021,0.5234717462,0.9957046844,0.6861918858,0.0014626209,0.5233787701,0.0016292689,0.6372754034,0.4191897055,1.0
Logistic Regression (linear SGD),full features,Eastern Siberia,2021-2023,82438,22636,0.2745821102,0.3765652502,0.9924014844,0.5459649293000001,0.0007619415,0.3762890088,0.0006972095,0.6858848438,0.4782819779,1.0
Logistic Regression (linear SGD),full features,Eastern Siberia,2021-2025,128260,31267,0.2437782629,0.3350847421,0.9851600729,0.5000771148,0.0015750565,0.3346261246,0.0013652161,0.6787397345,0.5074432872,1.0
Logistic Regression (linear SGD),full features,Eastern Siberia,2022,18946,1456,0.0768499947,0.1383349468,0.981456044,0.2424910911,0.0016857256,0.1376521251,0.0010927805,0.7368450535000001,0.5090308556,1.0
Logistic Regression (linear SGD),full features,Eastern Siberia,2023,18853,1391,0.0737813611,0.113916467,0.9568655643,0.2035946463,0.0016500582,0.113250753,0.0009679726,0.6855917020000001,0.5872965490000001,1.0
Logistic Regression (linear SGD),full features,Eastern Siberia,2024,26660,6189,0.2321455364,0.2998486377,0.9602520601,0.4569956554,0.0020261664,0.2991143266,0.0015528837,0.6444602767000001,0.5531685461,1.0
Logistic Regression (linear SGD),full features,Eastern Siberia,2025,19162,2442,0.1274397245,0.1924343426,0.9811629812,0.3217619016,0.0015540474,0.1919237985,0.0010601093,0.6911609018,0.5692825846,1.0
Logistic Regression (linear SGD),full features,Europe,2021,11926,847,0.071021298,0.1648512778,0.9291617473,0.2800213485,0.0066435965,0.1628650734,0.0043341249,0.7993212959,0.3665192386,1.0
Logistic Regression (linear SGD),full features,Europe,2021-2023,32712,1723,0.0526718024,0.1301705217,0.8949506674000001,0.2272827769,0.0024243597,0.1276414348,0.0016664438,0.8033647927,0.345091945,1.0
Logistic Regression (linear SGD),full features,Europe,2021-2025,52062,2848,0.0547040068,0.1277942015,0.8651685393,0.2226942022,0.0012450393,0.1240243248,0.000783592,0.7856575236000001,0.3549653571,1.0
Logistic Regression (linear SGD),full features,Europe,2022,10330,382,0.0369796709,0.0890563931,0.8350785340000001,0.1609485368,0.0041355327,0.087605302,0.0023008584,0.7948235274000001,0.3413854086,1.0
Logistic Regression (linear SGD),full features,Europe,2023,10456,494,0.0472456006,0.1249283668,0.8825910931000001,0.218875502,0.0042325361,0.1209058161,0.0028070579,0.8080392739000001,0.3243140774,1.0
Logistic Regression (linear SGD),full features,Europe,2024,10472,493,0.0470779221,0.10291315,0.7667342799,0.181469035,0.0022759242,0.096713961,0.0016248779,0.7513685433,0.3491988244,1.0
Logistic Regression (linear SGD),full features,Europe,2025,8878,632,0.0711872043,0.1446039341,0.8607594937,0.2476103778,0.003830346,0.1405130954,0.0026502543,0.7557169069,0.3981469506,1.0
Logistic Regression (linear SGD),full features,Far East,2021,2141,270,0.1261092947,0.1958302308,0.9740740741,0.326100434,0.0059586687,0.1949790592,0.0042039722,0.7000484985000001,0.5405427829,1.0
Logistic Regression (linear SGD),full features,Far East,2021-2023,6484,795,0.1226095003,0.1850178359,0.9786163522,0.3112,0.0027607462,0.1843052698,0.0019133906,0.6889070931,0.5663757637,1.0
Logistic Regression (linear SGD),full features,Far East,2021-2025,10457,1230,0.1176245577,0.1788507822,0.9666666667,0.3018532622,0.0031654768,0.1779513973,0.0021386254,0.6896973446,0.563954308,1.0
Logistic Regression (linear SGD),full features,Far East,2022,2076,192,0.0924855491,0.1450151057,1.0,0.253298153,0.0028964334,0.1450151057,0.0018977302,0.6995753715,0.5817498354,1.0
Logistic Regression (linear SGD),full features,Far East,2023,2267,333,0.1468901632,0.2100130039,0.96996997,0.3452699091,0.0045204596,0.2088880582,0.003098095,0.6712014496,0.5766941753,1.0
Logistic Regression (linear SGD),full features,Far East,2024,2229,298,0.1336922387,0.1909677419,0.9932885906,0.3203463203,0.0032790278,0.1908554956,0.0023229706,0.6725763679,0.6000968869000001,1.0
Logistic Regression (linear SGD),full features,Far East,2025,1744,137,0.0785550459,0.1287793953,0.8394160584,0.2233009709,0.0083973916,0.1257958197,0.0052923814,0.6937372535,0.5087579045,1.0
Logistic Regression (linear SGD),full features,Global,2021,87238,24772,0.2839588253,0.4053001425,0.987203294,0.5746680766,0.0010033231,0.4048872893,0.0010608119,0.7080419883,0.4348321572,1.0
Logistic Regression (linear SGD),full features,Global,2021-2023,206438,36593,0.1772590318,0.2856913325,0.9718252125,0.4415719873,0.0012103766,0.2849019718,0.0009118955,0.7283951823,0.4603752226,1.0
Logistic Regression (linear SGD),full features,Global,2021-2025,321173,49514,0.1541661348,0.2512035381,0.9590014945,0.3981219083,0.0016520041,0.2500310192,0.0011944036,0.7246138571,0.4742888602,1.0
Logistic Regression (linear SGD),full features,Global,2022,58312,4923,0.0844251612,0.1483668635,0.9033109892,0.2548716185,0.0020759712,0.1471449702,0.0012611726,0.7297817527,0.4746677711,1.0
Logistic Regression (linear SGD),full features,Global,2023,60888,6898,0.113289975,0.1949306328,0.9654972456,0.3243717124,0.0002517014,0.1940321023,0.0001530554,0.7327596801,0.4832844798,1.0
Logistic Regression (linear SGD),full features,Global,2024,65063,9134,0.1403870095,0.2228934987,0.9128530764,0.3583000301,0.0014065091,0.2208791752,0.0009720741,0.7083243381000001,0.485483773,1.0
Logistic Regression (linear SGD),full features,Global,2025,49672,3787,0.0762401353,0.1320511403,0.9463955638,0.2317640973,0.001365734,0.1307677888,0.0009471975,0.7214548438,0.5174505791,1.0
Minimal MLP (global full),global full NN features,Central Asia,2021,10197,903,0.0885554575,0.2032764962,0.6733111849,0.3122752953,0.0029128148,0.2783815662,0.0102074572,0.8033050294,0.0937814201,0.2953715026
Minimal MLP (global full),global full NN features,Central Asia,2021-2023,29340,2012,0.0685753238,0.1791063562,0.7072564612000001,0.285829065,0.0044907389,0.2819260859,0.0118266291,0.8253015663000001,0.0813041556,0.2953715026
Minimal MLP (global full),global full NN features,Central Asia,2021-2025,45961,2503,0.0544592154,0.1562245728,0.6903715541000001,0.2547920967,0.0024547339,0.2618807825,0.0050127142,0.8329387587,0.0717160616,0.2953715026
Minimal MLP (global full),global full NN features,Central Asia,2022,9862,698,0.0707767187,0.1788846019,0.7306590258,0.2874049028,0.0040114688,0.2797209518,0.0198808772,0.8251880099000001,0.0832327538,0.2953715026
Minimal MLP (global full),global full NN features,Central Asia,2023,9281,411,0.0442840211,0.1450309082,0.7420924574000001,0.2426412092,0.0084280868,0.3096681823,0.0162283604,0.8524625779,0.0655461013,0.2953715026
Minimal MLP (global full),global full NN features,Central Asia,2024,9003,187,0.0207708542,0.0861380491,0.8074866310000001,0.1556701031,0.0053630053,0.2330798288,0.009663993,0.8887250454000001,0.0512329132,0.2953715026
Minimal MLP (global full),global full NN features,Central Asia,2025,7618,304,0.039905487,0.1129860602,0.5065789474,0.1847630474,0.008569714,0.1799788851,0.0111886299,0.7998129938,0.0589955452,0.2953715026
Minimal MLP (global full),global full NN features,Eastern Siberia,2021,44639,19789,0.4433119021,0.5832997301,0.9502754055,0.7228799877000001,0.0011153697,0.6737659377,0.0034286502,0.7652631144,0.1908514647,0.2953715026
Minimal MLP (global full),global full NN features,Eastern Siberia,2021-2023,82438,22636,0.2745821102,0.4645707483,0.9309065206,0.6198193958,0.0013226827,0.5789283847000001,0.0030389153,0.8257273499000001,0.1514355524,0.2953715026
Minimal MLP (global full),global full NN features,Eastern Siberia,2021-2025,128260,31267,0.2437782629,0.4218782965,0.8953529280000001,0.5735211268,0.0014256515,0.5300491311000001,0.0033113619,0.8129864016,0.1501650912,0.2953715026
Minimal MLP (global full),global full NN features,Eastern Siberia,2022,18946,1456,0.0768499947,0.1887045416,0.7733516484,0.3033813822,0.0030641866,0.1867676232,0.0035862053,0.8078568837000001,0.0972258045,0.2953715026
Minimal MLP (global full),global full NN features,Eastern Siberia,2023,18853,1391,0.0737813611,0.1595357942,0.8202731848,0.2671192789,0.0026897069,0.2577966659,0.013050005,0.8228896293,0.1125860839,0.2953715026
Minimal MLP (global full),global full NN features,Eastern Siberia,2024,26660,6189,0.2321455364,0.353292519,0.7645823235,0.4832763111,0.0017098341,0.3832141026,0.0042299361,0.7213484099,0.1750941927,0.2953715026
Minimal MLP (global full),global full NN features,Eastern Siberia,2025,19162,2442,0.1274397245,0.2880620563,0.8972153972,0.4361066879,0.0027332127,0.4440099158,0.0070625894,0.8561807254,0.110015622,0.2953715026
Minimal MLP (global full),global full NN features,Europe,2021,11926,847,0.071021298,0.2830390583,0.6245572609000001,0.3895434462,0.0034727864,0.3494568563,0.0158258205,0.8842315034,0.0599946663,0.2953715026
Minimal MLP (global full),global full NN features,Europe,2021-2023,32712,1723,0.0526718024,0.2560165024,0.64828787,0.3670719685,0.0092077404,0.3479608546,0.0076849405,0.8980166366000001,0.0482707101,0.2953715026
Minimal MLP (global full),global full NN features,Europe,2021-2025,52062,2848,0.0547040068,0.2458278915,0.5948033708,0.3478796591,0.0070792192,0.3130030218,0.0115469445,0.8760016162,0.051072397,0.2953715026
Minimal MLP (global full),global full NN features,Europe,2022,10330,382,0.0369796709,0.1923390383,0.6178010471000001,0.2933499068,0.004525003,0.258064972,0.0160897496,0.8935653882000001,0.041557616,0.2953715026
Minimal MLP (global full),global full NN features,Europe,2023,10456,494,0.0472456006,0.2778216259,0.7125506073,0.3997728563,0.015715766,0.4260682944,0.0344469864,0.9137694901,0.0415306909,0.2953715026
Minimal MLP (global full),global full NN features,Europe,2024,10472,493,0.0470779221,0.2016070124,0.5598377282,0.2964554243,0.0099938743,0.2547511864,0.0106129576,0.8417252295000001,0.04974148,0.2953715026
Minimal MLP (global full),global full NN features,Europe,2025,8878,632,0.0711872043,0.2597066437,0.4762658228,0.3361250698,0.0156519597,0.277968427,0.0193805628,0.8402812104,0.0629654074,0.2953715026
Minimal MLP (global full),global full NN features,Far East,2021,2141,270,0.1261092947,0.2643553629,0.9037037037,0.409052808,0.0024911804,0.4854044984,0.0156855551,0.8748025417,0.129979647,0.2953715026
Minimal MLP (global full),global full NN features,Far East,2021-2023,6484,795,0.1226095003,0.2576642336,0.8880503145,0.3994342291,0.0049368002,0.4020280199,0.0007314295,0.853285,0.1253469511,0.2953715026
Minimal MLP (global full),global full NN features,Far East,2021-2025,10457,1230,0.1176245577,0.2627179365,0.8943089431000001,0.4061288536,0.0037201559,0.3911873374,0.0076212209,0.8606336476,0.1172295435,0.2953715026
Minimal MLP (global full),global full NN features,Far East,2022,2076,192,0.0924855491,0.2135278515,0.8385416667000001,0.3403805497,0.0096832407,0.2727778672,0.0141934734,0.829485138,0.1076680176,0.2953715026
Minimal MLP (global full),global full NN features,Far East,2023,2267,333,0.1468901632,0.2831608655,0.9039039039,0.4312320917,0.0021949452,0.3865769734,0.0244455594,0.8428640636,0.1371611832,0.2953715026
Minimal MLP (global full),global full NN features,Far East,2024,2229,298,0.1336922387,0.2754793138,0.9161073826,0.4235841738,0.0065296144,0.3736867486,0.0114017525,0.8541215561000001,0.1280738841,0.2953715026
Minimal MLP (global full),global full NN features,Far East,2025,1744,137,0.0785550459,0.2653508772,0.8832116788000001,0.4080944351,0.0113820376,0.384969487,0.0221323177,0.9009897392,0.0731898036,0.2953715026
Minimal MLP (global full),global full NN features,Global,2021,87238,24772,0.2839588253,0.5089344504000001,0.9048522525,0.6514568045,0.0010431127,0.6110804858000001,0.0029218157,0.8405183794000001,0.144881987,0.2953715026
Minimal MLP (global full),global full NN features,Global,2021-2023,206438,36593,0.1772590318,0.4028481094,0.8565572651000001,0.5479768180000001,0.0027516054,0.5121421432000001,0.0039738226,0.8597016069000001,0.1143864842,0.2953715026
Minimal MLP (global full),global full NN features,Global,2021-2025,321173,49514,0.1541661348,0.3672254539,0.8198085390000001,0.5072383178000001,0.0034128678,0.470318565,0.0055630681,0.8518846384000001,0.1088568329,0.2953715026
Minimal MLP (global full),global full NN features,Global,2022,58312,4923,0.0844251612,0.2318634424,0.6953077392,0.3477598293,0.0011448515,0.2543481927,0.0031050028,0.8264425594,0.0856159121,0.2953715026
Minimal MLP (global full),global full NN features,Global,2023,60888,6898,0.113289975,0.2897894737,0.7982023775,0.4252065797,0.0018852915,0.3782938199,0.0047317283,0.8533345670000001,0.098247063,0.2953715026
Minimal MLP (global full),global full NN features,Global,2024,65063,9134,0.1403870095,0.3118949161,0.7018830742000001,0.4318771262,0.0010073711,0.356303074,0.004052325,0.8003429428000001,0.1155434552,0.2953715026
Minimal MLP (global full),global full NN features,Global,2025,49672,3787,0.0762401353,0.232999343,0.7491418009,0.3554469711,0.0041267753,0.3543230749,0.0102914774,0.8530008043,0.0771169822,0.2953715026
Poisson Point-Process GLM,full features,Central Asia,2021,10197,903,0.0885554575,0.1383462063,0.6744186047,0.229594722,0.0056441111,0.1405294598,0.0032213733,0.7031824435,0.1225538113,0.32268098
Poisson Point-Process GLM,full features,Central Asia,2021-2023,29340,2012,0.0685753238,0.1165654966,0.6585487078000001,0.1980716048,0.0034238405,0.1463217227,0.0039299987,0.7305594310000001,0.1091048859,0.32268098
Poisson Point-Process GLM,full features,Central Asia,2021-2025,45961,2503,0.0544592154,0.0958384404,0.6560127847,0.1672438378,0.0032215022,0.1224137238,0.0033752022,0.7351574218,0.1014906819,0.32268098
Poisson Point-Process GLM,full features,Central Asia,2022,9862,698,0.0707767187,0.1286580543,0.6991404011,0.217323536,0.0005494025,0.2274228093,0.0174038466,0.7531507994000001,0.1048055956,0.32268098
Poisson Point-Process GLM,full features,Central Asia,2023,9281,411,0.0442840211,0.0718789407,0.5547445255,0.1272676528,0.0059474153,0.1051975496,0.0076886668,0.7280919033000001,0.0988970321,0.32268098
Poisson Point-Process GLM,full features,Central Asia,2024,9003,187,0.0207708542,0.0478170478,0.7379679144,0.0898145135,0.0032966436,0.0814697804,0.0066075829,0.8001045741,0.0802068746,0.32268098
Poisson Point-Process GLM,full features,Central Asia,2025,7618,304,0.039905487,0.0621527778,0.5888157895,0.1124371859,0.0048630929,0.0587606739,0.0050394326,0.6705898385,0.0973186381,0.32268098
Poisson Point-Process GLM,full features,Eastern Siberia,2021,44639,19789,0.4433119021,0.569325117,0.9710950528,0.7178155875000001,0.0012432058,0.6760326246,0.0033464042,0.7769480189,0.1919962015,0.32268098
Poisson Point-Process GLM,full features,Eastern Siberia,2021-2023,82438,22636,0.2745821102,0.4364286147,0.9548948577,0.5990604603,0.0007912701,0.5887601281,0.0037303622,0.8316101035,0.1587080594,0.32268098
Poisson Point-Process GLM,full features,Eastern Siberia,2021-2025,128260,31267,0.2437782629,0.3946187731,0.9282950075,0.5538118089,0.0023020498,0.5400153233,0.0051388801,0.8183125342,0.1568220231,0.32268098
Poisson Point-Process GLM,full features,Eastern Siberia,2022,18946,1456,0.0768499947,0.1770234254,0.8667582418,0.2940011648,0.0056686736,0.2461164425,0.013180735,0.8306873158,0.1115310713,0.32268098
Poisson Point-Process GLM,full features,Eastern Siberia,2023,18853,1391,0.0737813611,0.1314206386,0.8166786485,0.2264075735,0.0043583234,0.2108668822,0.0065292709,0.7688691954,0.1273001055,0.32268098
Poisson Point-Process GLM,full features,Eastern Siberia,2024,26660,6189,0.2321455364,0.3402654867,0.8697689449,0.489163524,0.0027347075,0.4024354217,0.0038807145,0.7408211644,0.1729035674,0.32268098
Poisson Point-Process GLM,full features,Eastern Siberia,2025,19162,2442,0.1274397245,0.2470444851,0.8300573301,0.3807645346,0.0057536115,0.2988648931,0.0069052725,0.7974094936,0.1263338154,0.32268098
Poisson Point-Process GLM,full features,Europe,2021,11926,847,0.071021298,0.2241965974,0.7001180638000001,0.3396334479,0.0120654008,0.3160756099,0.0070456509,0.8604004534,0.0737299314,0.32268098
Poisson Point-Process GLM,full features,Europe,2021-2023,32712,1723,0.0526718024,0.1607171964,0.5722576901,0.2509544413,0.0052633533,0.2083603499,0.0047750736,0.8413709210000001,0.0655557499,0.32268098
Poisson Point-Process GLM,full features,Europe,2021-2025,52062,2848,0.0547040068,0.1598065344,0.5684691011,0.2494799291,0.0043447805,0.1940678664,0.0072360764,0.8253641593000001,0.0687382904,0.32268098
Poisson Point-Process GLM,full features,Europe,2022,10330,382,0.0369796709,0.1181304571,0.6020942408000001,0.1975096608,0.0105830668,0.1239755012,0.009631246,0.8368966269,0.0604178727,0.32268098
Poisson Point-Process GLM,full features,Europe,2023,10456,494,0.0472456006,0.1056383668,0.3299595142,0.1600392734,0.0130625597,0.1314760621,0.0089874233,0.8090865735,0.0613083306,0.32268098
Poisson Point-Process GLM,full features,Europe,2024,10472,493,0.0470779221,0.1342637151,0.5659229209000001,0.2170361727,0.0068623484,0.1500209411,0.0061371968,0.7979553208,0.0684535179,0.32268098
Poisson Point-Process GLM,full features,Europe,2025,8878,632,0.0711872043,0.1845672576,0.5601265823,0.2776470588,0.0095834272,0.2068019848,0.0081933897,0.798317059,0.0808006243,0.32268098
Poisson Point-Process GLM,full features,Far East,2021,2141,270,0.1261092947,0.2653799759,0.8148148148000001,0.4003639672,0.0114474399,0.5190476464,0.0326923924,0.8577172041000001,0.1162364634,0.32268098
Poisson Point-Process GLM,full features,Far East,2021-2023,6484,795,0.1226095003,0.2519470405,0.813836478,0.3847754981,0.0037018871,0.3694403404,0.0053648448,0.8099401803,0.1226104488,0.32268098
Poisson Point-Process GLM,full features,Far East,2021-2025,10457,1230,0.1176245577,0.2421469206,0.7959349593,0.3713256211,0.009654169,0.3506840672,0.0156633796,0.8049257173000001,0.1210585118,0.32268098
Poisson Point-Process GLM,full features,Far East,2022,2076,192,0.0924855491,0.1989664083,0.8020833333,0.3188405797,0.0104975597,0.2662174635,0.0245189798,0.8140647116,0.1143008712,0.32268098
Poisson Point-Process GLM,full features,Far East,2023,2267,333,0.1468901632,0.2829015544,0.8198198198000001,0.4206471495,0.008372492,0.2907928869,0.0141423787,0.7616354721,0.1362396442,0.32268098
Poisson Point-Process GLM,full features,Far East,2024,2229,298,0.1336922387,0.2444029851,0.8791946309,0.3824817518,0.0037116338,0.3023638949,0.0213835511,0.7989948526,0.1386422073,0.32268098
Poisson Point-Process GLM,full features,Far East,2025,1744,137,0.0785550459,0.1736972705,0.5109489051,0.2592592593,0.0159654997,0.3779685423,0.0342609419,0.7323298162,0.0928149243,0.32268098
Poisson Point-Process GLM,full features,Global,2021,87238,24772,0.2839588253,0.4723071836,0.9225738737,0.6247676326,0.001199087,0.6092406443,0.0030107522,0.8359206507,0.1525831638,0.32268098
Poisson Point-Process GLM,full features,Global,2021-2023,206438,36593,0.1772590318,0.3523528375,0.8741562594000001,0.5022570794,0.001595919,0.5079029468,0.0041018049,0.8468743043,0.1269389703,0.32268098
Poisson Point-Process GLM,full features,Global,2021-2025,321173,49514,0.1541661348,0.3162600462,0.8479823888,0.4606994925,0.0013649801,0.4600933589,0.0028236837,0.8382630132000001,0.1223039789,0.32268098
Poisson Point-Process GLM,full features,Global,2022,58312,4923,0.0844251612,0.1897538187,0.7343083486,0.3015767081,0.0023932681,0.269576902,0.0057951442,0.809468752,0.1018804944,0.32268098
Poisson Point-Process GLM,full features,Global,2023,60888,6898,0.113289975,0.2364103662,0.8000869817,0.3649770195,0.0014116716,0.3678759727,0.0065386674,0.8220244361,0.1141952719,0.32268098
Poisson Point-Process GLM,full features,Global,2024,65063,9134,0.1403870095,0.2746657446,0.7826800963,0.4066321597,0.0032684521,0.3457694996,0.0050046543,0.7966507313000001,0.1253323424,0.32268098
Poisson Point-Process GLM,full features,Global,2025,49672,3787,0.0762401353,0.178694589,0.7525745973,0.2888123227,0.0015354613,0.2232725909,0.003118999,0.8051461877,0.0990741355,0.32268098
Random Forest,full features,Central Asia,2021,10197,903,0.0885554575,0.1598255007,0.8925802879,0.2711066263,0.0025580632,0.3182986556,0.0114985781,0.8070854963,0.1064170093,0.2174188197
Random Forest,full features,Central Asia,2021-2023,29340,2012,0.0685753238,0.1375954484,0.9135188867,0.2391672088,0.0006858194,0.323341802,0.0104201742,0.8464683394,0.092522148,0.2174188197
Random Forest,full features,Central Asia,2021-2025,45961,2503,0.0544592154,0.1163064632,0.9073112265,0.2061827591,0.001324518,0.2860911244,0.0055649394,0.848050488,0.0840581802,0.2174188197
Random Forest,full features,Central Asia,2022,9862,698,0.0707767187,0.1482069905,0.935530086,0.2558777429,0.0027706903,0.3881956809,0.0097006065,0.8672610464,0.0893266419,0.2174188197
Random Forest,full features,Central Asia,2023,9281,411,0.0442840211,0.0969557432,0.9221411192,0.175462963,0.0039712277,0.2722072351,0.0192001894,0.8728094646000001,0.0806514639,0.2174188197
Random Forest,full features,Central Asia,2024,9003,187,0.0207708542,0.0545511222,0.935828877,0.1030927835,0.0019244165,0.1663968427,0.0158710348,0.8968653251,0.062908566,0.2174188197
Random Forest,full features,Central Asia,2025,7618,304,0.039905487,0.0871621622,0.8486842105,0.1580882353,0.0053876795,0.1539608926,0.0114719163,0.7807766378000001,0.0764547623,0.2174188197
Random Forest,full features,Eastern Siberia,2021,44639,19789,0.4433119021,0.5689291737000001,0.9547223205,0.7129837538,0.001479521,0.7243892944,0.0016900696,0.7946355133,0.1820805179,0.2174188197
Random Forest,full features,Eastern Siberia,2021-2023,82438,22636,0.2745821102,0.443370338,0.9421717618,0.6029856654,0.0016764688,0.6469387743,0.0020992753,0.8478343605,0.1417229157,0.2174188197
Random Forest,full features,Eastern Siberia,2021-2025,128260,31267,0.2437782629,0.4100312674,0.9185083315,0.5669641094,0.0035519202,0.5931096458,0.005468175,0.8377561582,0.1388286078,0.2174188197
Random Forest,full features,Eastern Siberia,2022,18946,1456,0.0768499947,0.1863101293,0.8804945055000001,0.3075446803,0.0034049446,0.2211892821,0.0052354213,0.8361825674000001,0.0903448332,0.2174188197
Random Forest,full features,Eastern Siberia,2023,18853,1391,0.0737813611,0.1437663796,0.8281811646,0.2450021268,0.0050736602,0.2664524932,0.0140106192,0.8141422792,0.0977981368,0.2174188197
Random Forest,full features,Eastern Siberia,2024,26660,6189,0.2321455364,0.3509772553,0.8153174988,0.490712827,0.0020832553,0.3935563765,0.0034321022,0.7380175301,0.1629242592,0.2174188197
Random Forest,full features,Eastern Siberia,2025,19162,2442,0.1274397245,0.3102353875,0.9606879607,0.469012395,0.0026626809,0.5303736776,0.0059314124,0.9088851425,0.092852665,0.2174188197
Random Forest,full features,Europe,2021,11926,847,0.071021298,0.1948676824,0.8606847698000001,0.3177855275,0.0053234394,0.2774931229,0.009680167,0.8634753434,0.0672666248,0.2174188197
Random Forest,full features,Europe,2021-2023,32712,1723,0.0526718024,0.1760444337,0.8461984910000001,0.2914542729,0.0028655536,0.2929972002,0.0087641629,0.8858018947,0.0536390644,0.2174188197
Random Forest,full features,Europe,2021-2025,52062,2848,0.0547040068,0.1758107593,0.8089887640000001,0.2888484924,0.0019684233,0.2818226223,0.0104336581,0.8723631127,0.0556299536,0.2174188197
Random Forest,full features,Europe,2022,10330,382,0.0369796709,0.1345794393,0.7539267016000001,0.2283901665,0.0129414122,0.2447049562,0.019306704,0.8744992284,0.0448930028,0.2174188197
Random Forest,full features,Europe,2023,10456,494,0.0472456006,0.1836734694,0.8927125506,0.3046632124,0.0051572616,0.3655655936,0.0162290997,0.9149832115,0.0467362842,0.2174188197
Random Forest,full features,Europe,2024,10472,493,0.0470779221,0.1468315301,0.7707910751,0.2466731581,0.003416551,0.2608654417,0.0045746296,0.8577027986,0.0525107364,0.2174188197
Random Forest,full features,Europe,2025,8878,632,0.0711872043,0.2085011186,0.7373417722000001,0.3250784792,0.0079471862,0.277580844,0.0109797423,0.8449067749,0.0666448678,0.2174188197
Random Forest,full features,Far East,2021,2141,270,0.1261092947,0.2644721907,0.8629629630000001,0.4048653345,0.013303094,0.5706423506,0.0259987423,0.8729259457,0.0988308888,0.2174188197
Random Forest,full features,Far East,2021-2023,6484,795,0.1226095003,0.2437301307,0.8679245283,0.3805846663,0.00639999,0.4609044051,0.0114412594,0.8472052985,0.1055657323,0.2174188197
Random Forest,full features,Far East,2021-2025,10457,1230,0.1176245577,0.2436917481,0.8715447154,0.3808847042,0.0044080299,0.4432821033,0.0119882664,0.8537646233,0.1027110802,0.2174188197
Random Forest,full features,Far East,2022,2076,192,0.0924855491,0.2050438596,0.9739583333,0.3387681159,0.0124375231,0.3909807213,0.0585133193,0.8851402159,0.0923002692,0.2174188197
Random Forest,full features,Far East,2023,2267,333,0.1468901632,0.2601156069,0.8108108108000001,0.3938730853,0.0098681245,0.3929779766,0.0299200967,0.7962165889,0.1240740698,0.2174188197
Random Forest,full features,Far East,2024,2229,298,0.1336922387,0.2385057471,0.8355704698,0.3710879285,0.0122104177,0.362347932,0.0147144709,0.8205471311,0.1210174774,0.2174188197
Random Forest,full features,Far East,2025,1744,137,0.0785550459,0.2538167939,0.9708029197,0.4024205749,0.0097726051,0.5563336511,0.027077613,0.9272889139,0.0687004592,0.2174188197
Random Forest,full features,Global,2021,87238,24772,0.2839588253,0.4595303867,0.9401340223,0.6173196204,0.002086765,0.6600336227,0.0035918103,0.8490234925,0.1412777469,0.2174188197
Random Forest,full features,Global,2021-2023,206438,36593,0.1772590318,0.3538295234,0.9123876151,0.5099120288,0.003225316,0.560642533,0.0051586916,0.864789974,0.1115066382,0.2174188197
Random Forest,full features,Global,2021-2025,321173,49514,0.1541661348,0.3244318645,0.8842953508,0.4747036152,0.0024066775,0.5107925824,0.0020876797,0.8590458423,0.1054641811,0.2174188197
Random Forest,full features,Global,2022,58312,4923,0.0844251612,0.2152855829,0.8559821247,0.3440421276,0.0010081367,0.3092044005,0.0076457177,0.8507838294000001,0.0821935981,0.2174188197
Random Forest,full features,Global,2023,60888,6898,0.113289975,0.2440987347,0.8530008698,0.37957617,0.0016341544,0.3900078783,0.0059931374,0.8420535216,0.0969246191,0.2174188197
Random Forest,full features,Global,2024,65063,9134,0.1403870095,0.2780258427,0.7703087366,0.4085827938,0.0017359877,0.3281159868,0.0022043736,0.7995608527,0.1123881476,0.2174188197
Random Forest,full features,Global,2025,49672,3787,0.0762401353,0.2198391421,0.8877739636,0.3524109015,0.0020070826,0.4409172613,0.0063516123,0.8939604209,0.0712822116,0.2174188197
Spatial climate TSN embedding fusion (global full),global full NN features,Central Asia,2021,10197,903,0.0885554574874963,0.249,0.8272425249169435,0.382782475019216,0.0031861485439995,0.4134493163780978,0.0176322262522451,0.8705092248038185,0.1139205307262152,0.4300945103168487
Spatial climate TSN embedding fusion (global full),global full NN features,Central Asia,2021-2023,29340,2012,0.0685753237900477,0.2192934032569693,0.7897614314115308,0.3432706848131346,0.0029884187199726,0.3998917045882958,0.0105792791159847,0.8817795164755029,0.1019852123232226,0.4300945103168487
Spatial climate TSN embedding fusion (global full),global full NN features,Central Asia,2021-2025,45961,2503,0.0544592154217706,0.1992289375212609,0.7019576508190172,0.3103691927221339,0.0033315751819642,0.3476963228300189,0.0073209999567231,0.8682853942658013,0.0904337971975786,0.4300945103168487
Spatial climate TSN embedding fusion (global full),global full NN features,Central Asia,2022,9862,698,0.0707767187183127,0.225910931174089,0.7994269340974212,0.3522727272727273,0.0086021329842247,0.4777703271359217,0.0154631501914117,0.8948534442111215,0.1014750825791949,0.4300945103168487
Spatial climate TSN embedding fusion (global full),global full NN features,Central Asia,2023,9281,411,0.0442840211184139,0.1599099099099099,0.6909975669099757,0.2597165066300869,0.0030399383154174,0.2509746075016079,0.0191363868522166,0.8708605238686953,0.0894139870005512,0.4300945103168487
Spatial climate TSN embedding fusion (global full),global full NN features,Central Asia,2024,9003,187,0.0207708541597245,0.106646058732612,0.7379679144385026,0.1863605671843349,0.0079163513395476,0.2915663574882227,0.0309591378471805,0.8940204732280638,0.0738454450693827,0.4300945103168487
Spatial climate TSN embedding fusion (global full),global full NN features,Central Asia,2025,7618,304,0.0399054870044631,0.1075268817204301,0.0986842105263157,0.1029159519725557,0.0156990436817798,0.1052617545751314,0.0138100065558404,0.7329387224213115,0.0655488424094129,0.4300945103168487
Spatial climate TSN embedding fusion (global full),global full NN features,Eastern Siberia,2021,44639,19789,0.4433119021483456,0.7081449727201871,0.9182374046187276,0.7996215538295672,0.0010220939333274,0.8272828872054421,0.0033260377641395,0.886150562478413,0.1434172822596545,0.4300945103168487
Spatial climate TSN embedding fusion (global full),global full NN features,Eastern Siberia,2021-2023,82438,22636,0.2745821101919018,0.6391890213611525,0.909480473581905,0.7507475749398294,0.0014098306835878,0.7950125318598974,0.0030316336743613,0.9271255204317146,0.1111460703231385,0.4300945103168487
Spatial climate TSN embedding fusion (global full),global full NN features,Eastern Siberia,2021-2025,128260,31267,0.2437782629034773,0.6091736338860917,0.8435730962356478,0.7074632870649769,0.0028936731597841,0.7512979664378169,0.0041170600115732,0.9073429918877258,0.1119944618230747,0.4300945103168487
Spatial climate TSN embedding fusion (global full),global full NN features,Eastern Siberia,2022,18946,1456,0.076849994721841,0.4364560639070443,0.8255494505494505,0.5710213776722091,0.0080882202354879,0.5479464276026769,0.0034516619037019,0.9484903068629484,0.0625207273323937,0.4300945103168487
Spatial climate TSN embedding fusion (global full),global full NN features,Eastern Siberia,2023,18853,1391,0.0737813610565957,0.319978914074855,0.8727534148094895,0.4682738669238187,0.0076549473853767,0.5643918552256338,0.01777583031015,0.9292555855701784,0.0836014418114171,0.4300945103168487
Spatial climate TSN embedding fusion (global full),global full NN features,Eastern Siberia,2024,26660,6189,0.232145536384096,0.5232336091661363,0.9297140087251576,0.6696148027464215,0.0022024086673246,0.7073756701515919,0.0063540515826238,0.9057436859455384,0.1257108966226045,0.4300945103168487
Spatial climate TSN embedding fusion (global full),global full NN features,Eastern Siberia,2025,19162,2442,0.1274397244546498,0.3763440860215054,0.0143325143325143,0.0276134122287968,0.0024579117359955,0.3671034128799414,0.0060721831388779,0.8380382162828335,0.096560767360924,0.4300945103168487
Spatial climate TSN embedding fusion (global full),global full NN features,Europe,2021,11926,847,0.0710212980043602,0.2501591343093571,0.4639905548996458,0.3250620347394541,0.0143515180869373,0.3245327867588377,0.0079008311436623,0.8643863173070765,0.0761791095734192,0.4300945103168487
Spatial climate TSN embedding fusion (global full),global full NN features,Europe,2021-2023,32712,1723,0.052671802396674,0.273756906077348,0.575159605339524,0.3709526483249111,0.0053118177509983,0.3572086472703513,0.0135262562110042,0.9033860366493665,0.0616725089262239,0.4300945103168487
Spatial climate TSN embedding fusion (global full),global full NN features,Europe,2021-2025,52062,2848,0.0547040067611693,0.2636399840700916,0.4648876404494382,0.3364675984752223,0.0034057834340113,0.3041454352901959,0.0126702004104009,0.8735282653138803,0.0634104824603084,0.4300945103168487
Spatial climate TSN embedding fusion (global full),global full NN features,Europe,2022,10330,382,0.0369796708615682,0.2570356472795497,0.7172774869109948,0.3784530386740331,0.0065149579388364,0.3540953024956133,0.0167501058275601,0.928394404831827,0.0533710634513123,0.4300945103168487
Spatial climate TSN embedding fusion (global full),global full NN features,Europe,2023,10456,494,0.0472456006120887,0.3296032553407935,0.6558704453441295,0.4387271496276235,0.0110156695133716,0.4450263973226259,0.0264885311850471,0.9310918941369918,0.0533278467645352,0.4300945103168487
Spatial climate TSN embedding fusion (global full),global full NN features,Europe,2024,10472,493,0.047077922077922,0.227491961414791,0.5740365111561866,0.3258491652274036,0.0138432774924627,0.2723387074873449,0.0085291853163061,0.8771470798616243,0.0659634993994071,0.4300945103168487
Spatial climate TSN embedding fusion (global full),global full NN features,Europe,2025,8878,632,0.0711872043252984,0.3164556962025316,0.0791139240506329,0.1265822784810126,0.0203674600521431,0.2212996021982324,0.0151758180593445,0.81048511821612,0.0668028452515603,0.4300945103168487
Spatial climate TSN embedding fusion (global full),global full NN features,Far East,2021,2141,270,0.1261092947220924,0.4762845849802372,0.8925925925925926,0.6211340206185567,0.0151303770259339,0.6516896493321943,0.028551780302511,0.9364134845695508,0.0890923468617786,0.4300945103168487
Spatial climate TSN embedding fusion (global full),global full NN features,Far East,2021-2023,6484,795,0.1226095003084515,0.4433497536945813,0.9056603773584906,0.5952873088052915,0.0056147662758432,0.5865008368143508,0.0103568999102378,0.9315366408306442,0.0936159879163082,0.4300945103168487
Spatial climate TSN embedding fusion (global full),global full NN features,Far East,2021-2025,10457,1230,0.117624557712537,0.4579439252336448,0.7967479674796748,0.5816023738872403,0.0064602942457559,0.5565240462930294,0.0063297222809278,0.9129115594829948,0.0884275299022923,0.4300945103168487
Spatial climate TSN embedding fusion (global full),global full NN features,Far East,2022,2076,192,0.0924855491329479,0.4617414248021108,0.9114583333333334,0.6129597197898424,0.0087232235085744,0.647757615540672,0.0160857363913199,0.9557872213375797,0.0743821958827684,0.4300945103168487
Spatial climate TSN embedding fusion (global full),global full NN features,Far East,2023,2267,333,0.1468901632112924,0.4113667117726657,0.9129129129129128,0.5671641791044776,0.0088533413364904,0.5058308891273587,0.0401204301171321,0.9035032964712384,0.1155015052340748,0.4300945103168487
Spatial climate TSN embedding fusion (global full),global full NN features,Far East,2024,2229,298,0.1336922386720502,0.5060240963855421,0.8456375838926175,0.6331658291457286,0.0268530483060752,0.6306767076847019,0.0269647953591322,0.939859724244836,0.0852625887353381,0.4300945103168487
Spatial climate TSN embedding fusion (global full),global full NN features,Far East,2025,1744,137,0.0785550458715596,0.4444444444444444,0.0583941605839416,0.1032258064516129,0.0378751129850763,0.2509646837360969,0.0242698701645807,0.7880032158576302,0.0731825139035892,0.4300945103168487
Spatial climate TSN embedding fusion (global full),global full NN features,Global,2021,87238,24772,0.2839588252825603,0.6268424036281179,0.8927418052640077,0.7365283421035103,0.0014355980387427,0.7864551805217597,0.0026031151097132,0.91740690497717,0.1181837628128771,0.4300945103168487
Spatial climate TSN embedding fusion (global full),global full NN features,Global,2021-2023,206438,36593,0.1772590317674071,0.5428083639006744,0.8775448856338643,0.6707327262093742,0.0029106450936523,0.7292656407292408,0.0044166974769683,0.9328398755117926,0.0961161666299809,0.4300945103168487
Spatial climate TSN embedding fusion (global full),global full NN features,Global,2021-2025,321173,49514,0.154166134762262,0.5260982320340165,0.8071252575029285,0.6369932338197438,0.0050598261147383,0.6842151142154513,0.0061294566100745,0.9173283276188284,0.091563874291233,0.4300945103168487
Spatial climate TSN embedding fusion (global full),global full NN features,Global,2022,58312,4923,0.0844251612018109,0.4004645311139069,0.8405443835059923,0.5424750917671736,0.0025821110812814,0.5747724433068566,0.0045361233460982,0.9398925912364772,0.0728398658534128,0.4300945103168487
Spatial climate TSN embedding fusion (global full),global full NN features,Global,2023,60888,6898,0.1132899750361319,0.4325262069983759,0.8493766309075095,0.5731755038153004,0.0038607729783329,0.5996164393542347,0.0070451090656224,0.9286095029786292,0.0867901039424192,0.4300945103168487
Spatial climate TSN embedding fusion (global full),global full NN features,Global,2024,65063,9134,0.1403870095138558,0.4780617612476019,0.845741186774688,0.6108409441347409,0.0028609618042042,0.6418076549453957,0.002707508043959,0.9216358116980268,0.0934119727269437,0.4300945103168487
Spatial climate TSN embedding fusion (global full),global full NN features,Global,2025,49672,3787,0.0762401352874859,0.1968992248062015,0.0335357803010298,0.0573104693140794,0.003930970085309,0.1800746603271628,0.0034215930158088,0.7848679718147045,0.0702237036850747,0.4300945103168487
Spatial climate TSN-MLP (ECMWF global full),global full NN features,Central Asia,2021,10197,903,0.0885554575,0.1542306319,0.9568106312,0.265641814,0.0022989485,0.3337491625,0.0118405353,0.8196011025000001,0.1166102279,0.2851233482
Spatial climate TSN-MLP (ECMWF global full),global full NN features,Central Asia,2021-2023,29340,2012,0.0685753238,0.1285478002,0.9657057654,0.2268932096,0.0012287597,0.3528220509,0.0113669615,0.8519097923000001,0.1079314828,0.2851233482
Spatial climate TSN-MLP (ECMWF global full),global full NN features,Central Asia,2021-2025,45961,2503,0.0544592154,0.1064508978,0.9592489013,0.1916354059,0.0005879448,0.3232094781,0.0083843413,0.8579198404,0.1013412851,0.2851233482
Spatial climate TSN-MLP (ECMWF global full),global full NN features,Central Asia,2022,9862,698,0.0707767187,0.1373104146,0.9727793696,0.2406521354,0.0014261309,0.4446640628,0.017459865,0.8841442595000001,0.1033131328,0.2851233482
Spatial climate TSN-MLP (ECMWF global full),global full NN features,Central Asia,2023,9281,411,0.0442840211,0.0875656743,0.9732360097,0.1606748343,0.0020662858,0.3093830838,0.026063189,0.8629511983,0.1033036415,0.2851233482
Spatial climate TSN-MLP (ECMWF global full),global full NN features,Central Asia,2024,9003,187,0.0207708542,0.0468547761,0.9679144385,0.089382716,0.0010267498,0.3003298783,0.0501707401,0.9148443035,0.083208832,0.2851233482
Spatial climate TSN-MLP (ECMWF global full),global full NN features,Central Asia,2025,7618,304,0.039905487,0.0774391949,0.9111842105,0.1427467148,0.0041383469,0.1813877924,0.01894634,0.8092923809,0.0973888138,0.2851233482
Spatial climate TSN-MLP (ECMWF global full),global full NN features,Eastern Siberia,2021,44639,19789,0.4433119021,0.5640451506,0.9292536258,0.7019907999,0.001621168,0.7010326898,0.0035891326,0.7835465184,0.1898309941,0.2851233482
Spatial climate TSN-MLP (ECMWF global full),global full NN features,Eastern Siberia,2021-2023,82438,22636,0.2745821102,0.4417977528,0.9119544089,0.5952336327000001,0.0017308416,0.6398988279000001,0.0029636576,0.8407340475,0.1495721934,0.2851233482
Spatial climate TSN-MLP (ECMWF global full),global full NN features,Eastern Siberia,2021-2025,128260,31267,0.2437782629,0.4013384622,0.8976236927000001,0.5546749936,0.000714864,0.5823210295,0.0036938146,0.8264415811,0.1479240343,0.2851233482
Spatial climate TSN-MLP (ECMWF global full),global full NN features,Eastern Siberia,2022,18946,1456,0.0768499947,0.1618301858,0.7239010989,0.2645250345,0.0025508549,0.1887180612,0.0032150992,0.7790720286,0.1010446382,0.2851233482
Spatial climate TSN-MLP (ECMWF global full),global full NN features,Eastern Siberia,2023,18853,1391,0.0737813611,0.1576872536,0.8626887132000001,0.2666370403,0.0026005901,0.2492349763,0.0073868296,0.8196725172,0.1030167624,0.2851233482
Spatial climate TSN-MLP (ECMWF global full),global full NN features,Eastern Siberia,2024,26660,6189,0.2321455364,0.3443174176,0.8272741962,0.4862529085,0.0033146549,0.3997593905,0.0083295819,0.7349260116,0.1676423867,0.2851233482
Spatial climate TSN-MLP (ECMWF global full),global full NN features,Eastern Siberia,2025,19162,2442,0.1274397245,0.2762715931,0.9430794431,0.4273520134,0.0022685055,0.3850302326,0.0120550978,0.8629381067,0.1133993388,0.2851233482
Spatial climate TSN-MLP (ECMWF global full),global full NN features,Europe,2021,11926,847,0.071021298,0.1720609731,0.9728453365,0.2924059617,0.0019176549,0.3769403527,0.0165795655,0.9003615549,0.0910443342,0.2851233482
Spatial climate TSN-MLP (ECMWF global full),global full NN features,Europe,2021-2023,32712,1723,0.0526718024,0.1431317721,0.9506674405,0.2488038278,0.0016867222,0.3394269041,0.0136334234,0.9056169689,0.0800141728,0.2851233482
Spatial climate TSN-MLP (ECMWF global full),global full NN features,Europe,2021-2025,52062,2848,0.0547040068,0.1459894227,0.9304775281,0.2523809524,0.0011171058,0.3039434226,0.0071800643,0.8879430897,0.081285593,0.2851233482
Spatial climate TSN-MLP (ECMWF global full),global full NN features,Europe,2022,10330,382,0.0369796709,0.1008602788,0.8900523560000001,0.1811883826,0.0035139562,0.224034276,0.0287813817,0.8778896334,0.0754664377,0.2851233482
Spatial climate TSN-MLP (ECMWF global full),global full NN features,Europe,2023,10456,494,0.0472456006,0.1443361754,0.95951417,0.2509264161,0.0042159373,0.3969940212,0.0191005485,0.9271413558,0.071926223,0.2851233482
Spatial climate TSN-MLP (ECMWF global full),global full NN features,Europe,2024,10472,493,0.0470779221,0.1262945915,0.8904665314,0.2212144117,0.0043359311,0.2224988626,0.0050716578,0.8579750742000001,0.0791556709,0.2851233482
Spatial climate TSN-MLP (ECMWF global full),global full NN features,Europe,2025,8878,632,0.0711872043,0.177289604,0.9066455696,0.2965838509,0.0034682973,0.2884309548,0.0123939334,0.8630367773000001,0.0884826245,0.2851233482
Spatial climate TSN-MLP (ECMWF global full),global full NN features,Far East,2021,2141,270,0.1261092947,0.2443181818,0.9555555556,0.3891402715,0.0052550733,0.4495313936,0.0148640739,0.8899697132000001,0.1215196637,0.2851233482
Spatial climate TSN-MLP (ECMWF global full),global full NN features,Far East,2021-2023,6484,795,0.1226095003,0.2270157691,0.9597484277,0.3671799808,0.0061259699,0.3808764585,0.0069968204,0.8629819656000001,0.1275931134,0.2851233482
Spatial climate TSN-MLP (ECMWF global full),global full NN features,Far East,2021-2025,10457,1230,0.1176245577,0.2240733808,0.9731707317,0.3642726719,0.0029866595,0.3995985128,0.0087784349,0.8768927529,0.1245059673,0.2851233482
Spatial climate TSN-MLP (ECMWF global full),global full NN features,Far East,2022,2076,192,0.0924855491,0.1907756813,0.9479166667,0.3176265271,0.0083255439,0.3091429792,0.007161393,0.8531880308,0.114681992,0.2851233482
Spatial climate TSN-MLP (ECMWF global full),global full NN features,Far East,2023,2267,333,0.1468901632,0.2390821614,0.96996997,0.3836104513,0.0064616608,0.3621061017,0.0138513589,0.8346236619,0.1451523299,0.2851233482
Spatial climate TSN-MLP (ECMWF global full),global full NN features,Far East,2024,2229,298,0.1336922387,0.2263719512,0.9966442953,0.3689440994,0.0033268528,0.4538560241,0.0119494068,0.8918389123,0.1394974349,0.2851233482
Spatial climate TSN-MLP (ECMWF global full),global full NN features,Far East,2025,1744,137,0.0785550459,0.2047832586,1.0,0.3399503722,0.0072000488,0.3702288937,0.0178371698,0.9185679441,0.0938677584,0.2851233482
Spatial climate TSN-MLP (ECMWF global full),global full NN features,Global,2021,87238,24772,0.2839588253,0.4451562347,0.9172856451,0.5994170173000001,0.0019888581,0.6420051533000001,0.0042091424,0.8399304452,0.1511132631,0.2851233482
Spatial climate TSN-MLP (ECMWF global full),global full NN features,Global,2021-2023,206438,36593,0.1772590318,0.3361291182,0.8969475036000001,0.4890047676,0.0014951141,0.5541416003,0.0051051142,0.8569508396000001,0.1230148992,0.2851233482
Spatial climate TSN-MLP (ECMWF global full),global full NN features,Global,2021-2025,321173,49514,0.1541661348,0.3023630655,0.8713899099,0.4489464648,0.0010911337,0.4981894773,0.0036070874,0.8456781622,0.1185037453,0.2851233482
Spatial climate TSN-MLP (ECMWF global full),global full NN features,Global,2022,58312,4923,0.0844251612,0.1866126727,0.7956530571,0.3023192992,0.003138595,0.2888335657,0.0059197919,0.8276651407000001,0.096909796,0.2851233482
Spatial climate TSN-MLP (ECMWF global full),global full NN features,Global,2023,60888,6898,0.113289975,0.2413712322,0.8962017976000001,0.3803137496,0.0006625943,0.3975557097,0.0071675381,0.8505772441,0.1077573067,0.2851233482
Spatial climate TSN-MLP (ECMWF global full),global full NN features,Global,2024,65063,9134,0.1403870095,0.2535876409,0.7583753011000001,0.3800823045,0.0007942219,0.3365330603,0.0025163928,0.7770108013,0.1246946261,0.2851233482
Spatial climate TSN-MLP (ECMWF global full),global full NN features,Global,2025,49672,3787,0.0762401353,0.1915637512,0.8970161077000001,0.3157063197,0.0015505536,0.3093814253,0.0013280296,0.8618151675,0.0916461425,0.2851233482
Spatial climate TSN-MLP (global full),global full NN features,Central Asia,2021,10197,903,0.0885554575,0.2742940961,0.8283499446,0.4121212121,0.0103212978,0.4710219206,0.0181064332,0.8927994126000001,0.1063876867,0.4269461036
Spatial climate TSN-MLP (global full),global full NN features,Central Asia,2021-2023,29340,2012,0.0685753238,0.2384,0.814612326,0.3688533813,0.003255591,0.4713957339,0.0168967898,0.9043321853,0.0965932163,0.4269461036
Spatial climate TSN-MLP (global full),global full NN features,Central Asia,2021-2025,45961,2503,0.0544592154,0.225121738,0.7203355973000001,0.3430365297,0.0062793036,0.4225040541,0.0097360787,0.8843350334000001,0.0833519808,0.4269461036
Spatial climate TSN-MLP (global full),global full NN features,Central Asia,2022,9862,698,0.0707767187,0.2380373074,0.840974212,0.3710493047,0.005129238,0.5214633426,0.0119996515,0.9089409756,0.09879173,0.4269461036
Spatial climate TSN-MLP (global full),global full NN features,Central Asia,2023,9281,411,0.0442840211,0.1807372176,0.7396593674,0.2904921166,0.0052880915,0.3940070859,0.0112431884,0.9103100475,0.0834959254,0.4269461036
Spatial climate TSN-MLP (global full),global full NN features,Central Asia,2024,9003,187,0.0207708542,0.1316042267,0.7326203209000001,0.2231270358,0.0084540532,0.3612159399,0.0161570803,0.9175223463,0.0644795948,0.4269461036
Spatial climate TSN-MLP (global full),global full NN features,Central Asia,2025,7618,304,0.039905487,0.2903225806,0.0888157895,0.1360201511,0.0217675586,0.1376651894,0.0160401169,0.7210583434000001,0.0546581293,0.4269461036
Spatial climate TSN-MLP (global full),global full NN features,Eastern Siberia,2021,44639,19789,0.4433119021,0.7115267871000001,0.9476476831,0.8127857839,0.0008743356,0.8374387886,0.0017760617,0.897656534,0.1353220491,0.4269461036
Spatial climate TSN-MLP (global full),global full NN features,Eastern Siberia,2021-2023,82438,22636,0.2745821102,0.6401015842000001,0.9353242622,0.7600516944,0.0017332045,0.8083507090000001,0.0022577603,0.9340330653,0.106130674,0.4269461036
Spatial climate TSN-MLP (global full),global full NN features,Eastern Siberia,2021-2025,128260,31267,0.2437782629,0.6059882398,0.8602680142,0.7110793877,0.0017756898,0.7548509283,0.0022267583,0.9070124913,0.1122696509,0.4269461036
Spatial climate TSN-MLP (global full),global full NN features,Eastern Siberia,2022,18946,1456,0.0768499947,0.4233215548,0.8228021978000001,0.5590293980000001,0.006900318,0.5346656026000001,0.0098925705,0.943192676,0.0615915202,0.4269461036
Spatial climate TSN-MLP (global full),global full NN features,Eastern Siberia,2023,18853,1391,0.0737813611,0.3138817481,0.8777857656,0.4624124219,0.003574814,0.5954352569,0.0103081311,0.9287868055,0.0817719519,0.4269461036
Spatial climate TSN-MLP (global full),global full NN features,Eastern Siberia,2024,26660,6189,0.2321455364,0.5147019153,0.924866699,0.6613518198,0.0024611766,0.6975813014000001,0.0055431619,0.9004792012,0.1266805738,0.4269461036
Spatial climate TSN-MLP (global full),global full NN features,Eastern Siberia,2025,19162,2442,0.1274397245,0.0105263158,0.0008190008,0.0015197568,0.0008301711,0.1344010067,0.0015910231,0.5838868079,0.1186306666,0.4269461036
Spatial climate TSN-MLP (global full),global full NN features,Europe,2021,11926,847,0.071021298,0.209249859,0.4380165289,0.2832061069,0.0095282052,0.3003114159,0.01729545,0.8266914346,0.0845580444,0.4269461036
Spatial climate TSN-MLP (global full),global full NN features,Europe,2021-2023,32712,1723,0.0526718024,0.2291421857,0.5658734765,0.3261960522,0.0040086241,0.3652721367,0.0136877369,0.8771941561000001,0.0692217328,0.4269461036
Spatial climate TSN-MLP (global full),global full NN features,Europe,2021-2025,52062,2848,0.0547040068,0.2224222586,0.4771769663,0.3034159411,0.0052469311,0.2990934134,0.0078059616,0.8432401737,0.0721472566,0.4269461036
Spatial climate TSN-MLP (global full),global full NN features,Europe,2022,10330,382,0.0369796709,0.2221350078,0.7408376963000001,0.3417874396,0.0060975627,0.3949125163,0.02550465,0.922989072,0.0595561728,0.4269461036
Spatial climate TSN-MLP (global full),global full NN features,Europe,2023,10456,494,0.0472456006,0.2657284768,0.6497975709,0.3772032902,0.0144872255,0.4694534288,0.0161977504,0.9101515922,0.0612783876,0.4269461036
Spatial climate TSN-MLP (global full),global full NN features,Europe,2024,10472,493,0.0470779221,0.2096890817,0.5882352941,0.3091684435,0.00808938,0.2691116764,0.018269224,0.8666068927,0.0712871845,0.4269461036
Spatial climate TSN-MLP (global full),global full NN features,Europe,2025,8878,632,0.0711872043,0.1991525424,0.1487341772,0.1702898551,0.0096603384,0.1485587819,0.0119658866,0.7028087266,0.0839411754,0.4269461036
Spatial climate TSN-MLP (global full),global full NN features,Far East,2021,2141,270,0.1261092947,0.5075268817,0.8740740741,0.6421768707000001,0.0072093417,0.6778915489,0.0093538567,0.9492388701,0.0816170956,0.4269461036
Spatial climate TSN-MLP (global full),global full NN features,Far East,2021-2023,6484,795,0.1226095003,0.4666234608,0.9056603774,0.6159110351,0.0148430228,0.6710027377000001,0.0136034056,0.9480756751,0.0853816922,0.4269461036
Spatial climate TSN-MLP (global full),global full NN features,Far East,2021-2025,10457,1230,0.1176245577,0.4090719933,0.7991869919,0.5411505643,0.0051558168,0.6083816206,0.0112539474,0.9111895894,0.0956597985,0.4269461036
Spatial climate TSN-MLP (global full),global full NN features,Far East,2022,2076,192,0.0924855491,0.4836065574,0.921875,0.6344086022000001,0.0103844477,0.7221983414,0.020933708,0.9647691083,0.0665768421,0.4269461036
Spatial climate TSN-MLP (global full),global full NN features,Far East,2023,2267,333,0.1468901632,0.4311797753,0.9219219219,0.5875598086,0.0157181134,0.6437490265,0.0362471762,0.9320395887,0.1061575503,0.4269461036
Spatial climate TSN-MLP (global full),global full NN features,Far East,2024,2229,298,0.1336922387,0.4857142857,0.855704698,0.6196840826000001,0.0170696445,0.6641728812000001,0.0228106655,0.9282077305,0.0856430907,0.4269461036
Spatial climate TSN-MLP (global full),global full NN features,Far East,2025,1744,137,0.0785550459,0.023880597,0.0583941606,0.0338983051,0.006676913,0.0624608922,0.000768248,0.4238618453,0.1466749836,0.4269461036
Spatial climate TSN-MLP (global full),global full NN features,Global,2021,87238,24772,0.2839588253,0.6332569576,0.9148635556,0.7484478203,0.0019680274,0.8002656706,0.0034669902,0.9251878476,0.1132262003,0.4269461036
Spatial climate TSN-MLP (global full),global full NN features,Global,2021-2023,206438,36593,0.1772590318,0.5433982289,0.8954718115,0.6763610093,0.0036830435,0.7471448006,0.0032935874,0.9379020952,0.0933793167,0.4269461036
Spatial climate TSN-MLP (global full),global full NN features,Global,2021-2025,321173,49514,0.1541661348,0.5204029454,0.8221513107,0.6373671108,0.0024894423,0.6915402662,0.0041562847,0.9151716112,0.0926744533,0.4269461036
Spatial climate TSN-MLP (global full),global full NN features,Global,2022,58312,4923,0.0844251612,0.3899990618,0.8444038188,0.5335643691,0.0040564529,0.5719874738,0.0055560473,0.9394759367,0.0725166158,0.4269461036
Spatial climate TSN-MLP (global full),global full NN features,Global,2023,60888,6898,0.113289975,0.4293035005,0.8622789214000001,0.5732183299,0.0010395337,0.6485774951000001,0.0046893109,0.9337428511,0.084923519,0.4269461036
Spatial climate TSN-MLP (global full),global full NN features,Global,2024,65063,9134,0.1403870095,0.4781519281,0.8565798117000001,0.6137192611,0.0051536995,0.6382301967,0.0050075508,0.9205493949,0.0924221353,0.4269461036
Spatial climate TSN-MLP (global full),global full NN features,Global,2025,49672,3787,0.0762401353,0.0744066709,0.0306311064,0.0433969323,0.0051370854,0.0868090932,0.0017249264,0.5817341974,0.0900755239,0.4269461036
Spatial climate TSN-MLP no tp (ERA5 global full),global full NN features,Central Asia,2021,10197,903,0.0885554575,0.2613065327,0.8637873754000001,0.4012345679,0.0039728446,0.4506632745,0.010290885,0.8900968152000001,0.1001579623,0.3871046007
Spatial climate TSN-MLP no tp (ERA5 global full),global full NN features,Central Asia,2021-2023,29340,2012,0.0685753238,0.2280031612,0.8603379722000001,0.3604748022,0.0031018954,0.4590355578,0.0132861086,0.9033349668,0.0906825993,0.3871046007
Spatial climate TSN-MLP no tp (ERA5 global full),global full NN features,Central Asia,2021-2025,45961,2503,0.0544592154,0.2116448971,0.76388334,0.3314553177,0.0035333032,0.4131920543,0.0084977153,0.881472322,0.076827434,0.3871046007
Spatial climate TSN-MLP no tp (ERA5 global full),global full NN features,Central Asia,2022,9862,698,0.0707767187,0.2296435272,0.8767908309,0.3639607493,0.0086330133,0.520823353,0.0093385833,0.9093914583,0.0923463067,0.3871046007
Spatial climate TSN-MLP no tp (ERA5 global full),global full NN features,Central Asia,2023,9281,411,0.0442840211,0.1745623069,0.8248175182,0.2881427964,0.0062544986,0.3955678672,0.0204525498,0.9119147349,0.0785041961,0.3871046007
Spatial climate TSN-MLP no tp (ERA5 global full),global full NN features,Central Asia,2024,9003,187,0.0207708542,0.1122523844,0.8181818182,0.1974193548,0.0055944474,0.362094647,0.0195523846,0.9217501965,0.0600266192,0.3871046007
Spatial climate TSN-MLP no tp (ERA5 global full),global full NN features,Central Asia,2025,7618,304,0.039905487,0.3544303797,0.0921052632,0.1462140992,0.0320197676,0.1559904937,0.0204275047,0.7208694483,0.0433208951,0.3871046007
Spatial climate TSN-MLP no tp (ERA5 global full),global full NN features,Eastern Siberia,2021,44639,19789,0.4433119021,0.7059254970000001,0.9240992471,0.8004114326,0.0019146943,0.8166568818000001,0.0034210643,0.8855052138,0.1392991743,0.3871046007
Spatial climate TSN-MLP no tp (ERA5 global full),global full NN features,Eastern Siberia,2021-2023,82438,22636,0.2745821102,0.633277053,0.9113359251,0.7472786220000001,0.0020698145,0.7860348782000001,0.0025205691,0.9258601782,0.1049869876,0.3871046007
Spatial climate TSN-MLP no tp (ERA5 global full),global full NN features,Eastern Siberia,2021-2025,128260,31267,0.2437782629,0.6125011802,0.8298845428,0.7048118320000001,0.0019393788,0.7377589551,0.0021458378,0.8977174990000001,0.1090934916,0.3871046007
Spatial climate TSN-MLP no tp (ERA5 global full),global full NN features,Eastern Siberia,2022,18946,1456,0.0768499947,0.4157262468,0.7843406593000001,0.5434213657,0.0084284301,0.5101528775,0.0086809604,0.9370086478,0.0561390425,0.3871046007
Spatial climate TSN-MLP no tp (ERA5 global full),global full NN features,Eastern Siberia,2023,18853,1391,0.0737813611,0.3058883508,0.8626887132000001,0.4516371848,0.0026516352,0.5885816719,0.0089315543,0.9256476073,0.072833562,0.3871046007
Spatial climate TSN-MLP no tp (ERA5 global full),global full NN features,Eastern Siberia,2024,26660,6189,0.2321455364,0.5469601893,0.8591048635,0.6683846637,0.0018336332,0.6876846346000001,0.0027277079,0.8955803543,0.1149834308,0.3871046007
Spatial climate TSN-MLP no tp (ERA5 global full),global full NN features,Eastern Siberia,2025,19162,2442,0.1274397245,0.0294117647,0.0008190008,0.0015936255,0.0016533079,0.1104952759,0.0026043869,0.4751909981,0.1185656866,0.3871046007
Spatial climate TSN-MLP no tp (ERA5 global full),global full NN features,Europe,2021,11926,847,0.071021298,0.2088167053,0.4250295159,0.2800466744,0.0133287017,0.3092755539,0.0122246365,0.8355728042,0.0758093337,0.3871046007
Spatial climate TSN-MLP no tp (ERA5 global full),global full NN features,Europe,2021-2023,32712,1723,0.0526718024,0.2316274557,0.5542658154,0.3267191242,0.0053467434,0.393460671,0.0109149988,0.8855294018000001,0.0593875314,0.3871046007
Spatial climate TSN-MLP no tp (ERA5 global full),global full NN features,Europe,2021-2025,52062,2848,0.0547040068,0.2306752748,0.4641853933,0.3081944283,0.004769311,0.3335382537,0.0091079731,0.8473207031000001,0.0613729297,0.3871046007
Spatial climate TSN-MLP no tp (ERA5 global full),global full NN features,Europe,2022,10330,382,0.0369796709,0.2374350087,0.7172774869,0.3567708333,0.0115343705,0.4271169852,0.0276992376,0.9235872085,0.0486316038,0.3871046007
Spatial climate TSN-MLP no tp (ERA5 global full),global full NN features,Europe,2023,10456,494,0.0472456006,0.2578313253,0.6497975709,0.3691776883,0.0092588135,0.5055337666,0.0269792835,0.9164203528,0.0512833156,0.3871046007
Spatial climate TSN-MLP no tp (ERA5 global full),global full NN features,Europe,2024,10472,493,0.0470779221,0.2293934681,0.5983772819000001,0.3316469927,0.0152691469,0.3280706613,0.0185179015,0.8832371510000001,0.0573406946,0.3871046007
Spatial climate TSN-MLP no tp (ERA5 global full),global full NN features,Europe,2025,8878,632,0.0711872043,0.2236024845,0.1139240506,0.1509433962,0.0149105655,0.1617253552,0.0100336882,0.6673784297,0.073444558,0.3871046007
Spatial climate TSN-MLP no tp (ERA5 global full),global full NN features,Far East,2021,2141,270,0.1261092947,0.4802371542,0.9,0.6262886598,0.0100745845,0.6341506231,0.0211850166,0.9311944494,0.0779948911,0.3871046007
Spatial climate TSN-MLP no tp (ERA5 global full),global full NN features,Far East,2021-2023,6484,795,0.1226095003,0.450799508,0.9220125786,0.6055349029,0.002505291,0.6581674085,0.0090516806,0.9410345022,0.0793807854,0.3871046007
Spatial climate TSN-MLP no tp (ERA5 global full),global full NN features,Far East,2021-2025,10457,1230,0.1176245577,0.4028688525,0.7991869919,0.5356948229,0.0026602899,0.5838076289,0.0144272526,0.8996592714,0.0881366155,0.3871046007
Spatial climate TSN-MLP no tp (ERA5 global full),global full NN features,Far East,2022,2076,192,0.0924855491,0.4853333333,0.9479166667,0.6419753086000001,0.0209468965,0.7054469720000001,0.0387564541,0.9695655299,0.0574491438,0.3871046007
Spatial climate TSN-MLP no tp (ERA5 global full),global full NN features,Far East,2023,2267,333,0.1468901632,0.4134228188,0.9249249249,0.5714285714,0.0092485191,0.6698938075,0.0429027303,0.9271251603,0.1007735016,0.3871046007
Spatial climate TSN-MLP no tp (ERA5 global full),global full NN features,Far East,2024,2229,298,0.1336922387,0.524838013,0.8154362416000001,0.6386333771,0.01791209,0.6523679385000001,0.0387141183,0.930908282,0.075726077,0.3871046007
Spatial climate TSN-MLP no tp (ERA5 global full),global full NN features,Far East,2025,1744,137,0.0785550459,0.0199430199,0.0510948905,0.0286885246,0.0073491859,0.0567210915,0.0021203985,0.3618157786,0.1365516916,0.3871046007
Spatial climate TSN-MLP no tp (ERA5 global full),global full NN features,Global,2021,87238,24772,0.2839588253,0.624580596,0.8942354271,0.7354703763,0.0014451424,0.7772174948,0.0031764385,0.9158827214,0.1124917626,0.3871046007
Spatial climate TSN-MLP no tp (ERA5 global full),global full NN features,Global,2021-2023,206438,36593,0.1772590318,0.533247655,0.8730904818,0.6621074119,0.0034128839,0.7202973797000001,0.0034337355,0.9289506286,0.0895385385,0.3871046007
Spatial climate TSN-MLP no tp (ERA5 global full),global full NN features,Global,2021-2025,321173,49514,0.1541661348,0.5186339879,0.7996122309,0.629178486,0.0016046916,0.6712284232,0.0068594508,0.9071885802,0.0869476483,0.3871046007
Spatial climate TSN-MLP no tp (ERA5 global full),global full NN features,Global,2022,58312,4923,0.0844251612,0.3850978901,0.8230753606000001,0.5247005503000001,0.0027527151,0.5483656498,0.0087640067,0.9328659844,0.0653026917,0.3871046007
Spatial climate TSN-MLP no tp (ERA5 global full),global full NN features,Global,2023,60888,6898,0.113289975,0.412567325,0.8328501015,0.5517936897,0.0018021136,0.6103282013,0.0043813169,0.9193391953,0.0798625323,0.3871046007
Spatial climate TSN-MLP no tp (ERA5 global full),global full NN features,Global,2024,65063,9134,0.1403870095,0.4942656793,0.8257061528,0.6183741237,0.0025262652,0.6369250702,0.0058161622,0.9221445935,0.0820596818,0.3871046007
Spatial climate TSN-MLP no tp (ERA5 global full),global full NN features,Global,2025,49672,3787,0.0762401353,0.0866209262,0.0266701875,0.0407833636,0.0044533539,0.0778277503,0.0014415675,0.5050197019,0.0825823636,0.3871046007
TemporalConvNet / TSN-MLP (global full),global full NN features,Central Asia,2021,10197,903,0.0885554575,0.1303969864,0.9966777409,0.2306213965,0.0014092338,0.3457667657,0.0095043773,0.8303594217,0.1253442686,0.1911493838
TemporalConvNet / TSN-MLP (global full),global full NN features,Central Asia,2021-2023,29340,2012,0.0685753238,0.1048903348,0.9935387674,0.1897484575,0.0006038862,0.2909102457,0.0079784531,0.8360408302000001,0.118217587,0.1911493838
TemporalConvNet / TSN-MLP (global full),global full NN features,Central Asia,2021-2025,45961,2503,0.0544592154,0.0850968959,0.9912105473,0.1567376335,0.0005008636,0.2717018209,0.0083594811,0.8412475373,0.1117893551,0.1911493838
TemporalConvNet / TSN-MLP (global full),global full NN features,Central Asia,2022,9862,698,0.0707767187,0.1088843301,0.9885386819,0.1961620469,0.0020134063,0.3076202967,0.0129659692,0.8374108415,0.1187591864,0.1911493838
TemporalConvNet / TSN-MLP (global full),global full NN features,Central Asia,2023,9281,411,0.0442840211,0.0702869909,0.99513382,0.1313001605,0.0009726184,0.2545112461,0.0131727632,0.842093006,0.1098120245,0.1911493838
TemporalConvNet / TSN-MLP (global full),global full NN features,Central Asia,2024,9003,187,0.0207708542,0.0348464871,0.9893048128,0.0673216885,0.0006384029,0.2859859656,0.0251756265,0.8790040228,0.0946491588,0.1911493838
TemporalConvNet / TSN-MLP (global full),global full NN features,Central Asia,2025,7618,304,0.039905487,0.0620300752,0.9769736842,0.1166535742,0.0015199569,0.1935917541,0.0151154243,0.8016376308000001,0.1072880243,0.1911493838
TemporalConvNet / TSN-MLP (global full),global full NN features,Eastern Siberia,2021,44639,19789,0.4433119021,0.5204450778,0.9596240336,0.6748760595000001,0.000824493,0.6455098920000001,0.003836436,0.7460979857000001,0.2025951656,0.1911493838
TemporalConvNet / TSN-MLP (global full),global full NN features,Eastern Siberia,2021-2023,82438,22636,0.2745821102,0.3767781956,0.9606379219,0.5412637369000001,0.0015213287,0.5625177426,0.0023631379,0.8113334597,0.1572455604,0.1911493838
TemporalConvNet / TSN-MLP (global full),global full NN features,Eastern Siberia,2021-2025,128260,31267,0.2437782629,0.3410074729,0.9573991748,0.5028937178,0.0009727732,0.5262097103,0.00463472,0.8099977035,0.1516935143,0.1911493838
TemporalConvNet / TSN-MLP (global full),global full NN features,Eastern Siberia,2022,18946,1456,0.0768499947,0.1448952747,0.9835164835,0.2525795926,0.0019267204,0.1689186744,0.0047159966,0.790831633,0.1039290407,0.1911493838
TemporalConvNet / TSN-MLP (global full),global full NN features,Eastern Siberia,2023,18853,1391,0.0737813611,0.1166460942,0.9511143063,0.2078064871,0.0014696879,0.2288471798,0.005391701,0.8164293447000001,0.1034490164,0.1911493838
TemporalConvNet / TSN-MLP (global full),global full NN features,Eastern Siberia,2024,26660,6189,0.2321455364,0.308159814,0.9421554371,0.4644179842,0.0004276938,0.3951916248,0.0036668045,0.7337844355,0.1684620457,0.1911493838
TemporalConvNet / TSN-MLP (global full),global full NN features,Eastern Siberia,2025,19162,2442,0.1274397245,0.2115884833,0.966011466,0.3471414907,0.0021115994,0.5195661702000001,0.0097867372,0.8958057312000001,0.1044777424,0.1911493838
TemporalConvNet / TSN-MLP (global full),global full NN features,Europe,2021,11926,847,0.071021298,0.1507965243,0.9834710744,0.2614974101,0.0041256655,0.3810105391,0.0129543779,0.8904550799000001,0.080974167,0.1911493838
TemporalConvNet / TSN-MLP (global full),global full NN features,Europe,2021-2023,32712,1723,0.0526718024,0.1233321047,0.9709808474,0.2188644689,0.0013171771,0.3779298995,0.0048652592,0.9038283425,0.0701651675,0.1911493838
TemporalConvNet / TSN-MLP (global full),global full NN features,Europe,2021-2025,52062,2848,0.0547040068,0.1251896465,0.9561095506,0.2213911135,0.0017788399,0.337824421,0.0093248615,0.8887809733,0.0719218056,0.1911493838
TemporalConvNet / TSN-MLP (global full),global full NN features,Europe,2022,10330,382,0.0369796709,0.0855769231,0.9319371728,0.1567591369,0.002645027,0.2692175311,0.0208595074,0.874732378,0.0666510401,0.1911493838
TemporalConvNet / TSN-MLP (global full),global full NN features,Europe,2023,10456,494,0.0472456006,0.1247101263,0.979757085,0.2212571429,0.0035613944,0.4639379987,0.0153483317,0.9366349212,0.0613083204,0.1911493838
TemporalConvNet / TSN-MLP (global full),global full NN features,Europe,2024,10472,493,0.0470779221,0.1063291139,0.9371196755,0.1909880116,0.0017004084,0.2872702033,0.0190083754,0.8767259114,0.0705376105,0.1911493838
TemporalConvNet / TSN-MLP (global full),global full NN features,Europe,2025,8878,632,0.0711872043,0.1530851341,0.9303797468,0.2629107981,0.0038523643,0.2763679346,0.0119086891,0.8556009703,0.0800270589,0.1911493838
TemporalConvNet / TSN-MLP (global full),global full NN features,Far East,2021,2141,270,0.1261092947,0.2029897718,0.9555555556,0.3348475016,0.0062360379,0.5038669224,0.0218225959,0.8845101649,0.1096981591,0.1911493838
TemporalConvNet / TSN-MLP (global full),global full NN features,Far East,2021-2023,6484,795,0.1226095003,0.1768430574,0.9836477987,0.2997891509,0.0008996377,0.4394205006,0.0175854397,0.8694523581,0.1241413576,0.1911493838
TemporalConvNet / TSN-MLP (global full),global full NN features,Far East,2021-2025,10457,1230,0.1176245577,0.176419214,0.9853658537,0.2992592593,0.0021190323,0.4220406744,0.0125275844,0.8766963516,0.1182854839,0.1911493838
TemporalConvNet / TSN-MLP (global full),global full NN features,Far East,2022,2076,192,0.0924855491,0.1334259903,1.0,0.2354383814,0.0038564682,0.309612441,0.0391331937,0.8576029503,0.1221197134,0.1911493838
TemporalConvNet / TSN-MLP (global full),global full NN features,Far East,2023,2267,333,0.1468901632,0.1939252336,0.996996997,0.3246943765,0.0031582323,0.4607322922,0.0236567296,0.8549086832,0.1396331181,0.1911493838
TemporalConvNet / TSN-MLP (global full),global full NN features,Far East,2024,2229,298,0.1336922387,0.1869040051,0.9865771812,0.3142704436,0.0037721298,0.3860660962,0.0077787139,0.8588275366,0.1292808291,0.1911493838
TemporalConvNet / TSN-MLP (global full),global full NN features,Far East,2025,1744,137,0.0785550459,0.1554285714,0.9927007299,0.2687747036,0.005771185,0.4342420181,0.0385344828,0.9304956872,0.0824608796,0.1911493838
TemporalConvNet / TSN-MLP (global full),global full NN features,Global,2021,87238,24772,0.2839588253,0.3935933194,0.9627401905,0.5587535875,0.0009668545,0.5867034483,0.0023450805,0.8172375919,0.1571813208,0.1911493838
TemporalConvNet / TSN-MLP (global full),global full NN features,Global,2021-2023,206438,36593,0.1772590318,0.2800806561,0.9603476075,0.4336805213,0.0010184426,0.4882562849,0.0055686839,0.8378833984,0.1268015809,0.1911493838
TemporalConvNet / TSN-MLP (global full),global full NN features,Global,2021-2025,321173,49514,0.1541661348,0.2482469117,0.9387647938,0.3926590779,0.0017526012,0.449225184,0.0026229453,0.82967642,0.1210734064,0.1911493838
TemporalConvNet / TSN-MLP (global full),global full NN features,Global,2022,58312,4923,0.0844251612,0.152605703,0.9457647776,0.2628058589,0.0011561656,0.2614309926,0.0043096748,0.8219723851,0.1008577512,0.1911493838
TemporalConvNet / TSN-MLP (global full),global full NN features,Global,2023,60888,6898,0.113289975,0.193115689,0.9621629458,0.3216691707,0.001586265,0.346785849,0.0082125972,0.8330352310000001,0.1081208696,0.1911493838
TemporalConvNet / TSN-MLP (global full),global full NN features,Global,2024,65063,9134,0.1403870095,0.2132258153,0.8511057587,0.3410172614,0.0018940354,0.3201186026,0.0063153462,0.7545552207,0.1276175895,0.1911493838
TemporalConvNet / TSN-MLP (global full),global full NN features,Global,2025,49672,3787,0.0762401353,0.1408873612,0.9416424611,0.2451027562,0.002042052,0.408597266,0.0041372426,0.8756906733,0.0886950629,0.1911493838
TemporalConvNet embedding fusion (global full),global full NN features,Central Asia,2021,10197,903,0.08855545748749633,0.15030408340573415,0.9579180509413068,0.25983778912586364,0.0031147467977532483,0.3974115300143414,0.014680344411311348,0.8416699017048831,0.09372508706055366,0.16722270846366882
TemporalConvNet embedding fusion (global full),global full NN features,Central Asia,2021-2023,29340,2012,0.06857532379004772,0.12699141152560153,0.9627236580516899,0.2243845931074428,0.0011514114960528704,0.34530629476391417,0.01378804534131485,0.858715525567322,0.08320997583246378,0.16722270846366882
TemporalConvNet embedding fusion (global full),global full NN features,Central Asia,2021-2025,45961,2503,0.05445921542177063,0.1050514871613559,0.9496604075109868,0.18917628332670117,0.0006184107019881093,0.3118860141768509,0.010983144691864058,0.859819507492569,0.07612815655804271,0.16722270846366882
TemporalConvNet embedding fusion (global full),global full NN features,Central Asia,2022,9862,698,0.07077671871831272,0.13887179487179488,0.9699140401146131,0.2429571146599677,0.003388190087863667,0.4153605770296358,0.01957298456243598,0.8764950428923945,0.07838089800138794,0.16722270846366882
TemporalConvNet embedding fusion (global full),global full NN features,Central Asia,2023,9281,411,0.044284021118413966,0.0854423534501406,0.9610705596107056,0.15693285657528805,0.0024682122808205166,0.19143652285263563,0.006841188949583732,0.8567272058964716,0.07678844543457963,0.16722270846366882
TemporalConvNet embedding fusion (global full),global full NN features,Central Asia,2024,9003,187,0.020770854159724537,0.044427123928293066,0.9144385026737968,0.08473736372646185,0.0013077345752688103,0.23123247368331556,0.01142895563451134,0.8926853945670001,0.05745137232858786,0.16722270846366882
TemporalConvNet embedding fusion (global full),global full NN features,Central Asia,2025,7618,304,0.039905487004463114,0.07631205673758865,0.8848684210526315,0.14050665970227214,0.0018608904180312232,0.19189362041204072,0.016021360429820504,0.808473385576328,0.0709255457555051,0.16722270846366882
TemporalConvNet embedding fusion (global full),global full NN features,Eastern Siberia,2021,44639,19789,0.4433119021483456,0.596877136995669,0.7939259184395371,0.6814426058857973,0.002091686763333554,0.650583241510359,0.002924914371686702,0.7466583949601902,0.24403351092752562,0.16722270846366882
TemporalConvNet embedding fusion (global full),global full NN features,Eastern Siberia,2021-2023,82438,22636,0.2745821101919018,0.45825384796299684,0.7746951758261177,0.5758665418780684,0.001283712427078681,0.53463111255832,0.0035502817173800457,0.7851254759041411,0.16784909697231123,0.16722270846366882
TemporalConvNet embedding fusion (global full),global full NN features,Eastern Siberia,2021-2025,128260,31267,0.24377826290347732,0.41265971456027334,0.7416445453673202,0.5302706349115606,0.0012891834241741177,0.4839611262942112,0.002821393469723045,0.773302308419417,0.15745550464098435,0.16722270846366882
TemporalConvNet embedding fusion (global full),global full NN features,Eastern Siberia,2022,18946,1456,0.07684999472184102,0.1576050700466978,0.6490384615384616,0.2536231884057971,0.004020314984459457,0.19922731955705297,0.005338141204523894,0.77751719585446,0.07755483571658205,0.16722270846366882
TemporalConvNet embedding fusion (global full),global full NN features,Eastern Siberia,2023,18853,1391,0.07378136105659577,0.1479240208438393,0.6326383896477354,0.23978201634877383,0.0043890113558517,0.1410542832094715,0.0012803492247685949,0.7203585174289517,0.07820389563587812,0.16722270846366882
TemporalConvNet embedding fusion (global full),global full NN features,Eastern Siberia,2024,26660,6189,0.23214553638409602,0.3196914700544465,0.5692357408305058,0.4094369225405311,0.003755642520787262,0.33563257191386814,0.006025098281111384,0.6653753846471265,0.17653059526716358,0.16722270846366882
TemporalConvNet embedding fusion (global full),global full NN features,Eastern Siberia,2025,19162,2442,0.12743972445464982,0.30838280005791224,0.8722358722358723,0.4556637073483795,0.007340253098114891,0.45152635991529483,0.010498722618363859,0.8682865934660192,0.08620151859026641,0.16722270846366882
TemporalConvNet embedding fusion (global full),global full NN features,Europe,2021,11926,847,0.07102129800436022,0.16977522716403634,0.8382526564344747,0.28236229866772716,0.00601243504247525,0.2869618613528472,0.020572223399128904,0.8521422779601643,0.06671556375104762,0.16722270846366882
TemporalConvNet embedding fusion (global full),global full NN features,Europe,2021-2023,32712,1723,0.052671802396674,0.14152202937249667,0.861288450377249,0.24309935293635843,0.003578868309487133,0.2727915074785011,0.00789577202878655,0.8705121939904649,0.05661650677542844,0.16722270846366882
TemporalConvNet embedding fusion (global full),global full NN features,Europe,2021-2025,52062,2848,0.05470400676116938,0.14630441133508618,0.8792134831460674,0.2508640985823774,0.001966250415466329,0.2769070205453504,0.01335871597720778,0.8703860751405351,0.05845392481326615,0.16722270846366882
TemporalConvNet embedding fusion (global full),global full NN features,Europe,2022,10330,382,0.036979670861568247,0.09976798143851508,0.7879581151832461,0.17711091497499265,0.007203406881644888,0.2659380442279885,0.026838788554515,0.8569290678017839,0.049749624512025956,0.16722270846366882
TemporalConvNet embedding fusion (global full),global full NN features,Europe,2023,10456,494,0.04724560061208875,0.14390021296014602,0.9574898785425101,0.25019836022216346,0.005081042328204848,0.28841035072512977,0.013707446848806008,0.9076951931509778,0.051881765028078876,0.16722270846366882
TemporalConvNet embedding fusion (global full),global full NN features,Europe,2024,10472,493,0.04707792207792208,0.13214814814814815,0.9046653144016227,0.23061013443640124,0.0025670300515873855,0.2591246974841226,0.00694356593073824,0.8795474553357181,0.05519563045147971,0.16722270846366882
TemporalConvNet embedding fusion (global full),global full NN features,Europe,2025,8878,632,0.07118720432529849,0.17639827904118008,0.9082278481012658,0.29541945445187856,0.0060156810397280274,0.30688764470434693,0.00779762057408727,0.8594510341799783,0.06906740503520521,0.16722270846366882
TemporalConvNet embedding fusion (global full),global full NN features,Far East,2021,2141,270,0.12610929472209248,0.2687427912341407,0.8629629629629629,0.4098504837291117,0.007881980692169485,0.4773288489810549,0.01155751670622845,0.8568363125284558,0.08698986744007374,0.16722270846366882
TemporalConvNet embedding fusion (global full),global full NN features,Far East,2021-2023,6484,795,0.12260950030845158,0.22558693433140525,0.8339622641509434,0.35511515800749865,0.004802746373364428,0.30762509289919215,0.013366577832983173,0.7843262568943046,0.10305805969249568,0.16722270846366882
TemporalConvNet embedding fusion (global full),global full NN features,Far East,2021-2025,10457,1230,0.11762455771253706,0.22368990905153746,0.8398373983739837,0.3532831737346101,0.0027883638511012484,0.32752958045712566,0.015118431228111233,0.8029126696924279,0.09813863409966307,0.16722270846366882
TemporalConvNet embedding fusion (global full),global full NN features,Far East,2022,2076,192,0.09248554913294797,0.20572207084468666,0.7864583333333334,0.326133909287257,0.005138944468656812,0.2425229792331057,0.015104549470529593,0.8010300557324841,0.08224480167534921,0.16722270846366882
TemporalConvNet embedding fusion (global full),global full NN features,Far East,2023,2267,333,0.14689016321129245,0.2085201793721973,0.8378378378378378,0.3339317773788151,0.006012824517232679,0.2262075345201653,0.013420615241968447,0.6713528419836591,0.13729287365633844,0.16722270846366882
TemporalConvNet embedding fusion (global full),global full NN features,Far East,2024,2229,298,0.13369223867205024,0.22765598650927488,0.9060402684563759,0.3638814016172507,0.010128451865635718,0.3711068742490354,0.0295964111275696,0.8109752918646318,0.10988808208259751,0.16722270846366882
TemporalConvNet embedding fusion (global full),global full NN features,Far East,2025,1744,137,0.07855504587155963,0.2028397565922921,0.7299270072992701,0.31746031746031744,0.01824232174474661,0.36051054368206553,0.0593019651515672,0.8529562725121389,0.06483182498390189,0.16722270846366882
TemporalConvNet embedding fusion (global full),global full NN features,Global,2021,87238,24772,0.28395882528256033,0.4503192848020434,0.7828596802841918,0.5717528782227987,0.0017677725432726863,0.5399716620174626,0.0039785590926150185,0.7760130156049522,0.17215310189087182,0.16722270846366882
TemporalConvNet embedding fusion (global full),global full NN features,Global,2021-2023,206438,36593,0.17725903176740718,0.32669414474481756,0.7364523269477768,0.45260868469890747,0.004189963847540688,0.4164518568724018,0.00427406078254569,0.7797392827355017,0.12458823094209645,0.16722270846366882
TemporalConvNet embedding fusion (global full),global full NN features,Global,2021-2025,321173,49514,0.15416613476226207,0.29154555373249935,0.7069717655612554,0.4128410612037905,0.0025191531090191267,0.3727605616210954,0.003698288244023112,0.7737681881194544,0.11465919161761504,0.16722270846366882
TemporalConvNet embedding fusion (global full),global full NN features,Global,2022,58312,4923,0.08442516120181094,0.1844532279314888,0.7109486085720089,0.29291154071470415,0.0019815622878596884,0.2745177725565288,0.0034536396627342365,0.7988631663081305,0.07743304422518721,0.16722270846366882
TemporalConvNet embedding fusion (global full),global full NN features,Global,2023,60888,6898,0.11328997503613192,0.19833740831295843,0.5879965207306466,0.2966213251426064,0.004644779021603706,0.23914887309694027,0.004256941835645905,0.7024922371877013,0.1015992846145303,0.16722270846366882
TemporalConvNet embedding fusion (global full),global full NN features,Global,2024,65063,9134,0.1403870095138558,0.22322087020648967,0.5302167724983577,0.3141745053519299,0.002468081862665393,0.24912026484227914,0.0037937830106821928,0.6983165753846872,0.11951651755725884,0.16722270846366882
TemporalConvNet embedding fusion (global full),global full NN features,Global,2025,49672,3787,0.07624013528748591,0.20231723443108116,0.8484288354898336,0.3267236119585113,0.0020329942331142286,0.32263831480354577,0.006689059277744534,0.8571560846640774,0.06703148953840857,0.16722270846366882
Weather-only CatBoost,meteorology/history features only,Central Asia,2021,10197,903,0.0885554575,0.1338994121,0.6810631229,0.2237991266,0.0017083482,0.1143771948,0.0013734858,0.6289659602000001,0.246017983,0.500519092
Weather-only CatBoost,meteorology/history features only,Central Asia,2021-2023,29340,2012,0.0685753238,0.091814346,0.5407554672,0.1569759054,0.0010040621,0.0837018015,0.0008116484,0.6053380664,0.2455961706,0.500519092
Weather-only CatBoost,meteorology/history features only,Central Asia,2021-2025,45961,2503,0.0544592154,0.075025871,0.5213743508,0.1311755541,0.0022775325,0.0697768633,0.001049915,0.6203237463,0.2453696427,0.500519092
Weather-only CatBoost,meteorology/history features only,Central Asia,2022,9862,698,0.0707767187,0.0632200886,0.3065902579,0.1048248837,0.0062034804,0.0807215283,0.0014171225,0.561952667,0.2452953907,0.500519092
Weather-only CatBoost,meteorology/history features only,Central Asia,2023,9281,411,0.0442840211,0.0668904959,0.6301703163,0.1209432641,0.0042811531,0.0606309436,0.0021871636,0.6281936707,0.245452336,0.500519092
Weather-only CatBoost,meteorology/history features only,Central Asia,2024,9003,187,0.0207708542,0.0313768918,0.4545454545,0.0587016575,0.0032185482,0.0329529694,0.0007341316,0.6858686079,0.2443599782,0.500519092
Weather-only CatBoost,meteorology/history features only,Central Asia,2025,7618,304,0.039905487,0.0465608466,0.4342105263,0.0841032176,0.0031201266,0.0540103038,0.0029045814,0.6099185232000001,0.2456904198,0.500519092
Weather-only CatBoost,meteorology/history features only,Eastern Siberia,2021,44639,19789,0.4433119021,0.5693992491000001,0.919601799,0.7033179385,0.0026099526,0.6199695229000001,0.0031296922,0.7364041554,0.2469868544,0.500519092
Weather-only CatBoost,meteorology/history features only,Eastern Siberia,2021-2023,82438,22636,0.2745821102,0.4419893176,0.8810302174,0.5886624260000001,0.0013549854,0.5144942533,0.0023081087,0.7932338133,0.2457790773,0.500519092
Weather-only CatBoost,meteorology/history features only,Eastern Siberia,2021-2025,128260,31267,0.2437782629,0.3922233002,0.8404068187,0.5348354399,0.0026694089,0.460139488,0.0050000683,0.7747588072,0.2459084163,0.500519092
Weather-only CatBoost,meteorology/history features only,Eastern Siberia,2022,18946,1456,0.0768499947,0.1344911147,0.4574175824,0.2078651685,0.002967721,0.1282276975,0.001522516,0.6964679581000001,0.2435540911,0.500519092
Weather-only CatBoost,meteorology/history features only,Eastern Siberia,2023,18853,1391,0.0737813611,0.1314411012,0.7757009346,0.2247916667,0.0037168077,0.1604132251,0.0033877905,0.7494807046,0.2451553373,0.500519092
Weather-only CatBoost,meteorology/history features only,Eastern Siberia,2024,26660,6189,0.2321455364,0.3145566892,0.7073840685,0.4354702342,0.0017702556,0.3282073863,0.0020123336,0.6642812769,0.246697661,0.500519092
Weather-only CatBoost,meteorology/history features only,Eastern Siberia,2025,19162,2442,0.1274397245,0.245852187,0.8009828010000001,0.3762261973,0.002835651,0.3421862114,0.0026792772,0.7914559160000001,0.2453667812,0.500519092
Weather-only CatBoost,meteorology/history features only,Europe,2021,11926,847,0.071021298,0.1939431019,0.7485242031,0.3080660836,0.0082777892,0.1764579649,0.0065501547,0.7820930885,0.2431440968,0.500519092
Weather-only CatBoost,meteorology/history features only,Europe,2021-2023,32712,1723,0.0526718024,0.1338368206,0.6273940801,0.2206122449,0.0043226761,0.1148747474,0.0022803649,0.7449840242,0.2424624889,0.500519092
Weather-only CatBoost,meteorology/history features only,Europe,2021-2025,52062,2848,0.0547040068,0.1358392543,0.6242977528,0.2231285687,0.0032891077,0.1176132647,0.002130647,0.745674892,0.2428314415,0.500519092
Weather-only CatBoost,meteorology/history features only,Europe,2022,10330,382,0.0369796709,0.073283859,0.4136125654,0.1245074862,0.0081716187,0.0684635437,0.0087358536,0.689642818,0.2417809612,0.500519092
Weather-only CatBoost,meteorology/history features only,Europe,2023,10456,494,0.0472456006,0.108974359,0.5850202429,0.1837253655,0.0082242983,0.0933993372,0.0043203642,0.7195934633000001,0.2423583693,0.500519092
Weather-only CatBoost,meteorology/history features only,Europe,2024,10472,493,0.0470779221,0.1093102149,0.5882352941,0.1843610935,0.0065535703,0.0975969627,0.0031234671,0.7472724161000001,0.2429663974,0.500519092
Weather-only CatBoost,meteorology/history features only,Europe,2025,8878,632,0.0711872043,0.1725307334,0.6439873418000001,0.2721497827,0.0111040349,0.150511743,0.0070067671,0.7431070339,0.2440317023,0.500519092
Weather-only CatBoost,meteorology/history features only,Far East,2021,2141,270,0.1261092947,0.1763727121,0.3925925926,0.2433983927,0.0236356755,0.2309551898,0.0117390596,0.6966931924,0.2451720541,0.500519092
Weather-only CatBoost,meteorology/history features only,Far East,2021-2023,6484,795,0.1226095003,0.258286429,0.5194968553,0.3450292398,0.0137553043,0.2408471059,0.006607543,0.7371826464,0.2442376282,0.500519092
Weather-only CatBoost,meteorology/history features only,Far East,2021-2025,10457,1230,0.1176245577,0.2313341493,0.4609756098,0.3080684597,0.0089648155,0.2082782965,0.005872017,0.6995410694,0.2442261691,0.500519092
Weather-only CatBoost,meteorology/history features only,Far East,2022,2076,192,0.0924855491,0.2215909091,0.40625,0.2867647059,0.0086720625,0.1771064795,0.0036047612,0.6820663593,0.243361257,0.500519092
Weather-only CatBoost,meteorology/history features only,Far East,2023,2267,333,0.1468901632,0.3544891641,0.6876876877,0.4678243105,0.0078716917,0.3232688399,0.0041047597,0.793580033,0.2441576726,0.500519092
Weather-only CatBoost,meteorology/history features only,Far East,2024,2229,298,0.1336922387,0.1804195804,0.432885906,0.2546890424,0.0172521332,0.1648723723,0.0066786675,0.5974249181,0.2454456476,0.500519092
Weather-only CatBoost,meteorology/history features only,Far East,2025,1744,137,0.0785550459,0.1824817518,0.1824817518,0.1824817518,0.0214728486,0.1399045901,0.0108992765,0.6136587648,0.2426249544,0.500519092
Weather-only CatBoost,meteorology/history features only,Global,2021,87238,24772,0.2839588253,0.4509582864,0.8880994671,0.5981755645,0.0028140417,0.5164956173,0.003656725,0.7845983245,0.2457671819,0.500519092
Weather-only CatBoost,meteorology/history features only,Global,2021-2023,206438,36593,0.1772590318,0.3264079148,0.8204574645,0.4670187364,0.0027167674,0.3835507473,0.004800826,0.7861398326,0.2448329553,0.500519092
Weather-only CatBoost,meteorology/history features only,Global,2021-2025,321173,49514,0.1541661348,0.2879690771,0.794441976,0.422713205,0.0007543772,0.3422214798,0.0035962832,0.7776144578,0.2447989231,0.500519092
Weather-only CatBoost,meteorology/history features only,Global,2022,58312,4923,0.0844251612,0.1433256064,0.5149299208,0.2242370632,0.0017722392,0.1366500526,0.0009118681,0.6881405665,0.2437057151,0.500519092
Weather-only CatBoost,meteorology/history features only,Global,2023,60888,6898,0.113289975,0.2151481888,0.7955929255,0.3387027094,0.0019023132,0.2354038091,0.001664512,0.7610396506,0.2445739809,0.500519092
Weather-only CatBoost,meteorology/history features only,Global,2024,65063,9134,0.1403870095,0.2471509972,0.7218086271,0.3682211673,0.0029198449,0.2858492689,0.002530846,0.7383584973,0.244767036,0.500519092
Weather-only CatBoost,meteorology/history features only,Global,2025,49672,3787,0.0762401353,0.1515995987,0.7182466332,0.2503566662,0.0020436217,0.1818851495,0.0037733852,0.7490495938,0.2446992519,0.500519092
